--
-- PostgreSQL database dump
--

-- Dumped from database version 14.18 (Ubuntu 14.18-0ubuntu0.22.04.1)
-- Dumped by pg_dump version 14.18 (Ubuntu 14.18-0ubuntu0.22.04.1)

SET statement_timeout = 0;
SET lock_timeout = 0;
SET idle_in_transaction_session_timeout = 0;
SET client_encoding = 'UTF8';
SET standard_conforming_strings = on;
SELECT pg_catalog.set_config('search_path', '', false);
SET check_function_bodies = false;
SET xmloption = content;
SET client_min_messages = warning;
SET row_security = off;

SET default_tablespace = '';

SET default_table_access_method = heap;

--
-- Name: accounts_aboutcompany; Type: TABLE; Schema: public; Owner: thomas
--

CREATE TABLE public.accounts_aboutcompany (
    address_one character varying(300),
    address_two character varying(300),
    city character varying(300),
    province character varying(300),
    country character varying(300) NOT NULL,
    zipcode bigint,
    address_id character varying(300),
    phone character varying(15),
    facebook character varying(200),
    twitter character varying(200),
    instagram character varying(200),
    "linkedIn" character varying(200),
    id uuid NOT NULL,
    created timestamp with time zone NOT NULL,
    updated timestamp with time zone NOT NULL,
    title character varying(300),
    slug character varying(300) NOT NULL,
    email character varying(254),
    slogan character varying(300),
    small_description text,
    mission text,
    vision text
);


ALTER TABLE public.accounts_aboutcompany OWNER TO thomas;

--
-- Name: accounts_account; Type: TABLE; Schema: public; Owner: thomas
--

CREATE TABLE public.accounts_account (
    id bigint NOT NULL,
    password character varying(128) NOT NULL,
    last_login timestamp with time zone,
    is_superuser boolean NOT NULL,
    username character varying(150) NOT NULL,
    first_name character varying(150) NOT NULL,
    last_name character varying(150) NOT NULL,
    email character varying(254) NOT NULL,
    is_staff boolean NOT NULL,
    is_active boolean NOT NULL,
    date_joined timestamp with time zone NOT NULL,
    address_one character varying(300),
    address_two character varying(300),
    city character varying(300),
    province character varying(300),
    country character varying(300) NOT NULL,
    zipcode bigint,
    address_id character varying(300),
    phone character varying(15),
    facebook character varying(200),
    twitter character varying(200),
    instagram character varying(200),
    "linkedIn" character varying(200),
    profile_image character varying(100),
    title character varying(30) NOT NULL,
    maiden_name character varying(300),
    biography text NOT NULL,
    is_technical boolean NOT NULL,
    is_email_activated boolean NOT NULL,
    is_paid character varying(40) NOT NULL,
    created timestamp with time zone NOT NULL,
    updated timestamp with time zone NOT NULL,
    subscription_id uuid,
    subscription_ends timestamp with time zone,
    subscription_starts timestamp with time zone
);


ALTER TABLE public.accounts_account OWNER TO thomas;

--
-- Name: accounts_account_groups; Type: TABLE; Schema: public; Owner: thomas
--

CREATE TABLE public.accounts_account_groups (
    id bigint NOT NULL,
    account_id bigint NOT NULL,
    group_id integer NOT NULL
);


ALTER TABLE public.accounts_account_groups OWNER TO thomas;

--
-- Name: accounts_account_groups_id_seq; Type: SEQUENCE; Schema: public; Owner: thomas
--

ALTER TABLE public.accounts_account_groups ALTER COLUMN id ADD GENERATED BY DEFAULT AS IDENTITY (
    SEQUENCE NAME public.accounts_account_groups_id_seq
    START WITH 1
    INCREMENT BY 1
    NO MINVALUE
    NO MAXVALUE
    CACHE 1
);


--
-- Name: accounts_account_id_seq; Type: SEQUENCE; Schema: public; Owner: thomas
--

ALTER TABLE public.accounts_account ALTER COLUMN id ADD GENERATED BY DEFAULT AS IDENTITY (
    SEQUENCE NAME public.accounts_account_id_seq
    START WITH 1
    INCREMENT BY 1
    NO MINVALUE
    NO MAXVALUE
    CACHE 1
);


--
-- Name: accounts_account_user_permissions; Type: TABLE; Schema: public; Owner: thomas
--

CREATE TABLE public.accounts_account_user_permissions (
    id bigint NOT NULL,
    account_id bigint NOT NULL,
    permission_id integer NOT NULL
);


ALTER TABLE public.accounts_account_user_permissions OWNER TO thomas;

--
-- Name: accounts_account_user_permissions_id_seq; Type: SEQUENCE; Schema: public; Owner: thomas
--

ALTER TABLE public.accounts_account_user_permissions ALTER COLUMN id ADD GENERATED BY DEFAULT AS IDENTITY (
    SEQUENCE NAME public.accounts_account_user_permissions_id_seq
    START WITH 1
    INCREMENT BY 1
    NO MINVALUE
    NO MAXVALUE
    CACHE 1
);


--
-- Name: accounts_subscriptionorder; Type: TABLE; Schema: public; Owner: thomas
--

CREATE TABLE public.accounts_subscriptionorder (
    id uuid NOT NULL,
    created timestamp with time zone NOT NULL,
    updated timestamp with time zone NOT NULL,
    payment_method_type character varying(50),
    payment_method_card_holder character varying(50),
    payment_method_masked_card character varying(50),
    payment_method_scheme character varying(50),
    payment_date character varying(50),
    order_id character varying(150) NOT NULL,
    vat numeric(1000,2) NOT NULL,
    total_amount numeric(1000,2) NOT NULL,
    checkout_id character varying(200),
    payment_status character varying(40) NOT NULL,
    package_id uuid,
    subscriber_id bigint,
    client_address_one character varying(300),
    client_address_two character varying(300),
    client_city character varying(300),
    client_country character varying(300) NOT NULL,
    client_email character varying(254),
    client_first_name character varying(250),
    client_last_name character varying(250),
    client_phone character varying(15),
    client_province character varying(300),
    client_zipcode bigint,
    discount numeric(1000,2) NOT NULL,
    checkout_details text
);


ALTER TABLE public.accounts_subscriptionorder OWNER TO thomas;

--
-- Name: accounts_subscriptionpackage; Type: TABLE; Schema: public; Owner: thomas
--

CREATE TABLE public.accounts_subscriptionpackage (
    id uuid NOT NULL,
    created timestamp with time zone NOT NULL,
    updated timestamp with time zone NOT NULL,
    title character varying(250) NOT NULL,
    amount numeric(1000,2) NOT NULL,
    details text NOT NULL,
    max_businesses integer NOT NULL,
    max_services_per_business integer NOT NULL,
    max_products_per_business integer NOT NULL
);


ALTER TABLE public.accounts_subscriptionpackage OWNER TO thomas;

--
-- Name: accounts_walletmodel; Type: TABLE; Schema: public; Owner: thomas
--

CREATE TABLE public.accounts_walletmodel (
    id uuid NOT NULL,
    created timestamp with time zone NOT NULL,
    updated timestamp with time zone NOT NULL,
    name character varying(250) NOT NULL,
    balance numeric(1000,2) NOT NULL,
    status character varying(150) NOT NULL,
    cleared_date timestamp with time zone NOT NULL,
    owner_id bigint NOT NULL
);


ALTER TABLE public.accounts_walletmodel OWNER TO thomas;

--
-- Name: auth_group; Type: TABLE; Schema: public; Owner: thomas
--

CREATE TABLE public.auth_group (
    id integer NOT NULL,
    name character varying(150) NOT NULL
);


ALTER TABLE public.auth_group OWNER TO thomas;

--
-- Name: auth_group_id_seq; Type: SEQUENCE; Schema: public; Owner: thomas
--

ALTER TABLE public.auth_group ALTER COLUMN id ADD GENERATED BY DEFAULT AS IDENTITY (
    SEQUENCE NAME public.auth_group_id_seq
    START WITH 1
    INCREMENT BY 1
    NO MINVALUE
    NO MAXVALUE
    CACHE 1
);


--
-- Name: auth_group_permissions; Type: TABLE; Schema: public; Owner: thomas
--

CREATE TABLE public.auth_group_permissions (
    id bigint NOT NULL,
    group_id integer NOT NULL,
    permission_id integer NOT NULL
);


ALTER TABLE public.auth_group_permissions OWNER TO thomas;

--
-- Name: auth_group_permissions_id_seq; Type: SEQUENCE; Schema: public; Owner: thomas
--

ALTER TABLE public.auth_group_permissions ALTER COLUMN id ADD GENERATED BY DEFAULT AS IDENTITY (
    SEQUENCE NAME public.auth_group_permissions_id_seq
    START WITH 1
    INCREMENT BY 1
    NO MINVALUE
    NO MAXVALUE
    CACHE 1
);


--
-- Name: auth_permission; Type: TABLE; Schema: public; Owner: thomas
--

CREATE TABLE public.auth_permission (
    id integer NOT NULL,
    name character varying(255) NOT NULL,
    content_type_id integer NOT NULL,
    codename character varying(100) NOT NULL
);


ALTER TABLE public.auth_permission OWNER TO thomas;

--
-- Name: auth_permission_id_seq; Type: SEQUENCE; Schema: public; Owner: thomas
--

ALTER TABLE public.auth_permission ALTER COLUMN id ADD GENERATED BY DEFAULT AS IDENTITY (
    SEQUENCE NAME public.auth_permission_id_seq
    START WITH 1
    INCREMENT BY 1
    NO MINVALUE
    NO MAXVALUE
    CACHE 1
);


--
-- Name: bbgi_home_accreditation; Type: TABLE; Schema: public; Owner: thomas
--

CREATE TABLE public.bbgi_home_accreditation (
    id uuid NOT NULL,
    created timestamp with time zone NOT NULL,
    updated timestamp with time zone NOT NULL,
    logo character varying(100),
    accreditation character varying(350) NOT NULL
);


ALTER TABLE public.bbgi_home_accreditation OWNER TO thomas;

--
-- Name: bbgi_home_blog; Type: TABLE; Schema: public; Owner: thomas
--

CREATE TABLE public.bbgi_home_blog (
    id uuid NOT NULL,
    created timestamp with time zone NOT NULL,
    updated timestamp with time zone NOT NULL,
    image character varying(100),
    title character varying(150) NOT NULL,
    description character varying(200) NOT NULL,
    slug character varying(250) NOT NULL,
    content text NOT NULL,
    author_id bigint,
    category_id uuid NOT NULL
);


ALTER TABLE public.bbgi_home_blog OWNER TO thomas;

--
-- Name: bbgi_home_blogcategory; Type: TABLE; Schema: public; Owner: thomas
--

CREATE TABLE public.bbgi_home_blogcategory (
    id uuid NOT NULL,
    created timestamp with time zone NOT NULL,
    updated timestamp with time zone NOT NULL,
    thumbnail character varying(100),
    slug character varying(350) NOT NULL,
    label character varying(250) NOT NULL
);


ALTER TABLE public.bbgi_home_blogcategory OWNER TO thomas;

--
-- Name: bbgi_home_comment; Type: TABLE; Schema: public; Owner: thomas
--

CREATE TABLE public.bbgi_home_comment (
    id uuid NOT NULL,
    created timestamp with time zone NOT NULL,
    updated timestamp with time zone NOT NULL,
    comment text NOT NULL,
    commenter_id bigint,
    post_id uuid NOT NULL
);


ALTER TABLE public.bbgi_home_comment OWNER TO thomas;

--
-- Name: bbgi_home_emailmodel; Type: TABLE; Schema: public; Owner: thomas
--

CREATE TABLE public.bbgi_home_emailmodel (
    id uuid NOT NULL,
    created timestamp with time zone NOT NULL,
    updated timestamp with time zone NOT NULL,
    subject character varying(70) NOT NULL,
    from_email character varying(254) NOT NULL,
    name character varying(100) NOT NULL,
    phone character varying(15) NOT NULL,
    message text NOT NULL,
    task_id character varying(200) NOT NULL
);


ALTER TABLE public.bbgi_home_emailmodel OWNER TO thomas;

--
-- Name: bbgi_home_faq; Type: TABLE; Schema: public; Owner: thomas
--

CREATE TABLE public.bbgi_home_faq (
    id uuid NOT NULL,
    created timestamp with time zone NOT NULL,
    updated timestamp with time zone NOT NULL,
    question character varying(250) NOT NULL,
    answer character varying(550) NOT NULL
);


ALTER TABLE public.bbgi_home_faq OWNER TO thomas;

--
-- Name: bbgi_home_member; Type: TABLE; Schema: public; Owner: thomas
--

CREATE TABLE public.bbgi_home_member (
    id uuid NOT NULL,
    created timestamp with time zone NOT NULL,
    updated timestamp with time zone NOT NULL,
    image character varying(100),
    full_names character varying(250) NOT NULL,
    slug character varying(350) NOT NULL,
    role character varying(250) NOT NULL,
    decription text
);


ALTER TABLE public.bbgi_home_member OWNER TO thomas;

--
-- Name: bbgi_home_privacy; Type: TABLE; Schema: public; Owner: thomas
--

CREATE TABLE public.bbgi_home_privacy (
    id uuid NOT NULL,
    created timestamp with time zone NOT NULL,
    updated timestamp with time zone NOT NULL,
    title character varying(150) NOT NULL,
    slug character varying(250) NOT NULL,
    description character varying(160) NOT NULL,
    content text NOT NULL
);


ALTER TABLE public.bbgi_home_privacy OWNER TO thomas;

--
-- Name: bbgi_home_review; Type: TABLE; Schema: public; Owner: thomas
--

CREATE TABLE public.bbgi_home_review (
    id uuid NOT NULL,
    created timestamp with time zone NOT NULL,
    updated timestamp with time zone NOT NULL,
    logo character varying(100),
    reviewer character varying(350) NOT NULL,
    review text NOT NULL
);


ALTER TABLE public.bbgi_home_review OWNER TO thomas;

--
-- Name: bbgi_home_sponsor; Type: TABLE; Schema: public; Owner: thomas
--

CREATE TABLE public.bbgi_home_sponsor (
    id uuid NOT NULL,
    created timestamp with time zone NOT NULL,
    updated timestamp with time zone NOT NULL,
    logo character varying(100),
    sponsor character varying(350) NOT NULL,
    decription text
);


ALTER TABLE public.bbgi_home_sponsor OWNER TO thomas;

--
-- Name: campaigns_campaigncontent; Type: TABLE; Schema: public; Owner: thomas
--

CREATE TABLE public.campaigns_campaigncontent (
    id uuid NOT NULL,
    created timestamp with time zone NOT NULL,
    updated timestamp with time zone NOT NULL,
    image character varying(100) NOT NULL,
    campaign_id uuid NOT NULL
);


ALTER TABLE public.campaigns_campaigncontent OWNER TO thomas;

--
-- Name: campaigns_campaignmodel; Type: TABLE; Schema: public; Owner: thomas
--

CREATE TABLE public.campaigns_campaignmodel (
    id uuid NOT NULL,
    created timestamp with time zone NOT NULL,
    updated timestamp with time zone NOT NULL,
    image character varying(100),
    title character varying(150) NOT NULL,
    slug character varying(250) NOT NULL,
    details text NOT NULL,
    target numeric(1000,2) NOT NULL,
    current_amount numeric(1000,2) NOT NULL,
    start_date timestamp with time zone NOT NULL,
    end_date timestamp with time zone NOT NULL,
    status character varying(50) NOT NULL,
    is_featured boolean NOT NULL,
    category_id uuid NOT NULL,
    organiser_id bigint NOT NULL,
    alternative_phone character varying(15),
    campaign_address character varying(300),
    email character varying(254),
    facebook character varying(200),
    instagram character varying(200),
    "linkedIn" character varying(200),
    map_coordinates character varying(300),
    phone character varying(15),
    small_description text,
    twitter character varying(200),
    website character varying(200)
);


ALTER TABLE public.campaigns_campaignmodel OWNER TO thomas;

--
-- Name: campaigns_campaignreview; Type: TABLE; Schema: public; Owner: thomas
--

CREATE TABLE public.campaigns_campaignreview (
    id uuid NOT NULL,
    created timestamp with time zone NOT NULL,
    updated timestamp with time zone NOT NULL,
    rating_value integer NOT NULL,
    commenter_email character varying(254) NOT NULL,
    commenter_full_names character varying(300) NOT NULL,
    comment_title character varying(250) NOT NULL,
    comment text NOT NULL,
    campaign_id uuid NOT NULL,
    commenter_id bigint
);


ALTER TABLE public.campaigns_campaignreview OWNER TO thomas;

--
-- Name: campaigns_campaignupdatemodel; Type: TABLE; Schema: public; Owner: thomas
--

CREATE TABLE public.campaigns_campaignupdatemodel (
    id uuid NOT NULL,
    updated timestamp with time zone NOT NULL,
    title character varying(250) NOT NULL,
    content text NOT NULL,
    created timestamp with time zone NOT NULL,
    campaign_id uuid NOT NULL
);


ALTER TABLE public.campaigns_campaignupdatemodel OWNER TO thomas;

--
-- Name: campaigns_contributionmodel; Type: TABLE; Schema: public; Owner: thomas
--

CREATE TABLE public.campaigns_contributionmodel (
    id uuid NOT NULL,
    created timestamp with time zone NOT NULL,
    updated timestamp with time zone NOT NULL,
    payment_method_type character varying(50),
    payment_method_card_holder character varying(50),
    payment_method_masked_card character varying(50),
    payment_method_scheme character varying(50),
    payment_date character varying(50),
    order_number character varying(300) NOT NULL,
    checkout_id character varying(200),
    amount numeric(1000,2) NOT NULL,
    tip character varying(25) NOT NULL,
    total_amount numeric(1000,2) NOT NULL,
    accepted_laws boolean NOT NULL,
    message text,
    paid character varying(40) NOT NULL,
    anonymous boolean NOT NULL,
    receipt character varying(100),
    campaign_id uuid NOT NULL,
    contributor_id bigint
);


ALTER TABLE public.campaigns_contributionmodel OWNER TO thomas;

--
-- Name: coupons_coupon; Type: TABLE; Schema: public; Owner: thomas
--

CREATE TABLE public.coupons_coupon (
    id uuid NOT NULL,
    created timestamp with time zone NOT NULL,
    updated timestamp with time zone NOT NULL,
    discount numeric(1000,2) NOT NULL,
    code character varying(50) NOT NULL,
    order_id uuid,
    valid_from timestamp with time zone NOT NULL,
    valid_to timestamp with time zone NOT NULL,
    active boolean NOT NULL
);


ALTER TABLE public.coupons_coupon OWNER TO thomas;

--
-- Name: django_admin_log; Type: TABLE; Schema: public; Owner: thomas
--

CREATE TABLE public.django_admin_log (
    id integer NOT NULL,
    action_time timestamp with time zone NOT NULL,
    object_id text,
    object_repr character varying(200) NOT NULL,
    action_flag smallint NOT NULL,
    change_message text NOT NULL,
    content_type_id integer,
    user_id bigint NOT NULL,
    CONSTRAINT django_admin_log_action_flag_check CHECK ((action_flag >= 0))
);


ALTER TABLE public.django_admin_log OWNER TO thomas;

--
-- Name: django_admin_log_id_seq; Type: SEQUENCE; Schema: public; Owner: thomas
--

ALTER TABLE public.django_admin_log ALTER COLUMN id ADD GENERATED BY DEFAULT AS IDENTITY (
    SEQUENCE NAME public.django_admin_log_id_seq
    START WITH 1
    INCREMENT BY 1
    NO MINVALUE
    NO MAXVALUE
    CACHE 1
);


--
-- Name: django_celery_beat_clockedschedule; Type: TABLE; Schema: public; Owner: thomas
--

CREATE TABLE public.django_celery_beat_clockedschedule (
    id integer NOT NULL,
    clocked_time timestamp with time zone NOT NULL
);


ALTER TABLE public.django_celery_beat_clockedschedule OWNER TO thomas;

--
-- Name: django_celery_beat_clockedschedule_id_seq; Type: SEQUENCE; Schema: public; Owner: thomas
--

ALTER TABLE public.django_celery_beat_clockedschedule ALTER COLUMN id ADD GENERATED BY DEFAULT AS IDENTITY (
    SEQUENCE NAME public.django_celery_beat_clockedschedule_id_seq
    START WITH 1
    INCREMENT BY 1
    NO MINVALUE
    NO MAXVALUE
    CACHE 1
);


--
-- Name: django_celery_beat_crontabschedule; Type: TABLE; Schema: public; Owner: thomas
--

CREATE TABLE public.django_celery_beat_crontabschedule (
    id integer NOT NULL,
    minute character varying(240) NOT NULL,
    hour character varying(96) NOT NULL,
    day_of_week character varying(64) NOT NULL,
    day_of_month character varying(124) NOT NULL,
    month_of_year character varying(64) NOT NULL,
    timezone character varying(63) NOT NULL
);


ALTER TABLE public.django_celery_beat_crontabschedule OWNER TO thomas;

--
-- Name: django_celery_beat_crontabschedule_id_seq; Type: SEQUENCE; Schema: public; Owner: thomas
--

ALTER TABLE public.django_celery_beat_crontabschedule ALTER COLUMN id ADD GENERATED BY DEFAULT AS IDENTITY (
    SEQUENCE NAME public.django_celery_beat_crontabschedule_id_seq
    START WITH 1
    INCREMENT BY 1
    NO MINVALUE
    NO MAXVALUE
    CACHE 1
);


--
-- Name: django_celery_beat_intervalschedule; Type: TABLE; Schema: public; Owner: thomas
--

CREATE TABLE public.django_celery_beat_intervalschedule (
    id integer NOT NULL,
    every integer NOT NULL,
    period character varying(24) NOT NULL
);


ALTER TABLE public.django_celery_beat_intervalschedule OWNER TO thomas;

--
-- Name: django_celery_beat_intervalschedule_id_seq; Type: SEQUENCE; Schema: public; Owner: thomas
--

ALTER TABLE public.django_celery_beat_intervalschedule ALTER COLUMN id ADD GENERATED BY DEFAULT AS IDENTITY (
    SEQUENCE NAME public.django_celery_beat_intervalschedule_id_seq
    START WITH 1
    INCREMENT BY 1
    NO MINVALUE
    NO MAXVALUE
    CACHE 1
);


--
-- Name: django_celery_beat_periodictask; Type: TABLE; Schema: public; Owner: thomas
--

CREATE TABLE public.django_celery_beat_periodictask (
    id integer NOT NULL,
    name character varying(200) NOT NULL,
    task character varying(200) NOT NULL,
    args text NOT NULL,
    kwargs text NOT NULL,
    queue character varying(200),
    exchange character varying(200),
    routing_key character varying(200),
    expires timestamp with time zone,
    enabled boolean NOT NULL,
    last_run_at timestamp with time zone,
    total_run_count integer NOT NULL,
    date_changed timestamp with time zone NOT NULL,
    description text NOT NULL,
    crontab_id integer,
    interval_id integer,
    solar_id integer,
    one_off boolean NOT NULL,
    start_time timestamp with time zone,
    priority integer,
    headers text NOT NULL,
    clocked_id integer,
    expire_seconds integer,
    CONSTRAINT django_celery_beat_periodictask_expire_seconds_check CHECK ((expire_seconds >= 0)),
    CONSTRAINT django_celery_beat_periodictask_priority_check CHECK ((priority >= 0)),
    CONSTRAINT django_celery_beat_periodictask_total_run_count_check CHECK ((total_run_count >= 0))
);


ALTER TABLE public.django_celery_beat_periodictask OWNER TO thomas;

--
-- Name: django_celery_beat_periodictask_id_seq; Type: SEQUENCE; Schema: public; Owner: thomas
--

ALTER TABLE public.django_celery_beat_periodictask ALTER COLUMN id ADD GENERATED BY DEFAULT AS IDENTITY (
    SEQUENCE NAME public.django_celery_beat_periodictask_id_seq
    START WITH 1
    INCREMENT BY 1
    NO MINVALUE
    NO MAXVALUE
    CACHE 1
);


--
-- Name: django_celery_beat_periodictasks; Type: TABLE; Schema: public; Owner: thomas
--

CREATE TABLE public.django_celery_beat_periodictasks (
    ident smallint NOT NULL,
    last_update timestamp with time zone NOT NULL
);


ALTER TABLE public.django_celery_beat_periodictasks OWNER TO thomas;

--
-- Name: django_celery_beat_solarschedule; Type: TABLE; Schema: public; Owner: thomas
--

CREATE TABLE public.django_celery_beat_solarschedule (
    id integer NOT NULL,
    event character varying(24) NOT NULL,
    latitude numeric(9,6) NOT NULL,
    longitude numeric(9,6) NOT NULL
);


ALTER TABLE public.django_celery_beat_solarschedule OWNER TO thomas;

--
-- Name: django_celery_beat_solarschedule_id_seq; Type: SEQUENCE; Schema: public; Owner: thomas
--

ALTER TABLE public.django_celery_beat_solarschedule ALTER COLUMN id ADD GENERATED BY DEFAULT AS IDENTITY (
    SEQUENCE NAME public.django_celery_beat_solarschedule_id_seq
    START WITH 1
    INCREMENT BY 1
    NO MINVALUE
    NO MAXVALUE
    CACHE 1
);


--
-- Name: django_celery_results_chordcounter; Type: TABLE; Schema: public; Owner: thomas
--

CREATE TABLE public.django_celery_results_chordcounter (
    id integer NOT NULL,
    group_id character varying(255) NOT NULL,
    sub_tasks text NOT NULL,
    count integer NOT NULL,
    CONSTRAINT django_celery_results_chordcounter_count_check CHECK ((count >= 0))
);


ALTER TABLE public.django_celery_results_chordcounter OWNER TO thomas;

--
-- Name: django_celery_results_chordcounter_id_seq; Type: SEQUENCE; Schema: public; Owner: thomas
--

ALTER TABLE public.django_celery_results_chordcounter ALTER COLUMN id ADD GENERATED BY DEFAULT AS IDENTITY (
    SEQUENCE NAME public.django_celery_results_chordcounter_id_seq
    START WITH 1
    INCREMENT BY 1
    NO MINVALUE
    NO MAXVALUE
    CACHE 1
);


--
-- Name: django_celery_results_groupresult; Type: TABLE; Schema: public; Owner: thomas
--

CREATE TABLE public.django_celery_results_groupresult (
    id integer NOT NULL,
    group_id character varying(255) NOT NULL,
    date_created timestamp with time zone NOT NULL,
    date_done timestamp with time zone NOT NULL,
    content_type character varying(128) NOT NULL,
    content_encoding character varying(64) NOT NULL,
    result text
);


ALTER TABLE public.django_celery_results_groupresult OWNER TO thomas;

--
-- Name: django_celery_results_groupresult_id_seq; Type: SEQUENCE; Schema: public; Owner: thomas
--

ALTER TABLE public.django_celery_results_groupresult ALTER COLUMN id ADD GENERATED BY DEFAULT AS IDENTITY (
    SEQUENCE NAME public.django_celery_results_groupresult_id_seq
    START WITH 1
    INCREMENT BY 1
    NO MINVALUE
    NO MAXVALUE
    CACHE 1
);


--
-- Name: django_celery_results_taskresult; Type: TABLE; Schema: public; Owner: thomas
--

CREATE TABLE public.django_celery_results_taskresult (
    id integer NOT NULL,
    task_id character varying(255) NOT NULL,
    status character varying(50) NOT NULL,
    content_type character varying(128) NOT NULL,
    content_encoding character varying(64) NOT NULL,
    result text,
    date_done timestamp with time zone NOT NULL,
    traceback text,
    meta text,
    task_args text,
    task_kwargs text,
    task_name character varying(255),
    worker character varying(100),
    date_created timestamp with time zone NOT NULL,
    periodic_task_name character varying(255)
);


ALTER TABLE public.django_celery_results_taskresult OWNER TO thomas;

--
-- Name: django_celery_results_taskresult_id_seq; Type: SEQUENCE; Schema: public; Owner: thomas
--

ALTER TABLE public.django_celery_results_taskresult ALTER COLUMN id ADD GENERATED BY DEFAULT AS IDENTITY (
    SEQUENCE NAME public.django_celery_results_taskresult_id_seq
    START WITH 1
    INCREMENT BY 1
    NO MINVALUE
    NO MAXVALUE
    CACHE 1
);


--
-- Name: django_content_type; Type: TABLE; Schema: public; Owner: thomas
--

CREATE TABLE public.django_content_type (
    id integer NOT NULL,
    app_label character varying(100) NOT NULL,
    model character varying(100) NOT NULL
);


ALTER TABLE public.django_content_type OWNER TO thomas;

--
-- Name: django_content_type_id_seq; Type: SEQUENCE; Schema: public; Owner: thomas
--

ALTER TABLE public.django_content_type ALTER COLUMN id ADD GENERATED BY DEFAULT AS IDENTITY (
    SEQUENCE NAME public.django_content_type_id_seq
    START WITH 1
    INCREMENT BY 1
    NO MINVALUE
    NO MAXVALUE
    CACHE 1
);


--
-- Name: django_migrations; Type: TABLE; Schema: public; Owner: thomas
--

CREATE TABLE public.django_migrations (
    id bigint NOT NULL,
    app character varying(255) NOT NULL,
    name character varying(255) NOT NULL,
    applied timestamp with time zone NOT NULL
);


ALTER TABLE public.django_migrations OWNER TO thomas;

--
-- Name: django_migrations_id_seq; Type: SEQUENCE; Schema: public; Owner: thomas
--

ALTER TABLE public.django_migrations ALTER COLUMN id ADD GENERATED BY DEFAULT AS IDENTITY (
    SEQUENCE NAME public.django_migrations_id_seq
    START WITH 1
    INCREMENT BY 1
    NO MINVALUE
    NO MAXVALUE
    CACHE 1
);


--
-- Name: django_session; Type: TABLE; Schema: public; Owner: thomas
--

CREATE TABLE public.django_session (
    session_key character varying(40) NOT NULL,
    session_data text NOT NULL,
    expire_date timestamp with time zone NOT NULL
);


ALTER TABLE public.django_session OWNER TO thomas;

--
-- Name: events_eventcontent; Type: TABLE; Schema: public; Owner: thomas
--

CREATE TABLE public.events_eventcontent (
    id uuid NOT NULL,
    created timestamp with time zone NOT NULL,
    updated timestamp with time zone NOT NULL,
    image character varying(100) NOT NULL,
    some_field character varying(20),
    event_id uuid NOT NULL
);


ALTER TABLE public.events_eventcontent OWNER TO thomas;

--
-- Name: events_eventmodel; Type: TABLE; Schema: public; Owner: thomas
--

CREATE TABLE public.events_eventmodel (
    id uuid NOT NULL,
    created timestamp with time zone NOT NULL,
    updated timestamp with time zone NOT NULL,
    image character varying(100),
    title character varying(150) NOT NULL,
    slug character varying(250) NOT NULL,
    content text NOT NULL,
    venue_name character varying(400),
    event_address character varying(300),
    map_coordinates character varying(300),
    total_seats_sold integer NOT NULL,
    event_link character varying(200),
    event_startdate timestamp with time zone NOT NULL,
    event_enddate timestamp with time zone NOT NULL,
    status character varying(50) NOT NULL,
    category_id uuid,
    organiser_id bigint NOT NULL,
    small_description text,
    email character varying(254) NOT NULL,
    phone character varying(15) NOT NULL,
    CONSTRAINT events_eventmodel_total_seats_sold_check CHECK ((total_seats_sold >= 0))
);


ALTER TABLE public.events_eventmodel OWNER TO thomas;

--
-- Name: events_eventorganisor; Type: TABLE; Schema: public; Owner: thomas
--

CREATE TABLE public.events_eventorganisor (
    id uuid NOT NULL,
    created timestamp with time zone NOT NULL,
    updated timestamp with time zone NOT NULL,
    full_name character varying(350) NOT NULL,
    organisor_phone_one character varying(15),
    organisor_email character varying(254) NOT NULL,
    event_id uuid NOT NULL
);


ALTER TABLE public.events_eventorganisor OWNER TO thomas;

--
-- Name: events_eventreview; Type: TABLE; Schema: public; Owner: thomas
--

CREATE TABLE public.events_eventreview (
    id uuid NOT NULL,
    created timestamp with time zone NOT NULL,
    updated timestamp with time zone NOT NULL,
    rating_value integer NOT NULL,
    commenter_email character varying(254) NOT NULL,
    commenter_full_names character varying(300) NOT NULL,
    comment_title character varying(300) NOT NULL,
    comment text NOT NULL,
    commenter_id bigint,
    event_id uuid NOT NULL
);


ALTER TABLE public.events_eventreview OWNER TO thomas;

--
-- Name: events_eventtickettypemodel; Type: TABLE; Schema: public; Owner: thomas
--

CREATE TABLE public.events_eventtickettypemodel (
    id uuid NOT NULL,
    created timestamp with time zone NOT NULL,
    updated timestamp with time zone NOT NULL,
    title character varying(250) NOT NULL,
    available_seats integer NOT NULL,
    sale_start timestamp with time zone,
    sale_end timestamp with time zone,
    price numeric(1000,2) NOT NULL,
    transaction_cost numeric(1000,2) NOT NULL,
    total_price numeric(1000,2) NOT NULL,
    event_id uuid NOT NULL,
    CONSTRAINT events_eventtickettypemodel_available_seats_check CHECK ((available_seats >= 0))
);


ALTER TABLE public.events_eventtickettypemodel OWNER TO thomas;

--
-- Name: events_ticketmodel; Type: TABLE; Schema: public; Owner: thomas
--

CREATE TABLE public.events_ticketmodel (
    id uuid NOT NULL,
    created timestamp with time zone NOT NULL,
    updated timestamp with time zone NOT NULL,
    guest_full_name character varying(300),
    guest_email character varying(254),
    guest_phone_number character varying(15),
    quantity bigint NOT NULL,
    barcode_value character varying(13),
    barcode_image character varying(100),
    qrcode_url character varying(200),
    qrcode_image character varying(100),
    ticket_order_id uuid NOT NULL,
    ticket_type_id uuid NOT NULL,
    scanned boolean NOT NULL,
    scanned_at timestamp with time zone,
    CONSTRAINT events_ticketmodel_quantity_check CHECK ((quantity >= 0))
);


ALTER TABLE public.events_ticketmodel OWNER TO thomas;

--
-- Name: events_ticketordermodel; Type: TABLE; Schema: public; Owner: thomas
--

CREATE TABLE public.events_ticketordermodel (
    id uuid NOT NULL,
    created timestamp with time zone NOT NULL,
    updated timestamp with time zone NOT NULL,
    payment_method_type character varying(50),
    payment_method_card_holder character varying(50),
    payment_method_masked_card character varying(50),
    payment_method_scheme character varying(50),
    payment_date character varying(50),
    order_number character varying(300) NOT NULL,
    checkout_id character varying(200),
    email character varying(254) NOT NULL,
    quantity bigint NOT NULL,
    subtotal numeric(1000,2) NOT NULL,
    total_price numeric(1000,2) NOT NULL,
    total_transaction_costs numeric(1000,2) NOT NULL,
    tip numeric(1000,2) NOT NULL,
    accepted_laws boolean NOT NULL,
    reservation_time time without time zone NOT NULL,
    paid character varying(300) NOT NULL,
    tickets_pdf_file character varying(100),
    buyer_id bigint,
    event_id uuid NOT NULL,
    receipt character varying(100),
    client_address_one character varying(300),
    client_address_two character varying(300),
    client_city character varying(300),
    client_country character varying(300) NOT NULL,
    client_email character varying(254),
    client_first_name character varying(250),
    client_last_name character varying(250),
    client_phone character varying(15),
    client_province character varying(300),
    client_zipcode bigint,
    discount numeric(1000,2) NOT NULL,
    coupon_code character varying(300),
    order_note text,
    CONSTRAINT events_ticketordermodel_quantity_check CHECK ((quantity >= 0))
);


ALTER TABLE public.events_ticketordermodel OWNER TO thomas;

--
-- Name: listings_business; Type: TABLE; Schema: public; Owner: thomas
--

CREATE TABLE public.listings_business (
    province character varying(300) NOT NULL,
    phone character varying(15),
    facebook character varying(200),
    twitter character varying(200),
    instagram character varying(200),
    "linkedIn" character varying(200),
    id uuid NOT NULL,
    created timestamp with time zone NOT NULL,
    updated timestamp with time zone NOT NULL,
    background_image character varying(100),
    logo character varying(100),
    title character varying(150) NOT NULL,
    slogan character varying(350),
    slug character varying(250) NOT NULL,
    details text,
    map_coordinates character varying(300),
    website character varying(200),
    email character varying(250),
    bbbee_level character varying(100) NOT NULL,
    status character varying(50) NOT NULL,
    category_id uuid NOT NULL,
    owner_id bigint NOT NULL,
    is_completed boolean NOT NULL,
    main_address character varying(300),
    alternative_phone character varying(15)
);


ALTER TABLE public.listings_business OWNER TO thomas;

--
-- Name: listings_businesscontent; Type: TABLE; Schema: public; Owner: thomas
--

CREATE TABLE public.listings_businesscontent (
    id uuid NOT NULL,
    created timestamp with time zone NOT NULL,
    updated timestamp with time zone NOT NULL,
    image character varying(100),
    business_id uuid NOT NULL
);


ALTER TABLE public.listings_businesscontent OWNER TO thomas;

--
-- Name: listings_businesshour; Type: TABLE; Schema: public; Owner: thomas
--

CREATE TABLE public.listings_businesshour (
    id uuid NOT NULL,
    created timestamp with time zone NOT NULL,
    updated timestamp with time zone NOT NULL,
    day character varying(250) NOT NULL,
    operating boolean NOT NULL,
    open_time time without time zone NOT NULL,
    close_time time without time zone NOT NULL,
    business_id uuid NOT NULL
);


ALTER TABLE public.listings_businesshour OWNER TO thomas;

--
-- Name: listings_businesslocation; Type: TABLE; Schema: public; Owner: thomas
--

CREATE TABLE public.listings_businesslocation (
    id uuid NOT NULL,
    created timestamp with time zone NOT NULL,
    updated timestamp with time zone NOT NULL,
    map_coordinates character varying(300),
    address_id character varying(300),
    address character varying(400) NOT NULL,
    business_id uuid,
    email character varying(250),
    location_title character varying(350),
    phone character varying(15)
);


ALTER TABLE public.listings_businesslocation OWNER TO thomas;

--
-- Name: listings_businessreview; Type: TABLE; Schema: public; Owner: thomas
--

CREATE TABLE public.listings_businessreview (
    id uuid NOT NULL,
    created timestamp with time zone NOT NULL,
    updated timestamp with time zone NOT NULL,
    rating_value integer NOT NULL,
    commenter_email character varying(254) NOT NULL,
    commenter_full_names character varying(250) NOT NULL,
    comment_title character varying(250) NOT NULL,
    comment text NOT NULL,
    business_id uuid NOT NULL,
    commenter_id bigint
);


ALTER TABLE public.listings_businessreview OWNER TO thomas;

--
-- Name: listings_category; Type: TABLE; Schema: public; Owner: thomas
--

CREATE TABLE public.listings_category (
    id uuid NOT NULL,
    created timestamp with time zone NOT NULL,
    updated timestamp with time zone NOT NULL,
    thumbnail character varying(100),
    slug character varying(350) NOT NULL,
    label character varying(250) NOT NULL,
    icon character varying(250) NOT NULL
);


ALTER TABLE public.listings_category OWNER TO thomas;

--
-- Name: listings_listingorder; Type: TABLE; Schema: public; Owner: thomas
--

CREATE TABLE public.listings_listingorder (
    id uuid NOT NULL,
    created timestamp with time zone NOT NULL,
    updated timestamp with time zone NOT NULL,
    payment_method_type character varying(50),
    payment_method_card_holder character varying(50),
    payment_method_masked_card character varying(50),
    payment_method_scheme character varying(50),
    payment_date character varying(50),
    order_id character varying(150) NOT NULL,
    client_first_name character varying(250),
    client_last_name character varying(250),
    client_phone character varying(15),
    client_email character varying(254),
    client_address_one character varying(300),
    client_address_two character varying(300),
    client_city character varying(300),
    client_province character varying(300),
    checkout_details text,
    client_country character varying(300) NOT NULL,
    client_zipcode bigint,
    hide_client boolean NOT NULL,
    vat numeric(1000,2) NOT NULL,
    total_amount numeric(1000,2) NOT NULL,
    discount numeric(1000,2) NOT NULL,
    checkout_id character varying(200),
    payment_status character varying(40) NOT NULL,
    subscription_starts timestamp with time zone,
    subscription_ends timestamp with time zone,
    listing_id uuid,
    subscriber_id bigint
);


ALTER TABLE public.listings_listingorder OWNER TO thomas;

--
-- Name: markets_qoutation; Type: TABLE; Schema: public; Owner: thomas
--

CREATE TABLE public.markets_qoutation (
    id uuid NOT NULL,
    created timestamp with time zone NOT NULL,
    updated timestamp with time zone NOT NULL,
    file character varying(100),
    full_names character varying(350) NOT NULL,
    phone character varying(15) NOT NULL,
    email character varying(254) NOT NULL,
    description text,
    is_location_based boolean NOT NULL,
    location character varying(350),
    call_at character varying(150) NOT NULL,
    "time" character varying(150) NOT NULL,
    date date,
    client_id bigint NOT NULL,
    service_id uuid NOT NULL
);


ALTER TABLE public.markets_qoutation OWNER TO thomas;

--
-- Name: markets_requestservice; Type: TABLE; Schema: public; Owner: thomas
--

CREATE TABLE public.markets_requestservice (
    id uuid NOT NULL,
    created timestamp with time zone NOT NULL,
    updated timestamp with time zone NOT NULL,
    service_title character varying(350) NOT NULL,
    file character varying(100),
    full_names character varying(350) NOT NULL,
    phone character varying(15) NOT NULL,
    email character varying(254) NOT NULL,
    description text,
    is_location_based boolean NOT NULL,
    location character varying(350),
    call_at character varying(150) NOT NULL,
    "time" character varying(150) NOT NULL,
    date date
);


ALTER TABLE public.markets_requestservice OWNER TO thomas;

--
-- Name: markets_service; Type: TABLE; Schema: public; Owner: thomas
--

CREATE TABLE public.markets_service (
    id uuid NOT NULL,
    created timestamp with time zone NOT NULL,
    updated timestamp with time zone NOT NULL,
    image character varying(100),
    title character varying(150) NOT NULL,
    slug character varying(250) NOT NULL,
    description text NOT NULL,
    price_decription character varying(150),
    price numeric(1000,2),
    on_discount boolean NOT NULL,
    discount_percentage numeric(1000,2),
    discount_description character varying(150),
    is_popular boolean NOT NULL,
    business_id uuid NOT NULL
);


ALTER TABLE public.markets_service OWNER TO thomas;

--
-- Name: payments_bbgibankmodel; Type: TABLE; Schema: public; Owner: thomas
--

CREATE TABLE public.payments_bbgibankmodel (
    id uuid NOT NULL,
    created timestamp with time zone NOT NULL,
    updated timestamp with time zone NOT NULL,
    balance numeric(1000,2) NOT NULL,
    order_uuid uuid,
    order_id character varying(300) NOT NULL,
    tip character varying(200),
    received_at timestamp with time zone NOT NULL
);


ALTER TABLE public.payments_bbgibankmodel OWNER TO thomas;

--
-- Name: payments_paymentinformation; Type: TABLE; Schema: public; Owner: thomas
--

CREATE TABLE public.payments_paymentinformation (
    id character varying(300) NOT NULL,
    data jsonb NOT NULL,
    order_number character varying(300),
    order_updated boolean NOT NULL,
    created timestamp with time zone NOT NULL,
    updated timestamp with time zone NOT NULL
);


ALTER TABLE public.payments_paymentinformation OWNER TO thomas;

--
-- Data for Name: accounts_aboutcompany; Type: TABLE DATA; Schema: public; Owner: thomas
--

COPY public.accounts_aboutcompany (address_one, address_two, city, province, country, zipcode, address_id, phone, facebook, twitter, instagram, "linkedIn", id, created, updated, title, slug, email, slogan, small_description, mission, vision) FROM stdin;
19 Edison Way	Century City	Cape Town	wc	South Africa	7441	\N	+27658622202	https://www.facebook.com/blackbusinessgrowthinitiave	\N	https://www.instagram.com/blackbusinessgrowthinitiave	https://www.linkedin.com/company/black-business-growth-initiative/posts/	bcf79b49-a57e-495a-9eee-86085e2a028e	2024-09-14 15:04:07.83285+00	2025-01-01 01:46:50.359623+00	BBGI	about-bbgi-model	info@bbgi.co.za	Connecting collaborators to transform Africa	The Black Business Growth Initiative is a comminity of like-minded people and organisations that unites and collaborates for the growth of black businesses and the growth of Black professional careers.\r\n\r\nWe do this by creating opportunities for connection and collaboration towards access to funding, strategic thinking, skills development, and access to market.\r\n\r\nPartner with us to take up this generation's place in history - transforming Africa so that it feels like home for black Africans.	Our mission is to support and promote the growth of Black African businesses and careers by providing a platform to showcase expertise, facilitating impactful networking opportunities, delivering business education and mentorship, fostering unity and collaboration, and driving initiatives that empower and sustain Black-owned businesses.	To become the leading platform that unites and empowers Black African entrepreneurs and professionals, fostering a thriving, collaborative community that drives economic growth, innovation, and sustainable success across South Africa and beyond.
\.


--
-- Data for Name: accounts_account; Type: TABLE DATA; Schema: public; Owner: thomas
--

COPY public.accounts_account (id, password, last_login, is_superuser, username, first_name, last_name, email, is_staff, is_active, date_joined, address_one, address_two, city, province, country, zipcode, address_id, phone, facebook, twitter, instagram, "linkedIn", profile_image, title, maiden_name, biography, is_technical, is_email_activated, is_paid, created, updated, subscription_id, subscription_ends, subscription_starts) FROM stdin;
7	pbkdf2_sha256$600000$ShymysbZseXW8uH9HECAsR$aLRONa05KA9c4G1BiwybjmHUPlWWIykOCBM++MPlXNU=	2024-09-14 15:43:57.397811+00	f	hanjelwa@gmail.com	Hanjelwa	Dube	hanjelwa@gmail.com	f	t	2024-09-14 15:43:16.087221+00	\N	\N	\N	\N	South Africa	\N	\N	\N	\N	\N	\N	\N			\N		f	t	NOT PAID	2024-09-14 15:43:16.689348+00	2024-09-14 15:43:16.689368+00	\N	\N	\N
6	pbkdf2_sha256$600000$ECixsdcxbrrGmkB6gB1rAT$KiNL/cZWgAfTPqhpFL9gjSqHmJzaZikZlr0UMMYJXsc=	2024-09-14 11:56:40+00	f	AviweBand	Aviwe	Panya	aviwepanya@gmail.com	f	t	2024-09-14 11:49:51+00	\N	\N	\N	\N	South Africa	\N	\N	\N	\N	\N	\N	\N		Mr	\N		f	t	PAID	2024-09-14 11:49:52.086167+00	2024-09-17 07:30:06.008351+00	7be40832-d6c4-4e59-988f-e5fa6cb491fd	\N	\N
5	pbkdf2_sha256$600000$rMDY2exAftQMDMyAAkpdj7$ju6mYfqnkvggJsAqhnCNg2Skc6E60pgN2OedD6S+q+E=	2024-08-28 15:55:19.856262+00	f	recadi	Magcoba	Hadi	mhadi@recadi.co.za	f	t	2024-08-28 15:54:01.809263+00	\N	\N	\N	\N	South Africa	\N	\N	\N	\N	\N	\N	\N			\N		f	t	NOT PAID	2024-08-28 15:54:02.439474+00	2024-08-28 15:54:02.439487+00	\N	\N	\N
8	pbkdf2_sha256$600000$8q9AzKklWgRm0DZXC9vaKQ$zlYbhrEKEuAXieMrvtG2vDgpIz8aByImh7fOOyH5jTA=	2024-09-18 21:03:46.817323+00	f	Eisenhaur	Ike	Bam	ikebam79@gmail.com	f	t	2024-09-18 20:58:36.221097+00	\N	\N	\N	\N	South Africa	\N	\N	\N	\N	\N	\N	\N			\N		f	t	NOT PAID	2024-09-18 20:58:36.803876+00	2024-09-18 20:58:36.803892+00	\N	\N	\N
11	pbkdf2_sha256$600000$NvhyzBsHEVxBEOvPPy0faY$f8kptZOOkOROx8yTZPej4GLkkOrznjbNxOvEovqJms0=	2024-09-21 19:03:48.706349+00	f	TrickyBites	Tricky	Bites	teresadao14@gmail.com	f	t	2024-09-21 19:02:39.248469+00	\N	\N	\N	\N	South Africa	\N	\N	\N	\N	\N	\N	\N			\N		f	t	NOT PAID	2024-09-21 19:02:39.861579+00	2024-09-21 19:02:39.861591+00	\N	\N	\N
23	pbkdf2_sha256$600000$rAurcMVl4QzpCmNG5QQ7lE$y8VnSxY0lZnwfpBbMPLSZrK6FZKBz32hHTRA5q0vJkE=	2024-10-02 21:08:32.651531+00	f	Lelos@tastyfoods	Pabalelo	Magoro	info@lelostastyfoods.com	f	t	2024-10-02 16:53:55.482507+00	\N	\N	\N	\N	South Africa	\N	\N	\N	\N	\N	\N	\N			\N		f	t	NOT PAID	2024-10-02 16:53:56.04454+00	2024-10-02 16:53:56.044574+00	\N	\N	\N
21	pbkdf2_sha256$600000$9DNN9JEfsMZICEvdutUvGW$VxhIfo7LceLXmiU5MyPIMwvI8XApB5iP9cREcz0O1Ss=	2024-10-02 13:23:53.578364+00	f	sigenum@gmail.com	Mzukisi	Sigenu	sigenum@gmail.com	f	t	2024-10-02 13:23:14.277927+00	\N	\N	\N	\N	South Africa	\N	\N	\N	\N	\N	\N	\N			\N		f	t	NOT PAID	2024-10-02 13:23:14.835706+00	2024-10-02 13:23:14.835725+00	\N	\N	\N
22	pbkdf2_sha256$600000$0NtZyBJt8X1KQspGaUmyDc$QR7O4D9DR6Ho1CIsc7d22VQXxeYFWWVWV1hAolVXGNo=	2024-10-02 14:24:11.25286+00	f	zolisam29@gmail.com	Zolisa	Magadla	zolisam29@gmail.com	f	t	2024-10-02 14:22:57.201222+00	\N	\N	\N	\N	South Africa	\N	\N	\N	\N	\N	\N	\N			\N		f	t	NOT PAID	2024-10-02 14:22:57.740528+00	2024-10-02 14:22:57.740541+00	\N	\N	\N
32	pbkdf2_sha256$600000$zcsJ5XdT0UCc8bx0lYzPTp$T+tx10NSWIZLTJe0RZ8C3+TBdqXB8yGkUOLYUtYsTO8=	2024-10-27 17:15:56.551691+00	f	Esonasethu	Esona-sethu	Ndwandwa	esonasethu@gmail.com	f	t	2024-10-27 17:13:32.517273+00	\N	\N	\N	\N	South Africa	\N	\N	\N	\N	\N	\N	\N			\N		f	t	NOT PAID	2024-10-27 17:13:33.171949+00	2024-10-27 17:13:33.171962+00	\N	\N	\N
26	pbkdf2_sha256$600000$LJTyEP7JnCed5GJp0BNTWO$H+lanqvNQV9/5Yo3QoEgyg4Tgu9SkWVNyk/cOoecgWI=	2024-10-22 11:33:54.152476+00	f	Lmamputa	Lunga	Mamputa	lunga@mamputaholdings.co.za	f	t	2024-10-17 11:37:31+00	\N	\N	\N	\N	South Africa	\N	\N	\N	\N	\N	\N	\N		Mr	\N		f	t	NOT PAID	2024-10-17 11:37:32.106466+00	2024-10-19 05:34:00.72278+00	7be40832-d6c4-4e59-988f-e5fa6cb491fd	\N	\N
34	pbkdf2_sha256$600000$LVuFgfbWz3CYnMp6JmW1Ar$tk8xRxiy/oDbkqv3jldt/tfLvx7BbZxLM1oGBFFuh2E=	2024-10-31 08:40:55.301492+00	f	ayzdamane@gmail.com	Ayanda	Damane	ayzdamane@gmail.com	f	t	2024-10-31 08:40:13.521294+00	\N	\N	\N	\N	South Africa	\N	\N	\N	\N	\N	\N	\N			\N		f	t	NOT PAID	2024-10-31 08:40:14.214384+00	2024-10-31 08:40:14.214396+00	\N	\N	\N
67	pbkdf2_sha256$600000$usOqdyH63GRQzpdPaPDs1k$dNU2NVFuUCKjKGnQNQc0giBsIIAYNwmaiFqmCmaPBPs=	2024-11-27 12:04:11.3706+00	f	nandiphalufuno.tuku@gmail.com	Nandipha	Tuku	nandiphalufuno.tuku@gmail.com	f	t	2024-11-27 12:02:33.224387+00	\N	\N	\N	\N	South Africa	\N	\N	\N	\N	\N	\N	\N			\N		f	t	NOT PAID	2024-11-27 12:02:33.851089+00	2024-11-27 12:02:33.851103+00	\N	\N	\N
36	pbkdf2_sha256$600000$sFK1WwIGKZiCPRUnQik8iB$6PHdLB/LaMDNcEeRTQ2S7sLlQ9/RTCKicZf27A4OKms=	2024-10-31 09:39:17.087866+00	f	Yandani	Yandani	Magadla	yandanimagadla@yahoo.com	f	t	2024-10-31 09:11:13.917751+00	\N	\N	\N	\N	South Africa	\N	\N	\N	\N	\N	\N	\N			\N		f	t	NOT PAID	2024-10-31 09:11:14.717731+00	2024-10-31 09:11:14.717748+00	\N	\N	\N
20	pbkdf2_sha256$600000$FsXZL4GCX3StcWbbjZ8GMX$LFGL2Q6UAiy0dz+uoTVZzUIYD9XDVYkpTWHYPK1fdss=	2024-11-14 12:55:04.87084+00	f	ingastoto@gmail.com	Inga	Sitoto	ingastoto@gmail.com	f	t	2024-10-02 13:22:32.346482+00	\N	\N	\N	\N	South Africa	\N	\N	\N	\N	\N	\N	\N			\N		f	t	NOT PAID	2024-10-02 13:22:32.915656+00	2024-10-02 13:22:32.915679+00	\N	\N	\N
37	pbkdf2_sha256$600000$6MMKvE51MhGdisYppuAUr3$qH/mYQMES/BhYki26GZxez5zpfFGeAoDn5+YH03HrXM=	2024-10-31 10:11:47+00	f	Abongile	Abongile	Goci	abongilegoci7@gmail.com	f	t	2024-10-31 10:10:57+00	\N	\N	\N	\N	South Africa	\N	\N	\N	\N	\N	\N	\N	profile/434f1a4a240e49a599688a88ca67efdb.png	Ms	\N		f	t	NOT PAID	2024-10-31 10:10:58.382288+00	2024-11-07 03:46:52.860361+00	\N	\N	\N
19	pbkdf2_sha256$600000$VwziwzFKyEE6FjeTGmG9oW$F4HXD0V3WgMucsfeWOwb8zrh8AF2qA90ruv4U51B9hg=	2024-11-14 12:57:48.243895+00	f	zinziswamandobe@gmail.com	Zinziswa	Buswana	zinziswamandobe@gmail.com	f	t	2024-10-01 11:15:08.519015+00	\N	\N	\N	\N	South Africa	\N	\N	\N	\N	\N	\N	\N			\N		f	t	NOT PAID	2024-10-01 11:15:09.114572+00	2024-10-01 11:15:09.114585+00	\N	\N	\N
66	pbkdf2_sha256$600000$Us3k0hI2LfsYFiUl7DOD5M$xF1zYZ4nAJrtGUoZo1UpeITMrX80lYqEF16NRvkck4I=	2024-11-27 10:30:48.166505+00	f	snyombolo	Sazi	Nyombolo	snyombolo@gmail.com	f	t	2024-11-27 10:30:00.27789+00	\N	\N	\N	\N	South Africa	\N	\N	\N	\N	\N	\N	\N			\N		f	t	NOT PAID	2024-11-27 10:30:00.956422+00	2024-11-27 10:30:00.956434+00	\N	\N	\N
17	pbkdf2_sha256$600000$ZslsFcAKULNdJQdEuzMzzF$gQKeW3DIe/F7K2+GfhpW09OIaCaq3dj6HsjT1MO8pEU=	2024-11-24 18:24:39.204277+00	f	Zwainomandla@gmail.com	Mzwandile	Nomandla	zwainomandla@gmail.com	f	t	2024-10-01 10:47:21.609021+00	\N	\N	\N	\N	South Africa	\N	\N	\N	\N	\N	\N	\N			\N		f	t	NOT PAID	2024-10-01 10:47:22.255985+00	2024-10-01 10:47:22.255998+00	\N	\N	\N
68	pbkdf2_sha256$600000$Z5E85sKHCHcrmRkd1zFQuU$jZBCeEKMtbGajroCpttzb9jpU/OGPQDN8dI5eX0z3Ko=	2024-11-27 13:00:34.33047+00	f	Sige	Sihle	Mtwa	Mtwalu@gmail.com	f	t	2024-11-27 12:59:55.676503+00	\N	\N	\N	\N	South Africa	\N	\N	\N	\N	\N	\N	\N			\N		f	t	NOT PAID	2024-11-27 12:59:56.358486+00	2024-11-27 12:59:56.358499+00	\N	\N	\N
69	pbkdf2_sha256$600000$dolzOjdZF5a3wNOyycQ9lu$l1SqK8ZP7qvaY/u3N+BnoTnHrikTLTJiHdAeI0d+BlQ=	2024-11-27 13:42:09.587384+00	f	AidanLiggett	Aidan	Liggett	aidan.liggett@gmail.com	f	t	2024-11-27 13:40:20.605975+00	\N	\N	\N	\N	South Africa	\N	\N	\N	\N	\N	\N	\N			\N		f	t	NOT PAID	2024-11-27 13:40:21.221711+00	2024-11-27 13:40:21.221722+00	\N	\N	\N
70	pbkdf2_sha256$600000$fgwe8iRibag8YYjrBaHEct$u9pPu+6fYWaBQ6G7A4dDMmarKbcxmzNAXPes685hauw=	2024-12-13 16:22:26.479913+00	f	@Zenande19	Zenande	Ntshewula	ntshewulazenande@gmail.com	f	t	2024-12-13 16:20:50.712072+00	\N	\N	\N	\N	South Africa	\N	\N	\N	\N	\N	\N	\N			\N		f	t	NOT PAID	2024-12-13 16:20:51.367547+00	2024-12-13 16:20:51.367559+00	\N	\N	\N
46	pbkdf2_sha256$600000$fHqICBEaB6Rzb4Jd5By9RK$lD6UEpZBGIUF8uZZnql45PmmDpUjthZxqB3kmg2FUX4=	\N	f	LuntuV	Luntu	Masiza	Luntumasiza@gmail.com	f	t	2024-11-21 07:40:47.222477+00	\N	\N	\N	\N	South Africa	\N	\N	\N	\N	\N	\N	\N			\N		f	t	NOT PAID	2024-11-21 07:40:47.82435+00	2024-11-21 07:40:47.824364+00	\N	\N	\N
38	pbkdf2_sha256$600000$LWC9VUGKKhN2L0HC0Xtnnk$Tkpubdaf9aNNUbFklSL5po1omBkSvI4NjJRUFjl69lo=	2024-11-12 08:16:18.387575+00	f	phaphamajoyi@gmail.com	Phaphama	Joyi	phaphamajoyi@gmail.com	f	t	2024-11-12 08:15:27.497798+00	\N	\N	\N	\N	South Africa	\N	\N	\N	\N	\N	\N	\N			\N		f	t	NOT PAID	2024-11-12 08:15:28.275389+00	2024-11-12 08:15:28.275404+00	\N	\N	\N
35	pbkdf2_sha256$600000$xFLgx5VxByD0kw8abzva7S$MJNlQFMfiJTuqW1ZObeIWBtYM494bW5HM6vpAf16/pQ=	2025-02-14 02:04:51.965265+00	f	Infolitglobal@gmail.com	Thulane	Magoro	Infolitglobal@gmail.com	f	t	2024-10-31 08:48:57.656933+00	\N	\N	\N	\N	South Africa	\N	\N	\N	\N	\N	\N	\N			\N		f	t	NOT PAID	2024-10-31 08:48:58.311869+00	2024-10-31 08:48:58.311884+00	\N	\N	\N
25	pbkdf2_sha256$600000$QTROoxMSfptHpxMrmuSODs$6uhFnVUKjnBt3XhWjO5p/r4YOBPGQKjIaZTCBC1EjWY=	2025-01-22 12:40:14.720625+00	f	KuhleApha	Lonwabo	Jobodwana	kuhlehere@gmail.com	f	t	2024-10-08 18:06:59+00	\N	\N	\N	\N	South Africa	\N	\N	\N	\N	\N	\N	\N		Ms	\N		f	t	NOT PAID	2024-10-08 18:07:00.226821+00	2025-01-22 12:39:45.271792+00	\N	\N	\N
29	pbkdf2_sha256$600000$ZesrSBk90c0qyTEoXJF4Dm$scrCOltm1nx7mRwOIoMPgnTPHON4+uWE9SS8LDfyyLM=	2025-06-02 14:21:40.454819+00	f	KgaugeloH	Kgaugelo	Hlaka	kgaugeloh@gmail.com	f	t	2024-10-21 08:45:13.918209+00	\N	\N	\N	\N	South Africa	\N	\N	\N	\N	\N	\N	\N			\N		f	t	NOT PAID	2024-10-21 08:45:14.481862+00	2024-11-06 03:43:22.99377+00	\N	\N	\N
18	pbkdf2_sha256$600000$iLLOPvuVOeaPWf8y0mWR0T$5ZiZDZ2uNiDhcEzcjH4JrKtvnKzToBrsUCYpc+UXWco=	2025-02-26 09:30:59.721647+00	f	patphetido@gmail.com	Pat	Anderson	patphetido@gmail.com	f	t	2024-10-01 11:14:44.013242+00	\N	\N	\N	\N	South Africa	\N	\N	\N	\N	\N	\N	\N			\N		f	t	NOT PAID	2024-10-01 11:14:44.594037+00	2024-10-01 11:14:44.595869+00	\N	\N	\N
33	pbkdf2_sha256$600000$q625JY67XRzU5xsrirGPGT$RSsU7uf0V1Is2SZQ5Asi/5ey5C42ry8uv6T27OzZBT8=	2025-02-26 15:21:18.01168+00	f	Salathiso	Salathiso	Ndwandwa	Salathiso@gmail.com	f	t	2024-10-30 17:16:34.300634+00	\N	\N	\N	\N	South Africa	\N	\N	\N	\N	\N	\N	\N			\N		f	t	NOT PAID	2024-10-30 17:16:34.947435+00	2024-10-30 17:16:34.947451+00	\N	\N	\N
24	pbkdf2_sha256$600000$dZQCA4xvueZ27valVTBFHK$wqb2/EKh2Y5IVX88zx5Qfh2pVsBEsd0W9si/i2mTzbQ=	2025-03-03 20:26:20.076843+00	f	Trust	Trust	Kamuto	trustkamuto@gmail.com	f	t	2024-10-02 20:11:41+00	\N	\N	\N	\N	South Africa	\N	\N	\N	\N	\N	\N	\N		Mr	\N		f	t	PAID	2024-10-02 20:11:42.136596+00	2024-10-22 10:21:32.185989+00	7be40832-d6c4-4e59-988f-e5fa6cb491fd	\N	\N
57	pbkdf2_sha256$600000$ecsooTTTLm5NMAJrNbCTVo$n9rM5mrH+Foks4FQOX79Rj1Tkf0ht7+qpyrqkDbaFb4=	\N	f	siwa.afikile@goldours.ac.za	Afikile	SIwa	siwa.afikile@goldours.ac.za	f	f	2024-11-26 13:08:13.388707+00	\N	\N	\N	\N	South Africa	\N	\N	\N	\N	\N	\N	\N			\N		f	f	NOT PAID	2024-11-26 13:08:14.006934+00	2024-11-26 13:08:14.006961+00	\N	\N	\N
47	pbkdf2_sha256$600000$uhHvWZ7RwwEFSXnBxMD5k9$jcnDORjKdvnSRROuF/VKOCNs+Tugz15Rrl2ZRiXtllU=	2024-11-21 10:25:40.721031+00	f	Lebohang15@icloud.com	Lebohang	Mosia	Lebohang15@icloud.com	f	t	2024-11-21 10:21:00.010777+00	\N	\N	\N	\N	South Africa	\N	\N	\N	\N	\N	\N	\N			\N		f	t	NOT PAID	2024-11-21 10:21:00.624919+00	2024-11-21 10:21:00.624931+00	\N	\N	\N
43	pbkdf2_sha256$600000$7LEWffhIfwngCF3uBhDYS9$bGkqAPc4lYsadUsrXj6qV4iynwh6tNQ4Yycefu+1jJA=	2024-11-19 07:19:50.618525+00	f	Sir@Thoz1	Thozamile	Nyiki	thozamile.nandhengineering@gmail.com	f	t	2024-11-19 07:19:06.546522+00	\N	\N	\N	\N	South Africa	\N	\N	\N	\N	\N	\N	\N			\N		f	t	NOT PAID	2024-11-19 07:19:07.163832+00	2024-11-19 07:19:07.163845+00	\N	\N	\N
44	pbkdf2_sha256$600000$fvik7H4KceQTR2IGcF8UbP$UZmUMmTLGRo/BOjROaCpbAvYk0QbeYQNF1IU+38FLe4=	2024-11-21 04:16:54.67239+00	f	thando.melane@gmail.com	Thando	Melane	thando.melane@gmail.com	f	t	2024-11-21 04:15:01.759622+00	\N	\N	\N	\N	South Africa	\N	\N	\N	\N	\N	\N	\N			\N		f	t	NOT PAID	2024-11-21 04:15:02.441672+00	2024-11-21 04:15:02.441684+00	\N	\N	\N
51	pbkdf2_sha256$600000$bupZHBoZ1SGfHjN1LrydNe$VxQ3FT9GprgKhj4aB4rxiTHr3mCTEzp1Mr5L3gWaFwk=	2024-11-24 20:05:58.179315+00	f	Sami	Penelope	Ndimande	pnpcruze53@gmail.com	f	t	2024-11-24 20:04:48.915463+00	\N	\N	\N	\N	South Africa	\N	\N	\N	\N	\N	\N	\N			\N		f	t	NOT PAID	2024-11-24 20:04:49.513349+00	2024-11-24 20:04:49.513362+00	\N	\N	\N
45	pbkdf2_sha256$600000$Ch1BH9CgC0mNYHgv05NSOQ$3cPqsVVCoGQ4un/mtF89JseMleGZOcVI3K4koKeUPGI=	2024-11-21 06:55:23.330241+00	f	Labu	Lazola	Momo	lazola.momo@gmail.com	f	t	2024-11-21 06:48:38.044387+00	\N	\N	\N	\N	South Africa	\N	\N	\N	\N	\N	\N	\N			\N		f	t	NOT PAID	2024-11-21 06:48:38.680917+00	2024-11-21 06:48:38.68093+00	\N	\N	\N
48	pbkdf2_sha256$600000$UwOwYZSJ7bWvotp7sJ1E0f$/ENtdwVprEu96B1869Lq46upPrC+mRVOPDPfeEkld2I=	2024-11-21 19:36:50.501326+00	f	asiphekwaikwai@gmail.com	Asiphe	Kwaikwai	asiphekwaikwai@gmail.com	f	t	2024-11-21 19:32:15.701583+00	\N	\N	\N	\N	South Africa	\N	\N	\N	\N	\N	\N	\N			\N		f	t	NOT PAID	2024-11-21 19:32:16.367465+00	2024-11-21 19:32:16.367477+00	\N	\N	\N
52	pbkdf2_sha256$600000$23o1fCC7h6lm0ans5sGwxd$IkwPkfSxLGlQX/5XoKYWN4ml5moqe2/tXXf/Sqbjnww=	2024-11-25 18:07:47.778523+00	f	AquilaH	Aquila	Hanise	aquilah@itways.co.za	f	t	2024-11-25 18:06:06.124243+00	\N	\N	\N	\N	South Africa	\N	\N	\N	\N	\N	\N	\N			\N		f	t	NOT PAID	2024-11-25 18:06:06.735589+00	2024-11-25 18:06:06.735602+00	\N	\N	\N
50	pbkdf2_sha256$600000$dGhCYN00fu8V3noXKCPwRR$JjiP665+QYtSGhu7IZI3PJ8zxsPqX4E6bw3FUjdk8yY=	2024-11-23 15:17:37.979658+00	f	milisaint	Miliswa	Ntumba	miliswa@milisaint.co.za	f	t	2024-11-23 15:15:59.699242+00	\N	\N	\N	\N	South Africa	\N	\N	\N	\N	\N	\N	\N			\N		f	t	NOT PAID	2024-11-23 15:16:00.317094+00	2024-11-23 15:16:00.317106+00	\N	\N	\N
61	pbkdf2_sha256$600000$7RV3duFrhztcUxSN4i1u3E$1PV5TcCWv8AKz4XxoTr2LoZk/bnabraHc/RmMNaoXK0=	2024-11-26 17:36:57.478374+00	f	NolwaziM	NOLWAZI	MBEWU	nolwazig.mbewu@gmail.com	f	t	2024-11-26 17:36:00.380385+00	\N	\N	\N	\N	South Africa	\N	\N	\N	\N	\N	\N	\N			\N		f	t	NOT PAID	2024-11-26 17:36:01.03669+00	2024-11-26 17:36:01.036704+00	\N	\N	\N
53	pbkdf2_sha256$600000$fynMBcHtPUR116g27nrAH6$6aM254i6vIrn8nbtcJa8Y8FzuEZwSyyqcX9zHuZHv54=	2024-11-26 04:00:17.114086+00	f	notukela@gmail.com	Notukela	Makohliso	notukela@gmail.com	f	t	2024-11-26 03:58:44.764369+00	\N	\N	\N	\N	South Africa	\N	\N	\N	\N	\N	\N	\N			\N		f	t	NOT PAID	2024-11-26 03:58:45.38383+00	2024-11-26 03:58:45.383841+00	\N	\N	\N
56	pbkdf2_sha256$600000$SzcYZinzsnAIB2CnI7t2su$UEGmtQeg2YtHBthSuFzNLW9ixkrLTOI7D7uJi1rXijA=	2024-11-26 13:32:13.964545+00	f	asive.sipondo@goldours.co.za	Asive	Sipondo	asive.sipondo@goldours.co.za	f	t	2024-11-26 13:03:30.546476+00	\N	\N	\N	\N	South Africa	\N	\N	\N	\N	\N	\N	\N			\N		f	t	NOT PAID	2024-11-26 13:03:31.172291+00	2024-11-26 13:03:31.172305+00	\N	\N	\N
58	pbkdf2_sha256$600000$PfAN0OsuqzPBRw1IUx47Bp$SIRDlyounJsBTfmDrsmzOEqPlCNK/7rrZmLNj+q5zZM=	2024-11-26 13:14:26.571824+00	f	Xolani	Xolani	Mthethwa	xolani2.euticus@gmail.com	f	t	2024-11-26 13:12:25.775814+00	\N	\N	\N	\N	South Africa	\N	\N	\N	\N	\N	\N	\N			\N		f	t	NOT PAID	2024-11-26 13:12:26.3864+00	2024-11-26 13:12:26.386413+00	\N	\N	\N
54	pbkdf2_sha256$600000$UDwZm6b8dMLa0SMmkv9BZH$+NfobsRIEX2CPVEqOdOoPCqrNi5qyGft6DXhbYbZ+Go=	2024-11-26 05:17:47.500326+00	f	Nmtandabuzo	Namhla	Mtandabuzo	qotoyina@gmail.com	f	t	2024-11-26 05:11:38.326941+00	\N	\N	\N	\N	South Africa	\N	\N	\N	\N	\N	\N	\N			\N		f	t	NOT PAID	2024-11-26 05:11:38.944944+00	2024-11-26 05:11:38.944959+00	\N	\N	\N
60	pbkdf2_sha256$600000$lJa360pfbYu7YeREpe3Izr$n4xcg62sRIXQIq3Guuv8LK+aVcTIAQr4D4dy1kNOri4=	2024-11-26 16:57:13.539829+00	f	Oyena13	Siyabulela	Msizi	msizi.siyabulela@gmail.com	f	t	2024-11-26 16:56:07.890293+00	\N	\N	\N	\N	South Africa	\N	\N	\N	\N	\N	\N	\N			\N		f	t	NOT PAID	2024-11-26 16:56:08.545836+00	2024-11-26 16:56:08.54585+00	\N	\N	\N
59	pbkdf2_sha256$600000$Ee6DYJuKOqzolpPBp3mN2C$pDcM6sGWygDi/wRDrgjNNbLl1auNLuYfFb/IPulY6k8=	2024-11-26 13:29:16.563421+00	f	siwa.afikile@goldours.co.za	AFIKILE	SIWA	siwa.afikile@goldours.co.za	f	t	2024-11-26 13:26:20.532962+00	\N	\N	\N	\N	South Africa	\N	\N	\N	\N	\N	\N	\N			\N		f	t	NOT PAID	2024-11-26 13:26:21.191831+00	2024-11-26 13:26:21.191848+00	\N	\N	\N
55	pbkdf2_sha256$600000$Ka59yrBTghdo7j2r4vnVen$NxdDxfeufTcbBIJMXWajYUmy2JCuy+olSQ0Ty07mro4=	2024-11-26 13:41:28.592763+00	f	owonamadlingozi	Owona	Madlingozi	owonamadlingozi@gmail.com	f	t	2024-11-26 08:28:17.676693+00	\N	\N	\N	\N	South Africa	\N	\N	\N	\N	\N	\N	\N			\N		f	t	NOT PAID	2024-11-26 08:28:18.3244+00	2024-11-26 08:28:18.324413+00	\N	\N	\N
49	pbkdf2_sha256$600000$bud6xpn54orhlZDbflLkrY$qZW5TaBI3GztG5Ad90lTaFBEG6qwrVWsIdQe2hvZqc0=	2024-11-26 16:45:40.105428+00	f	Rosley	Rosley	Sibanda	opulentrosley@gmail.com	f	t	2024-11-22 09:15:31.193519+00	\N	\N	\N	\N	South Africa	\N	\N	\N	\N	\N	\N	\N			\N		f	t	NOT PAID	2024-11-22 09:15:31.842621+00	2024-11-22 09:15:31.842633+00	\N	\N	\N
63	pbkdf2_sha256$600000$o7fOB1V6kigMoTWtlW6A9T$w/1tekzT5UxvTC01H3Rwh1KwWOAA+7Pt7aKH8JnuZxo=	2024-11-26 20:23:25.618671+00	f	MphahleleE	Emma	Mphahlele	emma@kidsinnovateafrica.com	f	t	2024-11-26 20:22:21.491705+00	\N	\N	\N	\N	South Africa	\N	\N	\N	\N	\N	\N	\N			\N		f	t	NOT PAID	2024-11-26 20:22:22.099717+00	2024-11-26 20:22:22.099731+00	\N	\N	\N
64	pbkdf2_sha256$600000$g3UzrCcR2G23OUtnVnIexz$RBr9yx0o6pwHossrsRlGWZFkMGRZGCs5uOG7/MgpDyw=	2024-11-27 02:15:26.054283+00	f	SiliziweN	Siliziwe	Ncanywa	sncanywa@gmail.com	f	t	2024-11-27 02:13:39.360793+00	\N	\N	\N	\N	South Africa	\N	\N	\N	\N	\N	\N	\N			\N		f	t	NOT PAID	2024-11-27 02:13:40.000425+00	2024-11-27 02:13:40.000438+00	\N	\N	\N
65	pbkdf2_sha256$600000$RAHdHNtsVWuUeOOdVjmlXx$P93BxJRCAYPrVTPc8pXw6jZMzAHsmbvG3XarGANEn0Q=	2024-11-27 07:20:38.502046+00	f	SobsKwetana	Sonwabile	Kwetana	sonwabilekwetana@gmail.com	f	t	2024-11-27 07:20:12.431434+00	\N	\N	\N	\N	South Africa	\N	\N	\N	\N	\N	\N	\N			\N		f	t	NOT PAID	2024-11-27 07:20:13.083617+00	2024-11-27 07:20:13.083628+00	\N	\N	\N
62	pbkdf2_sha256$600000$h2ZTTyg1VJCesqeyI49Gsm$4Q59PDi0djqv3d0Bp6raqaW5UC3B7XTIc1cCdU5OSew=	2024-11-27 07:21:51.867493+00	f	Phetheni	Phetheni	Nconco	nconco.phetheni@gmail.com	f	t	2024-11-26 17:50:32.656208+00	\N	\N	\N	\N	South Africa	\N	\N	\N	\N	\N	\N	\N			\N		f	t	NOT PAID	2024-11-26 17:50:33.291326+00	2024-11-26 17:50:33.291339+00	\N	\N	\N
40	pbkdf2_sha256$600000$NVeTLLzxnH2GbcrTT0VPfA$gmd259KCLbWY1EsJle5Gjp8yxldp3ffP/EdKeGMY+l8=	2024-11-27 11:34:41.378755+00	f	Sinako	Sinako	Nyombolo	sinakonyombolo@outlook.com	f	t	2024-11-14 13:05:19.915984+00	\N	\N	\N	\N	South Africa	\N	\N	\N	\N	\N	\N	\N			\N		f	t	NOT PAID	2024-11-14 13:05:20.652554+00	2024-11-14 13:05:20.652566+00	\N	\N	\N
2	pbkdf2_sha256$600000$b1SzlBhnEw6ETZiqTAiNAq$djeNoEscJw2qoAUiTW5R/LRZw4uC7hfpBAxNrRUiZak=	2025-05-13 21:00:30.606225+00	t	sazi.ndwandwa	Sazi	Ndwandwa	sazi.ndwandwa@gmail.com	t	t	2024-08-06 20:30:32+00	\N	\N	Cape Town	\N	South Africa	7441	\N	\N	\N	\N	\N	\N	profile/605be33a7e1f45048f16d6ed12ceaee3.jpg	Mr	\N	Chartered Accountant\r\nBusiness Growth Expert\r\nBusiness owner since 2018.\r\nPassionate about growth and unity.	f	t	PAID	2024-08-06 20:30:33.378926+00	2024-12-23 00:44:21.456254+00	7be40832-d6c4-4e59-988f-e5fa6cb491fd	\N	\N
71	pbkdf2_sha256$600000$EkPWXlaciTskuCqAQJSGaV$0TJ0UUO5Y3YrUCztdzF7kQnif/jvkTwmQTNQ87EiI3I=	2025-01-15 21:26:01.177877+00	f	SibabalweY	Sibabalwe	Yako	sibabalwe.y2004@gmail.com	f	t	2024-12-15 22:46:24.996171+00	\N	\N	\N	\N	South Africa	\N	\N	\N	\N	\N	\N	\N			\N		f	t	NOT PAID	2024-12-15 22:46:25.619426+00	2024-12-15 22:46:25.619446+00	\N	\N	\N
42	pbkdf2_sha256$600000$1WlOWu6ZSzCtQCN3AflqS3$IlFVMe5PGM4/Z0VW0bFhfXhAlIlg/AAdixjB2gMvfOs=	2025-02-25 18:56:33.542275+00	f	xwayis	Sonwabile	Xwayi	xwayis@gmail.com	f	t	2024-11-15 13:01:20.583187+00	\N	\N	\N	\N	South Africa	\N	\N	\N	\N	\N	\N	\N			\N		f	t	NOT PAID	2024-11-15 13:01:21.263983+00	2024-11-15 13:01:21.263996+00	\N	\N	\N
39	pbkdf2_sha256$600000$VMaaxbYszqpKaPaZgG0uHh$+qry5BjPTe4Hm/YACn1ra3o8oySTx8FdPEP6dqyDDBI=	2025-06-09 09:20:21.26387+00	f	Thozamile.nyiki@gmail.com	Thozamile	Nyiki	thozamile.nyiki@gmail.com	f	t	2024-11-13 19:30:19.08731+00	\N	\N	\N	\N	South Africa	\N	\N	\N	\N	\N	\N	\N			\N		f	t	NOT PAID	2024-11-13 19:30:19.776515+00	2025-03-27 12:56:16.142241+00	\N	\N	\N
75	pbkdf2_sha256$600000$GMNGMQWQiBvUearLp0qeQC$yeShZRTOIaTklaed+zjomt5AF1ra8NwmQHLF1skmIyQ=	2025-02-06 09:30:45.053942+00	f	nmkiva0906@gmail.com	Nasiphi	Mkiva	nmkiva0906@gmail.com	f	t	2025-02-06 09:30:13.31058+00	\N	\N	\N	\N	South Africa	\N	\N	\N	\N	\N	\N	\N			\N		f	t	NOT PAID	2025-02-06 09:30:13.976461+00	2025-02-06 09:30:13.97648+00	\N	\N	\N
81	pbkdf2_sha256$600000$Lb38BvFMLLMXBw94KtU6KV$9iqYuOoQdlKoMQG5JH07Ums01ycPP7er8/OvRwWHwfU=	2025-02-20 05:14:32.828086+00	f	jambriers@gmail.com	John	Briers	jambriers@gmail.com	f	t	2025-02-20 05:01:16.232008+00	\N	\N	\N	\N	South Africa	\N	\N	\N	\N	\N	\N	\N			\N		f	t	NOT PAID	2025-02-20 05:01:16.891173+00	2025-02-20 05:01:16.891184+00	\N	\N	\N
80	pbkdf2_sha256$600000$S4RYuxT8Zdpgh5xDtnuQlH$fA/Xv4iKExLSZ+solsEi0+ACdAGkc1sUcnHdZcOjyZs=	2025-02-24 06:35:07.996891+00	f	simosendalo@gmail.com	Ayanda	Matebe	simosendalo@gmail.com	f	t	2025-02-18 17:53:25.779125+00	\N	\N	\N	\N	South Africa	\N	\N	\N	\N	\N	\N	\N			\N		f	t	NOT PAID	2025-02-18 17:53:26.464826+00	2025-02-18 17:58:04.955055+00	\N	\N	\N
76	pbkdf2_sha256$600000$kRn20N6mTgFPtaAKJD3Ahl$Wu3lpNTGG5I+9Jv8zsfRQZ5tELKbCv93PpPz3e1421M=	2025-02-09 13:34:57.575801+00	f	victoria@kudusigma.com	Victoria	Machete	victoria@kudusigma.com	f	t	2025-02-09 13:30:14.306075+00	\N	\N	\N	\N	South Africa	\N	\N	\N	\N	\N	\N	\N			\N		f	t	NOT PAID	2025-02-09 13:30:15.043704+00	2025-02-09 13:30:15.043724+00	\N	\N	\N
72	pbkdf2_sha256$600000$Va8y3QSQo9JCxGGaKgY0DW$Vs7rb/rcJ6yNmKhz0mqWK/PMpPIB64659CYcMXpiVOY=	2025-01-27 17:54:17.997052+00	f	Jonathan@myteksonic.co.za	Jonathan	Kgatshe	Jonathan@myteksonic.co.za	f	t	2025-01-27 17:51:09.661754+00	\N	\N	\N	\N	South Africa	\N	\N	\N	\N	\N	\N	\N			\N		f	t	NOT PAID	2025-01-27 17:51:10.31323+00	2025-01-27 17:51:10.313242+00	\N	\N	\N
77	pbkdf2_sha256$600000$nCo4qYx17NOGmoeE3Cy2Ia$T+jiWK7VYYtft1XmwEDY5NbTwFglkD6kjvhFLuLlEUg=	2025-02-13 17:13:20.609668+00	f	khethokuhlendimande98@gmail.com	Khethokuhle	Ndimande	khethokuhlendimande98@gmail.com	f	t	2025-02-13 17:07:21.946942+00	\N	\N	\N	\N	South Africa	\N	\N	\N	\N	\N	\N	\N			\N		f	t	NOT PAID	2025-02-13 17:07:22.603203+00	2025-02-13 17:07:22.603217+00	\N	\N	\N
85	pbkdf2_sha256$600000$gy5Ls07tFLkCIPFwovlkcU$WkikToOFWSQ7nK7V7DYCsEJE4fNd//RH8J9lhmh1qSY=	2025-02-26 11:32:42.223403+00	f	nkosi.ndwandwa@gmail.com	Nkosi	Ndwandwa	nkosi.ndwandwa@gmail.com	f	t	2025-02-26 11:30:52.462825+00	\N	\N	\N	\N	South Africa	\N	\N	\N	\N	\N	\N	\N			\N		f	t	NOT PAID	2025-02-26 11:30:53.08894+00	2025-02-26 11:30:53.088954+00	\N	\N	\N
82	pbkdf2_sha256$600000$SxdpDFvdaavAGDMAz1tLka$5BlBbaueq6Hk7jATEJhhGZZSQnKvfQRVlYYVQlXI82Q=	\N	f	tsotetsi.tat@gmail.com	Thabang	Tsotetsi	tsotetsi.tat@gmail.com	f	f	2025-02-25 07:52:09.852184+00	\N	\N	\N	\N	South Africa	\N	\N	\N	\N	\N	\N	\N			\N		f	f	NOT PAID	2025-02-25 07:52:10.616564+00	2025-02-25 07:52:10.616576+00	\N	\N	\N
74	pbkdf2_sha256$600000$iZ53uYtVBAibu4mnznzeG0$lZphxshIAECofzgkqdsziGSKmutipwYsl/ssNQCvPWk=	2025-02-05 16:23:53.501937+00	f	info@udakatribe.co.za	Abongile	Madabane Ntsane	info@udakatribe.co.za	f	t	2025-02-05 14:59:40.823625+00	\N	\N	\N	\N	South Africa	\N	\N	\N	\N	\N	\N	\N			\N		f	t	NOT PAID	2025-02-05 14:59:41.462694+00	2025-02-05 14:59:41.462707+00	\N	\N	\N
87	pbkdf2_sha256$600000$SK29rPis6HFX6R6i4qPsw8$W1bonU5vC7rpfB02jZ0dLAft1WHTr6pkUtpGG/wUXvE=	2025-02-26 14:22:22.21111+00	f	ltsotetsi4@gmail.com	Lehlohonolo	Tsotetsi	ltsotetsi4@gmail.com	f	t	2025-02-26 14:07:30.453228+00	\N	\N	\N	\N	South Africa	\N	\N	\N	\N	\N	\N	\N			\N		f	t	NOT PAID	2025-02-26 14:07:31.098054+00	2025-02-26 14:07:31.098068+00	\N	\N	\N
86	pbkdf2_sha256$600000$gQkF7zQMrL81TC8EefPYWN$3dRDAOhUc0PayrX8iniN0TKoq1fHNOlcArGOtFT27HQ=	\N	f	infolitglobal@gmail.com	Lehlohonolo	Tsotetsi	infolitglobal@gmail.com	f	t	2025-02-26 12:01:24.637271+00	\N	\N	\N	\N	South Africa	\N	\N	\N	\N	\N	\N	\N			\N		f	t	NOT PAID	2025-02-26 12:01:25.295067+00	2025-02-27 07:12:01.034187+00	\N	\N	\N
79	pbkdf2_sha256$600000$HSuPn52YdVBPuHvwL75ngy$j16ANUyvKq3LWxdU5uVUg+m761azTv04fQzFiZCNFHU=	2025-02-17 23:42:36.563454+00	f	chumaigh@gmail.com	Chuma	Nombewu	chumaigh@gmail.com	f	t	2025-02-17 23:37:21.280325+00	\N	\N	\N	\N	South Africa	\N	\N	\N	\N	\N	\N	\N			\N		f	t	NOT PAID	2025-02-17 23:37:21.933938+00	2025-02-17 23:37:21.933954+00	\N	\N	\N
83	pbkdf2_sha256$600000$GbDwQexJCEOhOvrjNTcJp2$zuD0v860LNCA/rPLXWQUY2DhKD5FnXsM0CTluVO8+Lo=	2025-02-26 09:07:11.396541+00	f	mgbemenab@gmail.com	Busi	Mgbemena	mgbemenab@gmail.com	f	t	2025-02-26 09:06:12.866409+00	\N	\N	\N	\N	South Africa	\N	\N	\N	\N	\N	\N	\N			\N		f	t	NOT PAID	2025-02-26 09:06:13.530444+00	2025-02-26 09:06:13.530457+00	\N	\N	\N
78	pbkdf2_sha256$600000$3qvqWvzECvb301zPD4lxjW$pSgaIPUufN3jJ3Q2lYJz4k+1OQzi/Pa00shsNTTreog=	2025-02-27 07:12:47.318672+00	f	magoro.thulane@gmail.com	Thulane	Magoro	magoro.thulane@gmail.com	f	t	2025-02-17 20:51:30.719155+00	\N	\N	\N	\N	South Africa	\N	\N	\N	\N	\N	\N	\N			\N		f	t	NOT PAID	2025-02-17 20:51:31.392213+00	2025-02-26 11:55:04.394021+00	\N	\N	\N
84	pbkdf2_sha256$600000$UTsiU2W1oJvgVgbwB6Dpc1$COnayx6NuI0jLIRRWXpz0ikY4lw17JhbazC2ABpAWlY=	2025-02-26 09:37:07.481213+00	f	Samuel.qalazive@goldours.co.za	Samuel	Qalazive	Samuel.qalazive@goldours.co.za	f	t	2025-02-26 09:33:34.797403+00	\N	\N	\N	\N	South Africa	\N	\N	\N	\N	\N	\N	\N			\N		f	t	NOT PAID	2025-02-26 09:33:35.449941+00	2025-02-26 09:33:35.449957+00	\N	\N	\N
88	pbkdf2_sha256$600000$vIMLgNM8WleeoNhzRgWpy5$h3u82mHb7iwBpMOX35XHblUOVS9W9ZVCK1gbdvs+FIQ=	2025-02-27 13:56:50.83333+00	f	sbongile983@gmail.com	Sibongile	Mpongwana-Ncetani	sbongile983@gmail.com	f	t	2025-02-27 13:55:40.158672+00	\N	\N	\N	\N	South Africa	\N	\N	\N	\N	\N	\N	\N			\N		f	t	NOT PAID	2025-02-27 13:55:40.813143+00	2025-02-27 13:55:40.813156+00	\N	\N	\N
90	pbkdf2_sha256$600000$EjXqCTCcENfPC7LLIEnKM1$eqR3zSVlK1aAkzG+QzM73mBFL1tBaYv7uM4jrt3wOdU=	2025-04-07 17:51:13.064518+00	f	Lulacs2011@gmail.com	Ludwe	Tshulisi	Lulacs2011@gmail.com	f	t	2025-04-07 17:47:54.481229+00	\N	\N	\N	\N	South Africa	\N	\N	\N	\N	\N	\N	\N			\N		f	t	NOT PAID	2025-04-07 17:47:55.365632+00	2025-04-07 17:47:55.365656+00	\N	\N	\N
95	pbkdf2_sha256$600000$nQEf6VKpCmLGoqwv23csMV$KwU+X5e3Inw0PKHInnukMoWmgVtf8OU+kncFeX8che0=	\N	f	carla.cloete2010@gmail.com	Carla	Oostendurp	carla.cloete2010@gmail.com	f	t	2025-06-30 16:03:38+00	\N	\N	\N	\N	South Africa	\N	\N	\N	\N	\N	\N	\N		Mr	\N		f	t	NOT PAID	2025-06-30 16:03:39.374625+00	2025-07-12 22:33:45.746701+00	7be40832-d6c4-4e59-988f-e5fa6cb491fd	\N	\N
1	pbkdf2_sha256$600000$P5WRxhCvmIe2Eb2DdhYAjc$+N5xPQrA1vMrjpe3Cy6Pf07jktQ4sqBXSnH80wmKrHM=	2025-07-14 11:24:54.423128+00	t	admin_thomas	Thomas	Gumede	gumedewandile18@gmail.com	t	t	2024-08-06 19:41:01+00	None	Suite 4	Cape Town	kzn	South Africa	7441	\N	0663409363	\N	\N	\N	\N	profile/d0e754e717bf4cd1bb95f91579d5ba81.jpg	Mr	\N	Finished High School in 2018, Went to Accounting school for my BCom Accounting degree, graduated and went on to complete my PGDA. Self taught Software developer and designer.	t	t	NOT PAID	2024-08-06 19:41:01.79333+00	2025-06-09 09:04:13.822018+00	\N	2025-11-07 04:14:23+00	2024-11-07 04:14:23+00
94	pbkdf2_sha256$600000$2IpBm8nGMjeTN44APp55FF$Fa3+QJjyudI1KCLh3OumXOIH/4rwuL69V80fBe12mrM=	\N	f	sfatyi1@gmail.com	Sakhumzi	Fatyi	sfatyi1@gmail.com	f	t	2025-06-30 10:42:32+00	\N	\N	\N	\N	South Africa	\N	\N	\N	\N	\N	\N	\N		Mr	\N		f	t	NOT PAID	2025-06-30 10:42:33.389214+00	2025-07-12 22:34:15.039874+00	\N	\N	\N
93	pbkdf2_sha256$600000$X5GVQGcMvEgybHemOckY31$uX5KpClAVueVi4wi5X0H/IcoPD4dR+0DIGSPj4ASTI4=	\N	f	phantom0433@gmail.com	Aluta	Kondile	phantom0433@gmail.com	f	t	2025-06-16 13:02:11+00	\N	\N	\N	\N	South Africa	\N	\N	\N	\N	\N	\N	\N		Prof	\N		f	t	PAID	2025-06-16 13:02:12.205644+00	2025-07-12 22:34:58.409893+00	7be40832-d6c4-4e59-988f-e5fa6cb491fd	\N	\N
92	pbkdf2_sha256$600000$lcKSJxy3Fxky1dYG6sp58g$ZPhSoT+4GW9jH8zeSnSlNrSjRnblleWeivjWSZPyHEg=	\N	f	kanyolopetrus2222@gmail.com	Petrus	Kanyolo	kanyolopetrus2222@gmail.com	f	t	2025-05-12 10:33:00+00	\N	\N	\N	\N	South Africa	\N	\N	\N	\N	\N	\N	\N		Prof	\N		f	t	NOT PAID	2025-05-12 10:33:01.595266+00	2025-07-12 22:35:23.641222+00	\N	\N	\N
\.


--
-- Data for Name: accounts_account_groups; Type: TABLE DATA; Schema: public; Owner: thomas
--

COPY public.accounts_account_groups (id, account_id, group_id) FROM stdin;
\.


--
-- Data for Name: accounts_account_user_permissions; Type: TABLE DATA; Schema: public; Owner: thomas
--

COPY public.accounts_account_user_permissions (id, account_id, permission_id) FROM stdin;
\.


--
-- Data for Name: accounts_subscriptionorder; Type: TABLE DATA; Schema: public; Owner: thomas
--

COPY public.accounts_subscriptionorder (id, created, updated, payment_method_type, payment_method_card_holder, payment_method_masked_card, payment_method_scheme, payment_date, order_id, vat, total_amount, checkout_id, payment_status, package_id, subscriber_id, client_address_one, client_address_two, client_city, client_country, client_email, client_first_name, client_last_name, client_phone, client_province, client_zipcode, discount, checkout_details) FROM stdin;
\.


--
-- Data for Name: accounts_subscriptionpackage; Type: TABLE DATA; Schema: public; Owner: thomas
--

COPY public.accounts_subscriptionpackage (id, created, updated, title, amount, details, max_businesses, max_services_per_business, max_products_per_business) FROM stdin;
7be40832-d6c4-4e59-988f-e5fa6cb491fd	2024-08-06 19:54:13.789114+00	2024-10-02 16:37:03.673281+00	Business Listing Premium	500.00	List your business on our website and generate more customers.\r\n\r\nAccess our growth benefits including:\r\n- training\r\n- Mentoring\r\n- special prices\r\n- funding opportunities\r\n- access to sell to our members\r\n- commission earning opportunities	500	500	500
\.


--
-- Data for Name: accounts_walletmodel; Type: TABLE DATA; Schema: public; Owner: thomas
--

COPY public.accounts_walletmodel (id, created, updated, name, balance, status, cleared_date, owner_id) FROM stdin;
739a7d88-5950-419f-8580-c73f07b08be7	2024-08-22 13:11:49.660732+00	2024-08-22 13:11:49.660751+00		2317.64	('No status', 'No status')	2024-08-22 13:11:49.660379+00	1
29a061de-c8f7-4c6e-95f9-d5e8ee08d047	2024-09-18 17:10:15.122452+00	2024-09-18 17:10:15.122476+00		840.00	('No status', 'No status')	2024-09-18 17:10:15.122092+00	2
a8cfba46-19e3-4b83-a45a-d9a487a03a25	2024-11-06 15:08:52.90393+00	2024-11-06 15:08:52.903957+00		4010.00	('No status', 'No status')	2024-11-06 15:08:52.903433+00	29
\.


--
-- Data for Name: auth_group; Type: TABLE DATA; Schema: public; Owner: thomas
--

COPY public.auth_group (id, name) FROM stdin;
\.


--
-- Data for Name: auth_group_permissions; Type: TABLE DATA; Schema: public; Owner: thomas
--

COPY public.auth_group_permissions (id, group_id, permission_id) FROM stdin;
\.


--
-- Data for Name: auth_permission; Type: TABLE DATA; Schema: public; Owner: thomas
--

COPY public.auth_permission (id, name, content_type_id, codename) FROM stdin;
1	Can add log entry	1	add_logentry
2	Can change log entry	1	change_logentry
3	Can delete log entry	1	delete_logentry
4	Can view log entry	1	view_logentry
5	Can add permission	2	add_permission
6	Can change permission	2	change_permission
7	Can delete permission	2	delete_permission
8	Can view permission	2	view_permission
9	Can add group	3	add_group
10	Can change group	3	change_group
11	Can delete group	3	delete_group
12	Can view group	3	view_group
13	Can add content type	4	add_contenttype
14	Can change content type	4	change_contenttype
15	Can delete content type	4	delete_contenttype
16	Can view content type	4	view_contenttype
17	Can add session	5	add_session
18	Can change session	5	change_session
19	Can delete session	5	delete_session
20	Can view session	5	view_session
21	Can add Account	6	add_account
22	Can change Account	6	change_account
23	Can delete Account	6	delete_account
24	Can view Account	6	view_account
25	Can add Package	7	add_subscriptionpackage
26	Can change Package	7	change_subscriptionpackage
27	Can delete Package	7	delete_subscriptionpackage
28	Can view Package	7	view_subscriptionpackage
29	Can add Wallet	8	add_walletmodel
30	Can change Wallet	8	change_walletmodel
31	Can delete Wallet	8	delete_walletmodel
32	Can view Wallet	8	view_walletmodel
33	Can add Post	9	add_blog
34	Can change Post	9	change_blog
35	Can delete Post	9	delete_blog
36	Can view Post	9	view_blog
37	Can add Categorie	10	add_blogcategory
38	Can change Categorie	10	change_blogcategory
39	Can delete Categorie	10	delete_blogcategory
40	Can view Categorie	10	view_blogcategory
41	Can add Email	11	add_emailmodel
42	Can change Email	11	change_emailmodel
43	Can delete Email	11	delete_emailmodel
44	Can view Email	11	view_emailmodel
45	Can add FAQ	12	add_faq
46	Can change FAQ	12	change_faq
47	Can delete FAQ	12	delete_faq
48	Can view FAQ	12	view_faq
49	Can add member	13	add_member
50	Can change member	13	change_member
51	Can delete member	13	delete_member
52	Can view member	13	view_member
53	Can add Privacy	14	add_privacy
54	Can change Privacy	14	change_privacy
55	Can delete Privacy	14	delete_privacy
56	Can view Privacy	14	view_privacy
57	Can add Comment	15	add_comment
58	Can change Comment	15	change_comment
59	Can delete Comment	15	delete_comment
60	Can view Comment	15	view_comment
61	Can add Business	16	add_business
62	Can change Business	16	change_business
63	Can delete Business	16	delete_business
64	Can view Business	16	view_business
65	Can add Category	17	add_category
66	Can change Category	17	change_category
67	Can delete Category	17	delete_category
68	Can view Category	17	view_category
69	Can add Business Review	18	add_businessreview
70	Can change Business Review	18	change_businessreview
71	Can delete Business Review	18	delete_businessreview
72	Can view Business Review	18	view_businessreview
73	Can add business content	19	add_businesscontent
74	Can change business content	19	change_businesscontent
75	Can delete business content	19	delete_businesscontent
76	Can view business content	19	view_businesscontent
77	Can add Business Hour	20	add_businesshour
78	Can change Business Hour	20	change_businesshour
79	Can delete Business Hour	20	delete_businesshour
80	Can view Business Hour	20	view_businesshour
81	Can add Campaigns	21	add_campaignmodel
82	Can change Campaigns	21	change_campaignmodel
83	Can delete Campaigns	21	delete_campaignmodel
84	Can view Campaigns	21	view_campaignmodel
85	Can add Contribution	22	add_contributionmodel
86	Can change Contribution	22	change_contributionmodel
87	Can delete Contribution	22	delete_contributionmodel
88	Can view Contribution	22	view_contributionmodel
89	Can add Campaign Update	23	add_campaignupdatemodel
90	Can change Campaign Update	23	change_campaignupdatemodel
91	Can delete Campaign Update	23	delete_campaignupdatemodel
92	Can view Campaign Update	23	view_campaignupdatemodel
93	Can add Event	24	add_eventmodel
94	Can change Event	24	change_eventmodel
95	Can delete Event	24	delete_eventmodel
96	Can view Event	24	view_eventmodel
97	Can add event ticket type model	25	add_eventtickettypemodel
98	Can change event ticket type model	25	change_eventtickettypemodel
99	Can delete event ticket type model	25	delete_eventtickettypemodel
100	Can view event ticket type model	25	view_eventtickettypemodel
101	Can add Ticker order	26	add_ticketordermodel
102	Can change Ticker order	26	change_ticketordermodel
103	Can delete Ticker order	26	delete_ticketordermodel
104	Can view Ticker order	26	view_ticketordermodel
105	Can add Ticket	27	add_ticketmodel
106	Can change Ticket	27	change_ticketmodel
107	Can delete Ticket	27	delete_ticketmodel
108	Can view Ticket	27	view_ticketmodel
109	Can add Service	28	add_service
110	Can change Service	28	change_service
111	Can delete Service	28	delete_service
112	Can view Service	28	view_service
113	Can add Qoutation Request	29	add_qoutation
114	Can change Qoutation Request	29	change_qoutation
115	Can delete Qoutation Request	29	delete_qoutation
116	Can view Qoutation Request	29	view_qoutation
117	Can add BBGI Finance Information	30	add_bbgibankmodel
118	Can change BBGI Finance Information	30	change_bbgibankmodel
119	Can delete BBGI Finance Information	30	delete_bbgibankmodel
120	Can view BBGI Finance Information	30	view_bbgibankmodel
121	Can add Payment Information	31	add_paymentinformation
122	Can change Payment Information	31	change_paymentinformation
123	Can delete Payment Information	31	delete_paymentinformation
124	Can view Payment Information	31	view_paymentinformation
125	Can add crontab	32	add_crontabschedule
126	Can change crontab	32	change_crontabschedule
127	Can delete crontab	32	delete_crontabschedule
128	Can view crontab	32	view_crontabschedule
129	Can add interval	33	add_intervalschedule
130	Can change interval	33	change_intervalschedule
131	Can delete interval	33	delete_intervalschedule
132	Can view interval	33	view_intervalschedule
133	Can add periodic task	34	add_periodictask
134	Can change periodic task	34	change_periodictask
135	Can delete periodic task	34	delete_periodictask
136	Can view periodic task	34	view_periodictask
137	Can add periodic tasks	35	add_periodictasks
138	Can change periodic tasks	35	change_periodictasks
139	Can delete periodic tasks	35	delete_periodictasks
140	Can view periodic tasks	35	view_periodictasks
141	Can add solar event	36	add_solarschedule
142	Can change solar event	36	change_solarschedule
143	Can delete solar event	36	delete_solarschedule
144	Can view solar event	36	view_solarschedule
145	Can add clocked	37	add_clockedschedule
146	Can change clocked	37	change_clockedschedule
147	Can delete clocked	37	delete_clockedschedule
148	Can view clocked	37	view_clockedschedule
149	Can add task result	38	add_taskresult
150	Can change task result	38	change_taskresult
151	Can delete task result	38	delete_taskresult
152	Can view task result	38	view_taskresult
153	Can add chord counter	39	add_chordcounter
154	Can change chord counter	39	change_chordcounter
155	Can delete chord counter	39	delete_chordcounter
156	Can view chord counter	39	view_chordcounter
157	Can add group result	40	add_groupresult
158	Can change group result	40	change_groupresult
159	Can delete group result	40	delete_groupresult
160	Can view group result	40	view_groupresult
161	Can add Subscription Order	41	add_subscriptionorder
162	Can change Subscription Order	41	change_subscriptionorder
163	Can delete Subscription Order	41	delete_subscriptionorder
164	Can view Subscription Order	41	view_subscriptionorder
165	Can add business location	42	add_businesslocation
166	Can change business location	42	change_businesslocation
167	Can delete business location	42	delete_businesslocation
168	Can view business location	42	view_businesslocation
169	Can add business address	43	add_businessaddress
170	Can change business address	43	change_businessaddress
171	Can delete business address	43	delete_businessaddress
172	Can view business address	43	view_businessaddress
173	Can add Event Organisor	44	add_eventorganisor
174	Can change Event Organisor	44	change_eventorganisor
175	Can delete Event Organisor	44	delete_eventorganisor
176	Can view Event Organisor	44	view_eventorganisor
177	Can add About Company	45	add_aboutcompany
178	Can change About Company	45	change_aboutcompany
179	Can delete About Company	45	delete_aboutcompany
180	Can view About Company	45	view_aboutcompany
181	Can add coupon	46	add_coupon
182	Can change coupon	46	change_coupon
183	Can delete coupon	46	delete_coupon
184	Can view coupon	46	view_coupon
185	Can add Campaign Review	47	add_campaignreview
186	Can change Campaign Review	47	change_campaignreview
187	Can delete Campaign Review	47	delete_campaignreview
188	Can view Campaign Review	47	view_campaignreview
189	Can add campaign content	48	add_campaigncontent
190	Can change campaign content	48	change_campaigncontent
191	Can delete campaign content	48	delete_campaigncontent
192	Can view campaign content	48	view_campaigncontent
193	Can add Ecent Review	49	add_eventreview
194	Can change Ecent Review	49	change_eventreview
195	Can delete Ecent Review	49	delete_eventreview
196	Can view Ecent Review	49	view_eventreview
197	Can add event content	50	add_eventcontent
198	Can change event content	50	change_eventcontent
199	Can delete event content	50	delete_eventcontent
200	Can view event content	50	view_eventcontent
201	Can add Accreditation	51	add_accreditation
202	Can change Accreditation	51	change_accreditation
203	Can delete Accreditation	51	delete_accreditation
204	Can view Accreditation	51	view_accreditation
205	Can add Review	52	add_review
206	Can change Review	52	change_review
207	Can delete Review	52	delete_review
208	Can view Review	52	view_review
209	Can add Sponsor	53	add_sponsor
210	Can change Sponsor	53	change_sponsor
211	Can delete Sponsor	53	delete_sponsor
212	Can view Sponsor	53	view_sponsor
213	Can add Qoutation Request	54	add_requestservice
214	Can change Qoutation Request	54	change_requestservice
215	Can delete Qoutation Request	54	delete_requestservice
216	Can view Qoutation Request	54	view_requestservice
217	Can add Listing Order	55	add_listingorder
218	Can change Listing Order	55	change_listingorder
219	Can delete Listing Order	55	delete_listingorder
220	Can view Listing Order	55	view_listingorder
\.


--
-- Data for Name: bbgi_home_accreditation; Type: TABLE DATA; Schema: public; Owner: thomas
--

COPY public.bbgi_home_accreditation (id, created, updated, logo, accreditation) FROM stdin;
\.


--
-- Data for Name: bbgi_home_blog; Type: TABLE DATA; Schema: public; Owner: thomas
--

COPY public.bbgi_home_blog (id, created, updated, image, title, description, slug, content, author_id, category_id) FROM stdin;
68b33542-affb-490d-90ae-364e356db324	2024-08-06 20:07:17.551628+00	2024-12-23 00:46:10.309388+00	post/20c1770be9914d518c562b1f73f81e36.jpg	Black Business Growth Initiative Calls for Unity, Heritage	<h3><em><strong><span style="font-size: 14pt;">Themed: &ldquo;Black Business Growth Initiative Celeb	black-business-growth-initiative-calls-for-unity-heritage	<h3><em><strong><span style="font-size: 14pt;">Themed: &ldquo;Black Business Growth Initiative Celebrating our Heritage, Carrying it into the Future, Building Legacies</span></strong></em></h3>\r\n<p>&nbsp;</p>\r\n<p><span style="font-size: 12pt; color: #7e8c8d;">The event takes place next Wednesday, (20 September 2023), at the Personal Trust House in Rondebosch, Cape Town. The BBGI reflects itself as a community of like-minded people united for the growth of Black African businesses and careers. The BBGI is going to discuss the importance of the female voice in black matters; the truths and myths around Women&rsquo;s Day celebrations in South Africa; celebrating Black women with the support and buy-in of Black men.</span></p>\r\n<p>&nbsp;</p>\r\n<p><span style="color: #7e8c8d;">Black Business Growth Initiative celebrates our beautiful and diverse heritage. We carry our heritage into our very bright future.&nbsp;</span></p>\r\n<p>&nbsp;</p>\r\n<p><span style="color: #7e8c8d;">&ldquo;Through our individual heritage, we shall collectively build legacies for our nation.&rdquo;</span></p>\r\n<p>&nbsp;</p>\r\n<p><span style="color: #7e8c8d;">The BBGI asks several questions:</span></p>\r\n<p>&nbsp;</p>\r\n<ul style="list-style-type: circle;">\r\n<li><span style="color: #7e8c8d;">What aspects of your heritage do you want to take into the future to change the lives of your family and community?</span></li>\r\n<li><span style="color: #7e8c8d;">What baton was handed over to you, that you want to pass on to the next generation?</span></li>\r\n<li><span style="color: #7e8c8d;">Is your vision crystal clear and what tools do you have to chisel at this legacy every day?</span></li>\r\n</ul>\r\n<p>&nbsp;</p>\r\n<p><span style="color: #7e8c8d;">Organisers are reaching out to the Black business community saying: &ldquo;Come join Black Business Growth Initiative, as we sit around the proverbial fire and discuss our heritage with an esteemed panel of experts.&rdquo;</span></p>	1	a05af2ea-1fcd-43be-bd35-3f996f75b6df
5ad109aa-054a-42bc-a1a7-90e1c3b80559	2024-08-06 20:10:14.530108+00	2024-12-23 00:47:09.295595+00	post/c4c0719a74624ee2ab0a971a4537ce7d.png	One hand can feed anothera look at the phenomenon	<p><iframe style="width: 876px; height: 491px;" src="https://www.youtube.com/embed/GoMqGk2hIV4?featu	one-hand-can-feed-anothera-look-at-the-phenomenon	<p><iframe style="width: 876px; height: 491px;" src="https://www.youtube.com/embed/GoMqGk2hIV4?feature=youtu" width="876" height="491" allowfullscreen="allowfullscreen"></iframe></p>	1	a05af2ea-1fcd-43be-bd35-3f996f75b6df
20930ddb-6b40-4c6c-91ee-24df037c912c	2024-10-19 10:51:31.414227+00	2024-12-23 00:48:04.143825+00	post/5d29649c267b42fd9b7ef8fb67d6b3d3.png	Entrepreneur Lessons: When marketing outruns service delivery readiness	On our website we encourage our community members to give ratings after receiving products or services for the businesses on our platform.	entrepreneur-lessons-when-marketing-outruns-service-delivery-readiness	<ul>\r\n<li>On our website we encourage our community members to give ratings after receiving products or services for the businesses on our platform.</li>\r\n</ul>\r\n<p>&nbsp;</p>\r\n<p>It is encouraging to see that the reviews are largely positive.&nbsp;</p>\r\n<p>We celebrate those.</p>\r\n<p>&nbsp;</p>\r\n<p>We have found that for those few where the feedback is not good, the root cause is oftentimes that the business owners get more business than they are ready for.&nbsp;</p>\r\n<p>&nbsp;</p>\r\n<p>This is a critical matter for us to look into as business owners.</p>\r\n<p>The temptation is that we want as much business as possible. Sometimes, our marketing and sales are so good that we get more business than we can handle.&nbsp;</p>\r\n<p>&nbsp;</p>\r\n<p>In these times, we need to be able to be honest with our clients and tell them what we can deliver realistically.</p>\r\n<p>We should avoid over-promising.</p>\r\n<p>&nbsp;</p>\r\n<p>The positive experience of clients is a powerful marketing tool.</p>\r\n<p>The negative experience of clients is a dangerous thing that causes reputational damage and loses trust in your business brand and in you as a person.</p>\r\n<p>&nbsp;</p>\r\n<p>The lesson, ask for help and be honest if you cannot deliver on expectations.</p>\r\n<p>&nbsp;</p>\r\n<p>It means much more because - building trust is critical for sustainable business success.</p>\r\n<p>&nbsp;</p>\r\n<p>Sazi Ndwandwa CA (SA)</p>\r\n<p>MPhil (Leadership Coaching)</p>\r\n<p>&nbsp;</p>\r\n<p>About the Author</p>\r\n<p>Sazi Ndwandwa is a business and leadership coach.</p>\r\n<p>He is the CEO of GoldOurs (Pty) Ltd which helps companies and individuals to grow sustainably through three main service categories:</p>\r\n<p>- Direction and strategy</p>\r\n<p>- Talent management, leadership development, and training</p>\r\n<p>- Systems and processes including internal audit, accounting &amp; tax, and internal processes design &amp; reviews.</p>\r\n<p>&nbsp;</p>	2	caee35c6-b0b9-4f1c-a4ed-d103955c72dc
\.


--
-- Data for Name: bbgi_home_blogcategory; Type: TABLE DATA; Schema: public; Owner: thomas
--

COPY public.bbgi_home_blogcategory (id, created, updated, thumbnail, slug, label) FROM stdin;
a05af2ea-1fcd-43be-bd35-3f996f75b6df	2024-08-06 20:05:14.885051+00	2024-08-06 20:05:14.885081+00	category/Other.png	other	Other
c45adf01-f038-4c07-bad3-dd31183cb8b3	2024-08-06 20:05:27.309594+00	2024-08-06 20:05:27.309613+00	category/Medical-removebg-preview.png	medical	Medical
70cac03b-717c-4743-b612-fb3e4ce743a6	2024-08-06 20:05:42.520879+00	2024-08-06 20:05:42.520899+00	category/Financial-removebg-preview.png	financial-insurance-services	Financial & Insurance Services
caee35c6-b0b9-4f1c-a4ed-d103955c72dc	2024-08-20 12:50:20.933039+00	2024-08-20 12:50:20.933059+00		business	Business
bffa3aba-2e71-4a45-a66d-02ddfa2d7b04	2024-08-20 12:51:16.631977+00	2024-08-20 12:51:16.632035+00		product-launches	Product launches
cbc243ff-6667-4a37-86ca-6ac0e06ee9e3	2024-08-20 12:51:28.942413+00	2024-08-20 12:51:28.94244+00		networking-events	Networking events
f047fff4-5d62-40f6-a0ce-ac6430823308	2024-08-20 12:51:39.030365+00	2024-08-20 12:51:39.030383+00		festivals	Festivals
b2f05b76-a288-4017-8d98-63cf3db42a52	2024-08-20 12:51:55.147902+00	2024-08-20 12:51:55.147932+00		convention	Convention
84a0849e-c9da-40af-8098-df713cd527cc	2024-09-25 02:14:03.392785+00	2024-09-25 02:14:03.392813+00		market-day	Market Day
\.


--
-- Data for Name: bbgi_home_comment; Type: TABLE DATA; Schema: public; Owner: thomas
--

COPY public.bbgi_home_comment (id, created, updated, comment, commenter_id, post_id) FROM stdin;
cd31acd5-f64c-4c42-ba5e-8a01649f37a3	2024-08-14 21:31:47.759179+00	2024-08-14 21:31:47.759206+00	Nice Article	1	68b33542-affb-490d-90ae-364e356db324
\.


--
-- Data for Name: bbgi_home_emailmodel; Type: TABLE DATA; Schema: public; Owner: thomas
--

COPY public.bbgi_home_emailmodel (id, created, updated, subject, from_email, name, phone, message, task_id) FROM stdin;
3a1d0b2c-f7e0-4480-b0f8-0e4f4600c302	2025-03-04 21:25:30.945562+00	2025-03-04 21:25:30.945593+00	Checking	gumedewandile18@gmail.com	Mr T Gumede		Ignore this	
1751425d-ce28-4746-8373-498c0bce35f4	2025-03-04 21:32:00.952223+00	2025-03-04 21:32:00.952245+00	Checking	gumedewandile18@gmail.com	Mr T Gumede		Checking	
\.


--
-- Data for Name: bbgi_home_faq; Type: TABLE DATA; Schema: public; Owner: thomas
--

COPY public.bbgi_home_faq (id, created, updated, question, answer) FROM stdin;
\.


--
-- Data for Name: bbgi_home_member; Type: TABLE DATA; Schema: public; Owner: thomas
--

COPY public.bbgi_home_member (id, created, updated, image, full_names, slug, role, decription) FROM stdin;
8f6e04ab-b56a-4eeb-8e55-6b89ac85da99	2024-08-06 20:20:42.075831+00	2024-08-06 20:20:42.07586+00	home/images/team/Sazi-1-1024x922-1.jpg	Sazi Ndwandwa	sazi-ndwandwa	Managing Director	
6fdf7582-9230-4096-bfd0-32baa34bfca3	2024-10-19 11:16:34.039975+00	2024-10-19 11:16:34.039994+00	home/images/team/TSK_2427.jpg	Pabalelo Magoro	pabalelo-magoro	Team Manager	<p>Lelo is an accomplished professional working in the field of assurance and forensic auditing.</p>\r\n<p>&nbsp;</p>\r\n<p>Her passion for business, people, and transformation of lives has led her to contribute to the BBGI as our people manager.</p>\r\n<p>&nbsp;</p>\r\n<p>She recuits, co-ordinates, and clarifies roles &amp; expectations for our team.&nbsp;</p>
a0977244-1994-43c0-be4a-42c2ee85f3c1	2024-10-21 13:37:04.877547+00	2024-10-21 13:37:04.877566+00	home/images/team/Zolisa_Magadla_BBGI_2024_a.jpg	Zolisa	zolisa	Marketing & Events	<p>Zolisa leads the marketing and events team.</p>\r\n<p>&nbsp;</p>\r\n<p>His experience as an entrepreneur and events organiser makes him ideal for the role.&nbsp;</p>\r\n<p>&nbsp;</p>\r\n<p>His committment, boundless and positive energy, and his genuine care for people is an asset to the team and the BBGI community.</p>\r\n<p>&nbsp;</p>\r\n<p>Key Driver that connects him to the BBGI cause - we can be more. we can do more. If we support each other and unite.</p>
d3f00f62-7c6f-4638-9459-d8e9e6822322	2024-10-21 13:40:16.818966+00	2024-10-21 13:40:16.818987+00	home/images/team/Salathiso_Ndwandwa_bbgi_2024.jpg	Salathiso Ndwandwa	salathiso-ndwandwa	IT and website	<p>Salathiso has a wealth of experience in the development space.&nbsp;</p>\r\n<p>&nbsp;</p>\r\n<p>His main area of strength is ensuring a good user experience which makes his website architecture and design good to look at and simple to navigate.</p>\r\n<p>&nbsp;</p>\r\n<p>His pet hates are website downtime and slow processing.&nbsp;</p>\r\n<p>&nbsp;</p>\r\n<p>Key words that bring him to the BBGI community - Anything is possible. If we can think it and communicate it well, then we can make it happen.</p>
\.


--
-- Data for Name: bbgi_home_privacy; Type: TABLE DATA; Schema: public; Owner: thomas
--

COPY public.bbgi_home_privacy (id, created, updated, title, slug, description, content) FROM stdin;
\.


--
-- Data for Name: bbgi_home_review; Type: TABLE DATA; Schema: public; Owner: thomas
--

COPY public.bbgi_home_review (id, created, updated, logo, reviewer, review) FROM stdin;
\.


--
-- Data for Name: bbgi_home_sponsor; Type: TABLE DATA; Schema: public; Owner: thomas
--

COPY public.bbgi_home_sponsor (id, created, updated, logo, sponsor, decription) FROM stdin;
\.


--
-- Data for Name: campaigns_campaigncontent; Type: TABLE DATA; Schema: public; Owner: thomas
--

COPY public.campaigns_campaigncontent (id, created, updated, image, campaign_id) FROM stdin;
\.


--
-- Data for Name: campaigns_campaignmodel; Type: TABLE DATA; Schema: public; Owner: thomas
--

COPY public.campaigns_campaignmodel (id, created, updated, image, title, slug, details, target, current_amount, start_date, end_date, status, is_featured, category_id, organiser_id, alternative_phone, campaign_address, email, facebook, instagram, "linkedIn", map_coordinates, phone, small_description, twitter, website) FROM stdin;
\.


--
-- Data for Name: campaigns_campaignreview; Type: TABLE DATA; Schema: public; Owner: thomas
--

COPY public.campaigns_campaignreview (id, created, updated, rating_value, commenter_email, commenter_full_names, comment_title, comment, campaign_id, commenter_id) FROM stdin;
\.


--
-- Data for Name: campaigns_campaignupdatemodel; Type: TABLE DATA; Schema: public; Owner: thomas
--

COPY public.campaigns_campaignupdatemodel (id, updated, title, content, created, campaign_id) FROM stdin;
\.


--
-- Data for Name: campaigns_contributionmodel; Type: TABLE DATA; Schema: public; Owner: thomas
--

COPY public.campaigns_contributionmodel (id, created, updated, payment_method_type, payment_method_card_holder, payment_method_masked_card, payment_method_scheme, payment_date, order_number, checkout_id, amount, tip, total_amount, accepted_laws, message, paid, anonymous, receipt, campaign_id, contributor_id) FROM stdin;
\.


--
-- Data for Name: coupons_coupon; Type: TABLE DATA; Schema: public; Owner: thomas
--

COPY public.coupons_coupon (id, created, updated, discount, code, order_id, valid_from, valid_to, active) FROM stdin;
63489d88-bf63-485b-8c4e-dc0db0a580af	2024-09-19 11:47:15.715618+00	2024-09-19 11:47:15.71563+00	50.00	BBGICP20249	\N	2024-09-19 11:47:15.712359+00	2024-09-24 14:00:00+00	f
8b0c592f-2227-4751-b17a-94de819e58d5	2024-09-18 19:03:23.476441+00	2024-09-18 19:39:59.547154+00	100.00	BBGI2024HE17	be921b01-7838-446f-82cc-f9c243272859	2024-09-18 19:03:12+00	2024-09-30 19:03:16+00	f
c23428c2-0587-4183-98d4-08c31a2b7110	2024-09-23 10:01:32.065598+00	2024-09-23 10:01:32.065628+00	50.00	BBGICP202491	\N	2024-09-23 10:01:32.061864+00	2024-09-24 14:00:00+00	f
4002d454-d1fa-4eeb-b1d2-ceec00b4a6a7	2024-09-23 10:05:23.172771+00	2024-09-23 10:05:23.172783+00	50.00	BBGICP202492	\N	2024-09-23 10:05:23.169814+00	2024-09-24 14:00:00+00	f
47f0363c-4f01-4901-9469-2077ecfa125a	2024-09-25 05:27:37.297578+00	2024-09-25 05:27:37.297592+00	50.00	BBGICP202493	\N	2024-09-25 05:27:37.294579+00	2024-10-19 14:00:00+00	f
245f48cf-b177-4817-8ad1-a7d4b7e5c6a2	2024-09-25 07:25:19.873102+00	2024-09-25 07:25:19.873125+00	50.00	BBGICP202494	\N	2024-09-25 07:25:19.868217+00	2024-10-19 16:00:00+00	f
7331b46d-fb1d-4ace-a063-b44b490b047e	2024-09-25 08:11:51.191371+00	2024-09-25 08:11:51.191387+00	50.00	BBGICP202495	\N	2024-09-25 08:11:51.18842+00	2024-10-19 16:00:00+00	f
bc9cb5e8-af41-41fe-871e-546d533c9602	2024-09-25 08:36:27.289491+00	2024-09-25 08:36:27.289503+00	50.00	BBGICP202496	\N	2024-09-25 08:36:27.286507+00	2024-10-19 16:00:00+00	t
ef8e71f0-0ca8-40af-9b30-08635bec3dff	2024-10-20 02:22:18.570138+00	2024-10-20 02:22:18.57015+00	50.00	BBGICP202410	\N	2024-10-20 02:22:18.567188+00	2024-10-30 19:00:00+00	f
3d250db0-06ef-4cf8-9bc1-77e5095948f3	2024-10-20 02:22:37.20526+00	2024-10-20 02:22:37.205272+00	50.00	BBGICP2024101	\N	2024-10-20 02:22:37.202282+00	2024-10-30 19:00:00+00	f
263d1068-81dc-4e4b-89c1-24e96b94e891	2024-11-06 08:50:15.915099+00	2024-11-06 08:50:15.91513+00	50.00	BBGICP202411	\N	2024-11-06 08:50:15.91098+00	2024-11-27 19:00:56+00	f
d763e4f9-288d-466e-b98b-1ec7c8a5307a	2024-11-06 15:07:19.341664+00	2024-11-06 15:07:19.341698+00	50.00	BBGICP2024111	\N	2024-11-06 15:07:19.333014+00	2024-11-27 19:00:56+00	t
2e9ddfe9-0ed9-4aed-ba5c-215e7977a02b	2024-11-07 02:22:18.978031+00	2024-11-07 02:22:18.978057+00	50.00	BBGICP2024112	\N	2024-11-07 02:22:18.97372+00	2024-11-27 19:00:56+00	f
649250cd-aa3a-445b-989f-e124f56f27eb	2024-11-07 02:24:53.304482+00	2024-11-07 02:24:53.304512+00	50.00	BBGICP2024113	\N	2024-11-07 02:24:53.298173+00	2024-11-27 19:00:56+00	f
556a5b2c-95e6-47a7-a38a-34c88656898c	2024-11-07 02:33:55.647094+00	2024-11-07 02:33:55.647118+00	50.00	BBGICP2024114	\N	2024-11-07 02:33:55.643111+00	2024-11-27 19:00:56+00	f
7d36d8ca-ddf4-4b68-9036-7e59672da9b0	2024-11-07 02:42:07.728782+00	2024-11-07 02:42:07.7288+00	50.00	BBGICP2024115	\N	2024-11-07 02:42:07.725644+00	2024-11-27 19:00:56+00	f
af4cb5e5-d8d0-452e-84e0-d674ad78a29f	2024-11-07 02:53:30.973715+00	2024-11-07 02:53:30.973743+00	50.00	BBGICP2024116	\N	2024-11-07 02:53:30.967404+00	2024-11-27 19:00:56+00	f
2b35ea28-611b-47b6-bf90-2565373c3634	2024-11-07 03:03:41.011587+00	2024-11-07 03:03:41.011609+00	50.00	BBGICP2024117	\N	2024-11-07 03:03:41.007359+00	2024-11-27 19:00:56+00	t
07f0725b-9712-4e44-b8ca-25c1f36bed5e	2024-11-07 03:55:39.387274+00	2024-11-07 03:55:39.3873+00	50.00	BBGICP2024118	\N	2024-11-07 03:55:39.382334+00	2024-11-27 19:00:56+00	t
a24932ae-95c8-47da-bc8e-3e38971ee6fc	2024-11-07 03:59:46.753575+00	2024-11-07 03:59:46.753598+00	50.00	BBGICP2024119	\N	2024-11-07 03:59:46.750186+00	2024-11-27 19:00:56+00	t
6e83ef60-0e72-4ec4-a7cd-50cef87b11e4	2024-11-07 04:36:33.992523+00	2024-11-07 04:36:33.99254+00	50.00	BBGICP20241110	\N	2024-11-07 04:36:33.989379+00	2024-11-27 19:00:56+00	f
b34f947d-19df-43f7-bb41-bd5851fb02ca	2024-11-07 07:10:50.910301+00	2024-11-07 07:10:50.910319+00	50.00	BBGICP20241111	\N	2024-11-07 07:10:50.906682+00	2024-11-27 19:00:56+00	t
86383237-042f-419e-a613-581f4e6d6d83	2024-11-07 07:35:17.293798+00	2024-11-07 07:35:17.293835+00	50.00	BBGICP20241112	\N	2024-11-07 07:35:17.286454+00	2024-11-27 19:00:56+00	t
df188731-2c31-4734-8588-76f4555a12ea	2024-11-14 12:59:15.533141+00	2024-11-14 12:59:15.53316+00	50.00	BBGICP20241113	\N	2024-11-14 12:59:15.529386+00	2024-11-27 19:00:56+00	f
3a6e699f-bfc6-40bd-aea1-06356306a504	2024-11-14 12:59:18.580634+00	2024-11-14 12:59:18.580661+00	50.00	BBGICP20241114	\N	2024-11-14 12:59:18.576059+00	2024-11-27 19:00:56+00	f
efa782a1-26da-4c66-a560-b55aac45db5b	2024-11-14 12:59:40.647674+00	2024-11-14 12:59:40.647693+00	50.00	BBGICP20241115	\N	2024-11-14 12:59:40.64521+00	2024-11-27 19:00:56+00	f
c28ab541-4035-4757-ba66-5ee2599e95c4	2024-11-15 13:03:08.888698+00	2024-11-15 13:03:08.888721+00	50.00	BBGICP20241116	\N	2024-11-15 13:03:08.885907+00	2024-11-27 19:00:56+00	f
407298d8-3a0e-48d2-b49b-a0c870a9390a	2024-11-21 07:46:49.952926+00	2024-11-21 07:46:49.952941+00	50.00	BBGICP20241117	\N	2024-11-21 07:46:49.951043+00	2024-11-27 19:00:56+00	f
d875566a-941b-4806-8faa-2313fb9c3c0a	2024-11-21 10:26:07.205605+00	2024-11-21 10:26:07.205619+00	50.00	BBGICP20241118	\N	2024-11-21 10:26:07.203808+00	2024-11-27 19:00:56+00	f
3c021ac8-1a92-4096-b2a4-0d4ad3764118	2024-11-21 20:24:21.665774+00	2024-11-21 20:24:21.665795+00	50.00	BBGICP20241119	\N	2024-11-21 20:24:21.661795+00	2024-11-27 19:00:56+00	f
8673b23e-6a63-4641-b1bd-660fa539eea3	2024-11-21 20:42:15.65048+00	2024-11-21 20:42:15.650496+00	50.00	BBGICP20241120	\N	2024-11-21 20:42:15.647377+00	2024-11-27 19:00:56+00	f
f486b265-021c-4dc0-990e-95ee3b9a60ba	2024-11-21 21:06:05.878613+00	2024-11-21 21:06:05.878642+00	50.00	BBGICP20241121	\N	2024-11-21 21:06:05.869901+00	2024-11-27 19:00:56+00	f
f8d97676-cf2b-4a33-81cc-03b8b78ef14a	2024-11-21 21:10:22.809135+00	2024-11-21 21:10:22.809157+00	50.00	BBGICP20241122	\N	2024-11-21 21:10:22.805478+00	2024-11-27 19:00:56+00	f
9274b800-e3d0-4de4-96d2-a6325affccc9	2024-11-21 21:29:39.261234+00	2024-11-21 21:29:39.261252+00	50.00	BBGICP20241123	\N	2024-11-21 21:29:39.257634+00	2024-11-27 19:00:56+00	f
96f80127-6f70-4bd1-a825-f777ef388fca	2024-11-21 21:54:29.240398+00	2024-11-21 21:54:29.240414+00	50.00	BBGICP20241124	\N	2024-11-21 21:54:29.238481+00	2024-11-27 19:00:56+00	f
a8338237-4d9d-4218-8f82-6989e662c3ee	2024-11-22 03:20:55.293055+00	2024-11-22 03:20:55.293086+00	50.00	BBGICP20241125	\N	2024-11-22 03:20:55.289696+00	2024-11-27 19:00:56+00	f
e74575bd-d459-4963-8d7d-adf4f2c2b8f4	2024-11-22 03:23:29.183509+00	2024-11-22 03:23:29.183529+00	50.00	BBGICP20241126	\N	2024-11-22 03:23:29.181689+00	2024-11-27 19:00:56+00	f
b52a1758-c317-41a1-b0c1-4eb143060e1a	2024-11-22 03:24:06.722632+00	2024-11-22 03:24:06.722654+00	50.00	BBGICP20241127	\N	2024-11-22 03:24:06.72025+00	2024-11-27 19:00:56+00	f
ee333275-16de-47f3-8451-731dbea8996e	2024-11-22 03:24:40.684657+00	2024-11-22 03:24:40.684671+00	50.00	BBGICP20241128	\N	2024-11-22 03:24:40.681772+00	2024-11-27 19:00:56+00	f
a1c07c9d-1973-4c43-aca8-685e0fe8f5c8	2024-11-22 03:25:18.5225+00	2024-11-22 03:25:18.522515+00	50.00	BBGICP20241129	\N	2024-11-22 03:25:18.520706+00	2024-11-27 19:00:56+00	f
1ad6245e-1a5b-45ef-b29f-8ebd6a7d901e	2024-11-24 12:36:25.840575+00	2024-11-24 12:36:25.840601+00	50.00	BBGICP20241130	\N	2024-11-24 12:36:25.835436+00	2024-11-27 19:00:56+00	f
cc485a21-547b-4bdc-b259-a635a38b9b68	2024-11-24 18:25:39.424129+00	2024-11-24 18:25:39.424147+00	50.00	BBGICP20241131	\N	2024-11-24 18:25:39.420896+00	2024-11-27 19:00:56+00	t
a21e4f46-b19d-41ec-8dea-375d3ffdbf14	2024-11-26 04:02:45.459418+00	2024-11-26 04:02:45.459447+00	50.00	BBGICP20241132	\N	2024-11-26 04:02:45.454442+00	2024-11-27 19:00:56+00	f
b84f711e-8865-43bb-a0e9-282c7949c1d1	2024-11-26 05:18:26.047819+00	2024-11-26 05:18:26.047851+00	50.00	BBGICP20241133	\N	2024-11-26 05:18:26.043691+00	2024-11-27 19:00:56+00	f
07d6fcb9-eb78-496e-b35c-2101b90dfa79	2024-11-26 12:18:20.833971+00	2024-11-26 12:18:20.834007+00	50.00	BBGICP20241134	\N	2024-11-26 12:18:20.820974+00	2024-11-27 19:00:56+00	f
29ae2e40-4b9a-42ee-bb97-3d1fd73aa9c7	2024-11-26 13:31:41.774557+00	2024-11-26 13:31:41.774573+00	50.00	BBGICP20241135	\N	2024-11-26 13:31:41.77183+00	2024-11-27 19:00:56+00	f
dba4fa9f-a514-4487-afbf-2a81ee3ffcf4	2024-11-26 13:33:00.790518+00	2024-11-26 13:33:00.790537+00	50.00	BBGICP20241136	\N	2024-11-26 13:33:00.788535+00	2024-11-27 19:00:56+00	f
199ef4b8-9242-4027-a810-3bce39eced5e	2024-11-26 13:42:34.541816+00	2024-11-26 13:42:34.541834+00	50.00	BBGICP20241137	\N	2024-11-26 13:42:34.539879+00	2024-11-27 19:00:56+00	f
a8f57449-50fe-4aa0-8d4a-1745e0f91fdb	2024-11-26 16:46:22.759871+00	2024-11-26 16:46:22.759889+00	50.00	BBGICP20241138	\N	2024-11-26 16:46:22.75748+00	2024-11-27 19:00:56+00	t
f150f6d4-8c04-46f0-800b-a5ede3accedf	2024-11-26 16:59:08.936809+00	2024-11-26 16:59:08.936826+00	50.00	BBGICP20241139	\N	2024-11-26 16:59:08.93476+00	2024-11-27 19:00:56+00	f
e23677d4-06b3-4064-9619-09d4671732fb	2024-11-26 17:47:31.743177+00	2024-11-26 17:47:31.743222+00	50.00	BBGICP20241140	\N	2024-11-26 17:47:31.737154+00	2024-11-27 19:00:56+00	f
71dff4db-8e14-46a0-ab03-b799eed223e3	2024-11-26 17:53:29.796537+00	2024-11-26 17:53:29.796561+00	50.00	BBGICP20241141	\N	2024-11-26 17:53:29.793614+00	2024-11-27 19:00:56+00	t
3362b2d9-9452-4fab-8c53-d014a6a12f69	2024-11-27 09:40:59.127394+00	2024-11-27 09:40:59.127417+00	50.00	BBGICP20241142	\N	2024-11-27 09:40:59.119736+00	2024-11-27 19:00:56+00	f
2dce151e-8c2f-4445-8108-62c5a11203bc	2024-11-27 09:56:54.441334+00	2024-11-27 09:56:54.441352+00	50.00	BBGICP20241143	\N	2024-11-27 09:56:54.438038+00	2024-11-27 19:00:56+00	f
8a356487-6a7d-4023-aca7-ff635bc36fd2	2024-11-27 10:25:24.126791+00	2024-11-27 10:25:24.12681+00	50.00	BBGICP20241144	\N	2024-11-27 10:25:24.123656+00	2024-11-27 19:00:56+00	f
89efe857-de16-49de-8bad-dd97e94cc356	2024-11-27 10:31:41.862132+00	2024-11-27 10:31:41.862146+00	50.00	BBGICP20241145	\N	2024-11-27 10:31:41.859166+00	2024-11-27 19:00:56+00	f
7bc7b022-9f2b-4f39-a99b-dda8d6dad17c	2024-11-27 11:35:21.510725+00	2024-11-27 11:35:21.510744+00	50.00	BBGICP20241146	\N	2024-11-27 11:35:21.508415+00	2024-11-27 19:00:56+00	f
d1825dc4-8104-4959-9018-298bdbc1a899	2024-11-27 11:39:46.739568+00	2024-11-27 11:39:46.739583+00	50.00	BBGICP20241147	\N	2024-11-27 11:39:46.737581+00	2024-11-27 19:00:56+00	f
da742997-84a3-421f-8196-ba1fd4bc01a0	2024-11-27 12:04:58.657291+00	2024-11-27 12:04:58.657305+00	50.00	BBGICP20241148	\N	2024-11-27 12:04:58.655498+00	2024-11-27 19:00:56+00	f
1423d647-7d46-413d-bd4b-c8006c6dc100	2024-11-27 13:02:40.368312+00	2024-11-27 13:02:40.368327+00	50.00	BBGICP20241149	\N	2024-11-27 13:02:40.366311+00	2024-11-27 19:00:56+00	f
8381189e-9750-400c-8659-6db02e181020	2024-11-27 13:42:53.846662+00	2024-11-27 13:42:53.846676+00	50.00	BBGICP20241150	\N	2024-11-27 13:42:53.844882+00	2024-11-27 19:00:56+00	f
\.


--
-- Data for Name: django_admin_log; Type: TABLE DATA; Schema: public; Owner: thomas
--

COPY public.django_admin_log (id, action_time, object_id, object_repr, action_flag, change_message, content_type_id, user_id) FROM stdin;
1	2024-08-06 19:43:54.606783+00	1d4bcafc-fad9-4ab5-9dd3-2cf3f19ec4cf	Home, Building & Trade	1	[{"added": {}}]	17	1
2	2024-08-06 19:44:20.432138+00	66c6f357-c6fe-44cb-8d45-4957f590dbd1	Transport	1	[{"added": {}}]	17	1
3	2024-08-06 19:45:09.292351+00	c9cc596a-f618-4659-936e-3cb5bd0ab891	Marketing, Business, And Legal	1	[{"added": {}}]	17	1
4	2024-08-06 19:45:43.377953+00	9e8f9ab4-a014-47c8-9e57-20e8321f05e5	IT, Computer & Technology	1	[{"added": {}}]	17	1
5	2024-08-06 19:46:07.407597+00	a50cd364-2852-469d-91fa-212255813489	Hotels and Accommodations	1	[{"added": {}}]	17	1
6	2024-08-06 19:46:25.783266+00	2135b159-3a9e-462e-a577-0905d0ba4950	Cars & Automotive	1	[{"added": {}}]	17	1
7	2024-08-06 19:46:42.988705+00	ed758709-d94f-4d61-8341-0ebbb42cc265	Financial & Insurance Services	1	[{"added": {}}]	17	1
8	2024-08-06 19:47:00.171172+00	5036d526-1ed8-42e6-a1e8-08da460951d5	Events & Entertainment	1	[{"added": {}}]	17	1
9	2024-08-06 19:47:16.949821+00	aa5acc39-5617-470b-86ae-7601bfdf6246	Security Systems & Protection	1	[{"added": {}}]	17	1
10	2024-08-06 19:47:57.726687+00	1d4bcafc-fad9-4ab5-9dd3-2cf3f19ec4cf	Home, Building & Trade	2	[{"changed": {"fields": ["Thumbnail"]}}]	17	1
11	2024-08-06 19:51:42.678419+00	300ddcb3-0f08-4164-b8e8-d76bcb165454	Education, Training, Lessons	1	[{"added": {}}]	17	1
12	2024-08-06 19:53:16.153223+00	83f25dd3-d96a-4499-9b1a-89e9e36180c0	Medical	1	[{"added": {}}]	17	1
13	2024-08-06 19:54:13.791804+00	7be40832-d6c4-4e59-988f-e5fa6cb491fd	Business Listing Premium	1	[{"added": {}}]	7	1
14	2024-08-06 20:05:14.888301+00	a05af2ea-1fcd-43be-bd35-3f996f75b6df	Other	1	[{"added": {}}]	10	1
15	2024-08-06 20:05:27.312132+00	c45adf01-f038-4c07-bad3-dd31183cb8b3	Medical	1	[{"added": {}}]	10	1
16	2024-08-06 20:05:42.522391+00	70cac03b-717c-4743-b612-fb3e4ce743a6	Financial & Insurance Services	1	[{"added": {}}]	10	1
17	2024-08-06 20:49:52.177698+00	2	sazi.ndwandwa	2	[{"changed": {"fields": ["Staff status"]}}]	6	1
18	2024-08-06 21:04:20.511659+00	4e41552b-fa41-4956-b1df-81ea86dc86f8	GoldOurs Organisational Growth Consultants	2	[{"changed": {"fields": ["Status"]}}]	16	1
19	2024-08-06 21:04:30.077619+00	328c19b3-656f-4183-b103-97a96b0f7cff	WeDoDev (Pty) Ltd	2	[{"changed": {"fields": ["Status"]}}]	16	1
20	2024-08-11 17:05:11.006563+00	1	admin_thomas	2	[{"changed": {"fields": ["Is technical"]}}]	6	1
21	2024-08-11 18:05:59.397696+00	1	Thomas Gumede	2	[{"changed": {"fields": ["Subscription"]}}]	6	1
22	2024-08-11 19:03:25.636468+00	b6995587-6fa3-448c-82d4-4285de74502a	SubscriptionOrder object (b6995587-6fa3-448c-82d4-4285de74502a)	3		41	1
23	2024-08-14 18:18:22.92746+00	4e41552b-fa41-4956-b1df-81ea86dc86f8	GoldOurs Organisational Growth Consultants	2	[{"changed": {"fields": ["Main address", "Province"]}}]	16	1
24	2024-08-15 15:13:57.961512+00	4e41552b-fa41-4956-b1df-81ea86dc86f8	GoldOurs Organisational Growth Consultants	2	[{"changed": {"fields": ["Logo"]}}]	16	1
25	2024-08-16 09:44:17.482798+00	4e41552b-fa41-4956-b1df-81ea86dc86f8	GoldOurs Organisational Growth Consultants	2	[{"changed": {"fields": ["Background image"]}}]	16	1
26	2024-08-16 09:44:22.155244+00	4e41552b-fa41-4956-b1df-81ea86dc86f8	GoldOurs Organisational Growth Consultants	2	[{"changed": {"fields": ["Is completed"]}}]	16	1
27	2024-08-16 09:47:18.1916+00	4e41552b-fa41-4956-b1df-81ea86dc86f8	GoldOurs Organisational Growth Consultants	2	[{"changed": {"fields": ["Logo"]}}]	16	1
28	2024-08-20 12:50:20.934162+00	caee35c6-b0b9-4f1c-a4ed-d103955c72dc	Business	1	[{"added": {}}]	10	1
29	2024-08-20 12:51:16.633123+00	bffa3aba-2e71-4a45-a66d-02ddfa2d7b04	Product launches	1	[{"added": {}}]	10	1
30	2024-08-20 12:51:28.943442+00	cbc243ff-6667-4a37-86ca-6ac0e06ee9e3	Networking events	1	[{"added": {}}]	10	1
31	2024-08-20 12:51:39.031362+00	f047fff4-5d62-40f6-a0ce-ac6430823308	Festivals	1	[{"added": {}}]	10	1
32	2024-08-20 12:51:55.148989+00	b2f05b76-a288-4017-8d98-63cf3db42a52	Convention	1	[{"added": {}}]	10	1
33	2024-08-22 14:21:37.756414+00	1	Thomas Gumede	2	[{"changed": {"fields": ["Subscription", "Is paid"]}}]	6	1
34	2024-08-22 14:24:24.383717+00	f5d6a2db-5418-4dc0-b760-91c1b0a79c26	SubscriptionOrder object (f5d6a2db-5418-4dc0-b760-91c1b0a79c26)	3		41	1
35	2024-08-22 16:52:49.685553+00	c430d87e-ccbe-4652-9beb-1ae76e301745	BBGI202487	3		26	1
36	2024-08-22 16:52:49.691356+00	b6196ccc-39b0-4511-86ca-0c23be1eff92	BBGI202482	3		26	1
37	2024-08-22 16:52:49.694673+00	b5b9da40-00c4-4bcb-8ae8-209ce28e1ac0	BBGI202486	3		26	1
38	2024-08-22 16:52:49.697783+00	8f2d92b9-698c-4bc7-a6b0-ac523e967b4d	BBGI2024810	3		26	1
39	2024-08-22 16:52:49.701504+00	5de81d93-8f18-4abd-b7c1-0037f73c619b	BBGI202484	3		26	1
40	2024-08-22 16:52:49.70691+00	3dbe38c7-e1ef-45d4-b4b5-a902a357eb0e	BBGI202485	3		26	1
41	2024-08-22 16:52:49.711067+00	21fffb22-ae79-4bf1-b487-e763ec04dca1	BBGI202483	3		26	1
42	2024-08-22 16:52:49.714618+00	1e4263eb-4ff9-49e1-a270-2bbaea9c46b4	BBGI20248	3		26	1
43	2024-08-22 16:52:49.721394+00	16d4c9ec-0012-4bc9-8fe3-d4f2df7766a4	BBGI202481	3		26	1
44	2024-08-22 16:52:49.724901+00	0ec7c7ea-c1fd-43c3-8ee9-9ea3a3a42e63	BBGI202488	3		26	1
45	2024-08-22 16:52:49.729356+00	0badbf00-e496-49fc-9a42-2cb0ad561617	BBGI202489	3		26	1
46	2024-08-22 17:47:57.812085+00	fe5c155b-51e7-4e0b-910c-8b5e5dec704d	BBGI202481	3		26	1
47	2024-08-22 17:47:57.822597+00	d5bbbfe8-cb2d-47fd-b64a-ce9e7c9f9d14	BBGI202486	3		26	1
48	2024-08-22 17:47:57.831347+00	aaf0bb0a-43f2-40e1-b41d-013542b4b5a0	BBGI202482	3		26	1
49	2024-08-22 17:47:57.835135+00	7f282b7a-5bc1-427b-8c93-0eac55f89a01	BBGI202483	3		26	1
50	2024-08-22 17:47:57.842395+00	63b03c2c-4bff-43a8-ae63-e04070d3b4d5	BBGI202484	3		26	1
51	2024-08-22 17:47:57.847748+00	5fd277b7-35ed-4e25-9ea0-4e7c28678d14	BBGI202488	3		26	1
52	2024-08-22 17:47:57.852974+00	5155b294-7bbe-44de-af85-dab55a1c6c2c	BBGI202487	3		26	1
53	2024-08-22 17:47:57.856031+00	30df61e1-c087-4886-b458-7f9be6aec070	BBGI20248	3		26	1
54	2024-08-22 17:47:57.85929+00	2bacce43-1713-4e64-863c-c912b3e93617	BBGI202485	3		26	1
55	2024-08-22 18:01:21.041325+00	a1e1d96e-9fb0-41d8-9763-84a1746d50ac	BBGI Business Market	3		24	1
56	2024-08-22 20:44:05.704648+00	c3d7acf6-520b-4f0f-9f89-82ac0783c84e	BBGI Market Business	3		24	1
57	2024-08-22 21:04:41.661672+00	7be40832-d6c4-4e59-988f-e5fa6cb491fd	Business Listing Premium	2	[{"changed": {"fields": ["Amount"]}}]	7	1
58	2024-08-22 21:04:51.733217+00	7be40832-d6c4-4e59-988f-e5fa6cb491fd	Business Listing Premium	2	[{"changed": {"fields": ["Max businesses", "Max services per business", "Max products per business"]}}]	7	1
59	2024-08-23 16:45:51.925957+00	1	Thomas Gumede	2	[{"changed": {"fields": ["Subscription", "Is paid"]}}]	6	1
60	2024-08-23 16:46:43.667863+00	6c89fd9f-ca69-4443-b896-a198b41c2b61	SubscriptionOrder object (6c89fd9f-ca69-4443-b896-a198b41c2b61)	3		41	1
61	2024-08-25 14:12:22.216704+00	fdaf45ed-dde8-4fb4-9eca-e3a8312f006b	BBGI2024813	3		26	1
62	2024-08-25 14:12:22.224623+00	e471aa16-1ab8-46e0-b20b-6c1aff5f7311	BBGI20248	3		26	1
63	2024-08-25 14:12:22.228495+00	e3984089-b95d-4054-8dc8-d0542340f338	BBGI2024811	3		26	1
64	2024-08-25 14:12:22.231884+00	d7009b54-0ff2-4c63-b327-a42604e076d7	BBGI202489	3		26	1
65	2024-08-25 14:12:22.235276+00	d1b04af4-aa85-4a56-87f2-b5c965859b89	BBGI202487	3		26	1
66	2024-08-25 14:12:22.238742+00	c35a454a-b555-47d8-adc1-b04f8de8e9e7	BBGI202484	3		26	1
67	2024-08-25 14:12:22.242424+00	a429321e-53e4-4038-9dd8-f0930f25291c	BBGI2024810	3		26	1
68	2024-08-25 14:12:22.246169+00	95248911-b176-47e1-b90b-5eb352ef0c34	BBGI2024812	3		26	1
69	2024-08-25 14:12:22.249693+00	60cd86eb-cdfa-4b31-a8fd-9d58bcd7e26d	BBGI202483	3		26	1
70	2024-08-25 14:12:22.253224+00	2800f192-347a-4826-8afc-d57b6d3661bd	BBGI202488	3		26	1
71	2024-08-25 14:12:22.256919+00	20a8d570-a4f2-44f2-99e5-a3c215f7a5f7	BBGI202482	3		26	1
72	2024-08-25 14:12:22.260596+00	15b2d8ae-57b5-40c0-a462-936b808f4645	BBGI202485	3		26	1
73	2024-08-25 14:12:22.264147+00	0de5bb84-428e-4d14-9b54-e1c0ecbfd970	BBGI202486	3		26	1
74	2024-09-11 20:47:28.658805+00	717eaa58-7419-4917-9484-b1a96225a062	BBGI Business Market Heritage	2	[{"changed": {"fields": ["Organiser"]}}]	24	1
75	2024-09-12 04:45:04.69521+00	4	Thomas Gumede	3		6	1
76	2024-09-12 04:45:04.702747+00	3	Thomas Gumede	3		6	1
77	2024-09-12 14:28:23.806282+00	0ba26c97-0c9f-4067-aea3-6067e9f19cfe	Ndwandwa Family Launch	3		21	1
78	2024-09-13 16:20:31.226168+00	1	Thomas Gumede	2	[{"changed": {"fields": ["Subscription", "Is paid"]}}]	6	1
79	2024-09-13 16:21:14.850494+00	f4e1c433-1194-46c7-bef0-c5749da8bcfc	SubscriptionOrder object (f4e1c433-1194-46c7-bef0-c5749da8bcfc)	3		41	1
80	2024-09-13 17:14:38.507542+00	2	Sazi Ndwandwa	2	[{"changed": {"fields": ["Superuser status"]}}]	6	1
81	2024-09-14 15:04:07.839301+00	bcf79b49-a57e-495a-9eee-86085e2a028e	BBGI	1	[{"added": {}}]	45	1
82	2024-09-17 07:30:06.014406+00	6	Aviwe Panya	2	[{"changed": {"fields": ["Title", "Subscription", "Is paid"]}}]	6	1
83	2024-09-18 17:59:52.530904+00	bd5225e4-6a49-44a4-b048-a549677e0fe1	BBGI202495	3		26	1
84	2024-09-18 17:59:52.536515+00	ba265ea4-9ab4-4b41-bde0-58e734ac74ec	BBGI202494	3		26	1
85	2024-09-18 17:59:52.541007+00	a3189e87-42c9-43e9-a927-161b9da499d3	BBGI202493	3		26	1
86	2024-09-18 17:59:52.544991+00	91ba89ca-c47b-4093-9d07-226456dfc687	BBGI202497	3		26	1
87	2024-09-18 17:59:52.553042+00	850deb1a-329d-4ff0-aa74-8c6fa7284c3e	BBGI202491	3		26	1
88	2024-09-18 17:59:52.556458+00	6cf5b4fb-15cb-4de1-942e-92dda8e4e592	BBGI202492	3		26	1
89	2024-09-18 18:34:13.280639+00	1	Thomas Gumede	2	[{"changed": {"fields": ["Subscription", "Is paid"]}}]	6	1
90	2024-09-18 18:34:41.604504+00	f847e8c0-2665-4e7f-93e6-245b7e43efd2	SubscriptionOrder object (f847e8c0-2665-4e7f-93e6-245b7e43efd2)	3		41	1
91	2024-09-18 18:35:23.661269+00	df571d42-01cb-416a-9b06-d57d42b8dc6e	BBGICP202492	2	[]	46	1
92	2024-09-18 19:02:54.384019+00	df571d42-01cb-416a-9b06-d57d42b8dc6e	BBGICP202492	3		46	1
93	2024-09-18 19:02:54.390899+00	d717dd22-3e08-48c2-80ec-36c6274993d4	BBGICP20249	3		46	1
94	2024-09-18 19:02:54.397841+00	d4ae36ac-9db6-4d95-bf9d-3c198866392e	BBGI202492	3		46	1
95	2024-09-18 19:02:54.402087+00	aa870d93-5767-4660-8cad-0cda69f70f21	BBGICP202496	3		46	1
96	2024-09-18 19:02:54.405359+00	a3a9ce65-a1e9-4ab0-9a99-7817eaa101b4	BBGICP202491	3		46	1
97	2024-09-18 19:02:54.408292+00	996b6b3f-e9e8-41f7-8a1d-a42665996642	BBGICP202493	3		46	1
98	2024-09-18 19:02:54.416884+00	93ed2d42-8e94-45e8-87ab-ec0cccc192ac	BBGI20249	3		46	1
99	2024-09-18 19:02:54.420862+00	81d986e0-eea2-4c18-9df3-174265dc1ca9	BBGICP202497	3		46	1
100	2024-09-18 19:02:54.424266+00	60517f31-5305-4eb1-8eef-6dc7e5c07f3c	BBGICP202494	3		46	1
101	2024-09-18 19:02:54.432588+00	35694418-7f52-4293-828d-f4a52f1c3cda	BBGICP202495	3		46	1
102	2024-09-18 19:03:23.479437+00	8b0c592f-2227-4751-b17a-94de819e58d5	BBGI2024HE17	1	[{"added": {}}]	46	1
103	2024-09-18 19:03:34.760695+00	ac28a440-1f9f-4223-b1a8-8ff660f1a2f4	SubscriptionOrder object (ac28a440-1f9f-4223-b1a8-8ff660f1a2f4)	3		41	1
104	2024-09-18 19:03:51.518795+00	1	Thomas Gumede	2	[{"changed": {"fields": ["Subscription", "Is paid"]}}]	6	1
105	2024-09-18 19:12:07.429497+00	798f736f-faed-4c8c-9db2-872f3cdd5caa	SubscriptionOrder object (798f736f-faed-4c8c-9db2-872f3cdd5caa)	2	[{"changed": {"fields": ["Payment status"]}}]	41	1
106	2024-09-18 19:12:24.972288+00	1	Thomas Gumede	2	[{"changed": {"fields": ["Subscription", "Is paid"]}}]	6	1
107	2024-09-18 19:39:48.552774+00	8b0c592f-2227-4751-b17a-94de819e58d5	BBGI2024HE17	2	[{"changed": {"fields": ["Active"]}}]	46	1
108	2024-09-18 19:39:59.548582+00	8b0c592f-2227-4751-b17a-94de819e58d5	BBGI2024HE17	2	[{"changed": {"fields": ["Order id"]}}]	46	1
109	2024-09-18 21:45:24.424425+00	6933ed46-acc8-4abf-936d-73af4100532c	Aviwe band	2	[{"changed": {"fields": ["Province", "Status", "Is completed"]}}]	16	1
110	2024-09-18 21:48:26.367729+00	6933ed46-acc8-4abf-936d-73af4100532c	Aviwe band	2	[{"changed": {"fields": ["Background image"]}}]	16	1
111	2024-09-18 21:51:01.802127+00	03115bfa-f4ea-413a-8362-976a33f3ced2	BBGI20248	3		26	1
112	2024-09-18 21:51:01.806549+00	1f74d217-e99d-4e29-b733-8eaace1ef72b	BBGI202491	3		26	1
113	2024-09-18 21:51:01.809887+00	a9c76e4b-89ea-4cfd-9e93-a59454fa596b	BBGI202492	3		26	1
114	2024-09-18 21:51:23.944017+00	36169bf3-ac9f-438e-a183-bcc856cfd58c	BBGI202493	3		26	1
115	2024-09-19 06:55:49.319614+00	6933ed46-acc8-4abf-936d-73af4100532c	Aviwe band	2	[{"changed": {"fields": ["Background image"]}}]	16	1
116	2024-09-21 18:03:33.538914+00	9	Wandile Gumede	3		6	1
117	2024-09-24 00:24:24.390507+00	717eaa58-7419-4917-9484-b1a96225a062	BBGI Business Market Heritage	2	[{"changed": {"fields": ["Event startdate", "Event enddate"]}}]	24	1
118	2024-09-24 00:24:35.255791+00	717eaa58-7419-4917-9484-b1a96225a062	BBGI Business Market Heritage	2	[{"changed": {"fields": ["Status"]}}]	24	1
119	2024-09-24 00:25:22.098245+00	717eaa58-7419-4917-9484-b1a96225a062	BBGI Business Market Heritage	2	[{"added": {"name": "event ticket type model", "object": "1 Adult + kids - R120(+ R3.60)"}}]	24	1
120	2024-09-24 09:23:26.472861+00	14	Wandile Gumede	3		6	1
121	2024-09-24 09:23:26.477361+00	13	Thomas Gumede	3		6	1
122	2024-09-24 09:34:48.088921+00	16	Thomas Gumede	3		6	1
123	2024-09-24 09:34:48.093059+00	15	Thomas Gumede	3		6	1
124	2024-09-25 02:14:03.397829+00	84a0849e-c9da-40af-8098-df713cd527cc	Market Day	1	[{"added": {}}]	10	2
125	2024-09-25 02:15:59.602229+00	012f8ad8-ea4a-4d21-9d9e-388b03a917fc	Clothing and Textiles	1	[{"added": {}}]	17	2
126	2024-09-25 02:16:13.628544+00	012f8ad8-ea4a-4d21-9d9e-388b03a917fc	Clothing & Textiles	2	[{"changed": {"fields": ["Label"]}}]	17	2
127	2024-09-25 02:16:52.856579+00	b35c3e66-2991-481d-8ebf-ee1815c5f0b4	Food & Other Consumables	1	[{"added": {}}]	17	2
128	2024-09-25 02:17:19.194721+00	300ddcb3-0f08-4164-b8e8-d76bcb165454	Education & Training	2	[{"changed": {"fields": ["Label"]}}]	17	2
129	2024-09-25 02:18:04.752653+00	c9cc596a-f618-4659-936e-3cb5bd0ab891	Professionals Services	2	[{"changed": {"fields": ["Label"]}}]	17	2
130	2024-09-25 02:18:29.468482+00	c9cc596a-f618-4659-936e-3cb5bd0ab891	Professionals Services for Businesses	2	[{"changed": {"fields": ["Label"]}}]	17	2
131	2024-09-25 02:18:56.722759+00	a50cd364-2852-469d-91fa-212255813489	Hotels & Accommodations	2	[{"changed": {"fields": ["Label"]}}]	17	2
132	2024-09-25 02:19:11.914748+00	83f25dd3-d96a-4499-9b1a-89e9e36180c0	Medical & Healthcare	2	[{"changed": {"fields": ["Label"]}}]	17	2
133	2024-09-25 02:19:38.221527+00	66c6f357-c6fe-44cb-8d45-4957f590dbd1	Transport & Courier	2	[{"changed": {"fields": ["Label"]}}]	17	2
134	2024-09-25 02:20:09.586293+00	1d4bcafc-fad9-4ab5-9dd3-2cf3f19ec4cf	Home, Building & Maintanance	2	[{"changed": {"fields": ["Label"]}}]	17	2
135	2024-09-25 02:20:44.477647+00	1d4bcafc-fad9-4ab5-9dd3-2cf3f19ec4cf	Building Construction & Maintanance	2	[{"changed": {"fields": ["Label"]}}]	17	2
136	2024-09-25 02:21:12.713723+00	0c07b980-2257-4aec-88e8-709fd1bdf07f	Professional Servives for Homes	1	[{"added": {}}]	17	2
137	2024-09-25 02:21:48.756474+00	a7f0657b-1b36-4d34-a5b7-86f72799245a	Beauty & Cosmetics	1	[{"added": {}}]	17	2
138	2024-09-25 02:21:57.394098+00	a7f0657b-1b36-4d34-a5b7-86f72799245a	Beauty & Cosmetics	2	[]	17	2
139	2024-09-25 02:22:27.833828+00	ccb4e41f-ee53-46a5-8546-a23454d5a181	Energy & Fuel	1	[{"added": {}}]	17	2
140	2024-09-25 05:25:09.588206+00	717eaa58-7419-4917-9484-b1a96225a062	BBGI Family Market Day - October 2024	2	[{"changed": {"name": "event ticket type model", "object": "1 Adult + kids - R120.00(+ R3.60)", "fields": ["Sale start", "Sale end"]}}]	24	1
141	2024-09-25 05:26:32.392763+00	717eaa58-7419-4917-9484-b1a96225a062	BBGI Family Market Day - October 2024	2	[]	24	1
142	2024-09-25 05:26:53.927084+00	717eaa58-7419-4917-9484-b1a96225a062	BBGI Family Market Day - October 2024	2	[]	24	1
143	2024-09-25 05:35:13.599598+00	717eaa58-7419-4917-9484-b1a96225a062	BBGI Family Market Day - October 2024	2	[{"changed": {"fields": ["Event enddate"]}}, {"changed": {"name": "event ticket type model", "object": "1 Adult + kids - R120.00(+ R3.60)", "fields": ["Sale start"]}}]	24	1
144	2024-09-25 05:35:43.382418+00	717eaa58-7419-4917-9484-b1a96225a062	BBGI Family Market Day - October 2024	2	[{"changed": {"fields": ["Event enddate"]}}]	24	1
145	2024-09-25 05:36:09.295949+00	717eaa58-7419-4917-9484-b1a96225a062	BBGI Family Market Day - October 2024	2	[{"changed": {"fields": ["Event enddate"]}}]	24	1
146	2024-09-25 08:46:28.250454+00	717eaa58-7419-4917-9484-b1a96225a062	BBGI Family Market Day - October 2024	2	[{"changed": {"fields": ["Event enddate"]}}, {"changed": {"name": "event ticket type model", "object": "1 Adult + kids - R120.00(+ R3.60)", "fields": ["Available seats", "Sale start", "Sale end"]}}]	24	2
147	2024-09-26 10:34:10.656818+00	81fbce18-bd33-4984-8dde-d0803b863af4	Celebrating Black Excellence in our midst	2	[{"changed": {"name": "event ticket type model", "object": "Individual Ticket - R210.00(+ R6.30)", "fields": ["Sale start"]}}]	24	1
148	2024-09-27 05:44:31.311933+00	bcf79b49-a57e-495a-9eee-86085e2a028e	BBGI	2	[{"changed": {"fields": ["Phone", "Slogan", "Small description"]}}]	45	2
149	2024-09-27 06:17:27.808104+00	7be40832-d6c4-4e59-988f-e5fa6cb491fd	Business Listing Premium	2	[{"changed": {"fields": ["Max businesses"]}}]	7	2
150	2024-10-02 16:21:30.602581+00	7be40832-d6c4-4e59-988f-e5fa6cb491fd	Business Listing Premium	2	[{"changed": {"fields": ["Amount"]}}]	7	2
151	2024-10-02 16:29:53.434708+00	61172fce-f7cb-4196-9f80-2108a0b7ae6a	SubscriptionOrder object (61172fce-f7cb-4196-9f80-2108a0b7ae6a)	2	[{"changed": {"fields": ["Vat", "Total amount"]}}]	41	2
152	2024-10-02 16:30:09.496927+00	61172fce-f7cb-4196-9f80-2108a0b7ae6a	SubscriptionOrder object (61172fce-f7cb-4196-9f80-2108a0b7ae6a)	2	[{"changed": {"fields": ["Vat"]}}]	41	2
153	2024-10-02 16:30:21.768616+00	61172fce-f7cb-4196-9f80-2108a0b7ae6a	SubscriptionOrder object (61172fce-f7cb-4196-9f80-2108a0b7ae6a)	2	[]	41	2
154	2024-10-02 16:37:03.674512+00	7be40832-d6c4-4e59-988f-e5fa6cb491fd	Business Listing Premium	2	[{"changed": {"fields": ["Details"]}}]	7	2
155	2024-10-15 03:18:47.066547+00	be921b01-7838-446f-82cc-f9c243272859	SubscriptionOrder object (be921b01-7838-446f-82cc-f9c243272859)	3		41	2
156	2024-10-15 03:18:59.523065+00	6725a3ba-f6a2-481e-882a-858033c54cac	SubscriptionOrder object (6725a3ba-f6a2-481e-882a-858033c54cac)	3		41	2
157	2024-10-18 07:10:31.693347+00	26	Lunga Mamputa	2	[{"changed": {"fields": ["Title", "Is email activated"]}}]	6	2
158	2024-10-18 07:13:18.456255+00	26	Lunga Mamputa	2	[{"changed": {"fields": ["Active"]}}]	6	2
159	2024-10-19 05:34:00.72837+00	26	Lunga Mamputa	2	[{"changed": {"fields": ["Subscription"]}}]	6	1
160	2024-10-19 10:55:30.32623+00	be4f0d25-f2d4-4cbd-a274-b4f3d0348dc2	Bespwoke Clothing Design	2	[{"changed": {"fields": ["Province", "Status"]}}]	16	1
161	2024-10-20 00:21:39.064813+00	28	Asimol Ddd	3		6	1
162	2024-10-20 00:21:54.594008+00	1	Thomas Gumede	2	[{"changed": {"fields": ["Subscription", "Is paid"]}}]	6	1
163	2024-10-20 01:49:07.259661+00	1	Mr T Gumede	2	[{"changed": {"fields": ["Subscription", "Is paid"]}}]	6	1
164	2024-10-20 01:55:18.971931+00	fc74bb22-04d6-46b3-a6b2-bf7039d6495c	SubscriptionOrder object (fc74bb22-04d6-46b3-a6b2-bf7039d6495c)	3		41	1
165	2024-10-21 13:41:15.861758+00	915b2b21-4fcb-4460-8241-e6750d090971	Still	3		24	1
166	2024-10-22 00:49:24.62976+00	30	Thomas Gumede	3		6	1
167	2024-10-22 01:14:30.126863+00	31	Mr T Gumede	2	[{"changed": {"fields": ["Subscription"]}}]	6	1
168	2024-10-22 01:15:08.864591+00	31	Mr T Gumede	2	[{"changed": {"fields": ["Subscription"]}}]	6	1
169	2024-10-22 02:30:12.369047+00	31	Mr T Gumede	3		6	1
170	2024-10-22 10:20:40.162538+00	c664d58c-419f-45ee-9cfa-7363c0965883	SubscriptionOrder object (c664d58c-419f-45ee-9cfa-7363c0965883)	2	[{"changed": {"fields": ["Payment status"]}}]	41	1
171	2024-10-22 10:21:32.193214+00	24	Mr T Kamuto	2	[{"changed": {"fields": ["Subscription", "Is paid"]}}]	6	1
172	2024-10-22 13:58:59.302044+00	b2bbb504-05a0-44de-bc2e-20448c0ab8bc	Mamputa Holdings Pty	2	[{"changed": {"fields": ["Province", "Status"]}}]	16	1
173	2024-10-22 13:59:18.57468+00	573a757b-2233-4885-9a3c-41965af5b4cb	TSK International	2	[{"changed": {"fields": ["Province", "Status"]}}]	16	1
174	2024-10-22 20:30:31.684155+00	6933ed46-acc8-4abf-936d-73af4100532c	Aviwe band	2	[{"changed": {"fields": ["Background image", "Logo"]}}]	16	1
175	2024-10-22 20:37:01.774264+00	be4f0d25-f2d4-4cbd-a274-b4f3d0348dc2	Bespwoke Clothing Design	2	[{"changed": {"fields": ["Background image", "Logo"]}}]	16	1
176	2024-10-22 20:37:54.120556+00	4e41552b-fa41-4956-b1df-81ea86dc86f8	GoldOurs Organisational Growth Consultants	2	[{"changed": {"fields": ["Background image", "Logo"]}}]	16	1
177	2024-10-22 20:39:16.451431+00	4d985c09-41fe-46fe-8d96-489f4102268f	Sako Electricians	2	[{"changed": {"fields": ["Background image", "Logo", "Province", "Status"]}}]	16	1
178	2024-10-22 20:43:22.97016+00	ed758709-d94f-4d61-8341-0ebbb42cc265	Financial & Insurance Services	2	[{"changed": {"fields": ["Thumbnail"]}}]	17	1
179	2024-10-22 20:43:53.2949+00	c9cc596a-f618-4659-936e-3cb5bd0ab891	Professionals Services for Businesses	2	[{"changed": {"fields": ["Thumbnail"]}}]	17	1
180	2024-10-22 20:45:03.986298+00	aa5acc39-5617-470b-86ae-7601bfdf6246	Security Systems & Protection	2	[{"changed": {"fields": ["Thumbnail"]}}]	17	1
181	2024-10-22 20:45:43.514384+00	a50cd364-2852-469d-91fa-212255813489	Hotels & Accommodations	2	[{"changed": {"fields": ["Thumbnail"]}}]	17	1
182	2024-10-22 20:46:12.376957+00	9e8f9ab4-a014-47c8-9e57-20e8321f05e5	IT, Computer & Technology	2	[{"changed": {"fields": ["Thumbnail"]}}]	17	1
183	2024-10-22 20:46:48.007369+00	83f25dd3-d96a-4499-9b1a-89e9e36180c0	Medical & Healthcare	2	[{"changed": {"fields": ["Thumbnail"]}}]	17	1
184	2024-10-22 20:47:32.520575+00	66c6f357-c6fe-44cb-8d45-4957f590dbd1	Transport & Courier	2	[{"changed": {"fields": ["Thumbnail"]}}]	17	1
185	2024-10-22 20:48:14.729591+00	5036d526-1ed8-42e6-a1e8-08da460951d5	Events & Entertainment	2	[{"changed": {"fields": ["Thumbnail"]}}]	17	1
186	2024-10-22 20:48:35.391354+00	300ddcb3-0f08-4164-b8e8-d76bcb165454	Education & Training	2	[{"changed": {"fields": ["Thumbnail"]}}]	17	1
187	2024-10-22 20:49:08.023306+00	2135b159-3a9e-462e-a577-0905d0ba4950	Cars & Automotive	2	[{"changed": {"fields": ["Thumbnail"]}}]	17	1
188	2024-10-22 20:49:31.831432+00	1d4bcafc-fad9-4ab5-9dd3-2cf3f19ec4cf	Building Construction & Maintanance	2	[{"changed": {"fields": ["Thumbnail"]}}]	17	1
189	2024-10-22 20:49:50.936728+00	012f8ad8-ea4a-4d21-9d9e-388b03a917fc	Clothing & Textiles	2	[]	17	1
190	2024-10-22 20:49:51.040718+00	012f8ad8-ea4a-4d21-9d9e-388b03a917fc	Clothing & Textiles	2	[]	17	1
191	2024-10-22 20:52:00.707706+00	81fbce18-bd33-4984-8dde-d0803b863af4	Celebrating Black Excellence in our midst	2	[{"changed": {"fields": ["Image"]}}, {"changed": {"name": "event ticket type model", "object": "Individual Ticket - R210.00(+ R6.30)", "fields": ["Sale start"]}}]	24	1
192	2024-10-22 21:01:38.134364+00	68b33542-affb-490d-90ae-364e356db324	Black Business Growth Initiative Calls for Unity, Heritage	2	[{"changed": {"fields": ["Image"]}}]	9	1
193	2024-10-22 21:02:11.035009+00	5ad109aa-054a-42bc-a1a7-90e1c3b80559	One hand can feed anothera look at the phenomenon	2	[{"changed": {"fields": ["Image"]}}]	9	1
194	2024-10-22 21:02:58.781161+00	20930ddb-6b40-4c6c-91ee-24df037c912c	Entrepreneur Lessons: When marketing outruns service delivery readiness	2	[{"changed": {"fields": ["Image", "Description"]}}]	9	1
195	2024-10-23 10:07:43.725888+00	9852824e-4f3c-44b5-a009-c0a7ddd0607f	Graphic Design	2	[{"changed": {"fields": ["Is popular"]}}]	28	1
196	2024-10-23 10:07:51.652874+00	425cb855-8915-40db-a916-9e8807d8d4f0	Electrical Maintanance	2	[{"changed": {"fields": ["Is popular"]}}]	28	1
197	2024-10-23 10:07:58.370899+00	8714e01e-75da-45ec-b5f4-80810acaf71c	Strategy Facilitation	2	[{"changed": {"fields": ["Is popular"]}}]	28	1
198	2024-10-27 17:45:14.767422+00	9cdbefb2-22f5-48aa-8b8c-ffcb15e70955	SubscriptionOrder object (9cdbefb2-22f5-48aa-8b8c-ffcb15e70955)	3		41	1
199	2024-10-27 17:45:14.79726+00	c664d58c-419f-45ee-9cfa-7363c0965883	SubscriptionOrder object (c664d58c-419f-45ee-9cfa-7363c0965883)	3		41	1
200	2024-10-27 17:45:14.801632+00	c4cdefcc-6d99-4fe1-b159-a66b3cdd61a0	SubscriptionOrder object (c4cdefcc-6d99-4fe1-b159-a66b3cdd61a0)	3		41	1
201	2024-10-27 17:45:53.828651+00	1	Mr T Gumede	2	[{"changed": {"fields": ["Subscription", "Is paid"]}}]	6	1
202	2024-11-06 07:46:40.006448+00	1d2ee013-c950-418b-8203-372c0dc6d29e	Mental Health and Business	2	[{"changed": {"fields": ["Status"]}}]	24	2
203	2024-11-06 07:48:39.897486+00	1d2ee013-c950-418b-8203-372c0dc6d29e	Mental Health and Business	2	[{"changed": {"name": "event ticket type model", "object": "1 Person - R200.00(+ R6.00)", "fields": ["Sale start", "Sale end", "Price", "Transaction cost", "Total price"]}}]	24	2
204	2024-11-07 01:24:50.590975+00	21fe8e18-a3dd-4837-91f5-028755dfae51	BBGI202410	3		26	1
205	2024-11-07 01:49:46.444457+00	1	Mr T Gumede	2	[{"changed": {"fields": ["Subscription", "Is paid"]}}]	6	1
206	2024-11-07 03:45:08.322982+00	b680aa60-8722-43da-b121-939f68ecc82e	BBGI2024115	3		26	1
207	2024-11-07 03:45:08.329741+00	adf63061-f6dc-4b39-b003-f9a9bd948c40	BBGI2024113	3		26	1
208	2024-11-07 03:45:08.333496+00	a16bb9cc-f025-4f3b-a6c7-a7664006d1ac	BBGI2024114	3		26	1
209	2024-11-07 03:45:08.337275+00	95657954-8d03-43b6-9aea-dfb7177f5df0	BBGI2024117	3		26	1
210	2024-11-07 03:45:08.340851+00	3ce410bb-d70a-4cec-988e-442f6d38f7bb	BBGI202411	3		26	1
211	2024-11-07 03:45:08.344476+00	3aadeae2-f69c-4de2-ab81-ee1a0f300deb	BBGI2024112	3		26	1
212	2024-11-07 03:46:52.8682+00	37	Ms A Goci	2	[{"changed": {"fields": ["Profile image", "Title"]}}]	6	1
213	2024-11-07 04:13:10.408363+00	1	Mr T Gumede	2	[{"changed": {"fields": ["Subscription", "Is paid"]}}]	6	1
214	2024-11-07 04:39:03.369908+00	ee853407-6153-4f1e-b696-1d52c47821fd	BBGI2024112	3		26	1
215	2024-11-07 04:39:03.375187+00	8c400b35-4c1e-4ce3-a678-db1d7aa53856	BBGI2024113	3		26	1
216	2024-11-07 04:44:49.221527+00	2	Mr S Ndwandwa	2	[{"changed": {"fields": ["Province", "Profile image"]}}]	6	1
217	2024-11-07 04:47:17.353743+00	797c5129-deda-4e4c-8342-0c83fd70b8a0	SubscriptionOrder object (797c5129-deda-4e4c-8342-0c83fd70b8a0)	3		41	1
218	2024-11-07 09:53:32.260542+00	c0212bed-5e0d-42e7-8f36-83d44e6a4fef	Ndwandwa Launch	3		24	1
219	2024-11-07 09:53:32.267489+00	2a029abe-c3cb-440d-a46b-8e6944b8a57c	BBGI Event Testing Emails	3		24	1
220	2024-11-07 09:53:32.271873+00	087d4f85-4ec7-4f47-9fe0-802cf363cdfc	Testing	3		24	1
221	2024-11-07 10:04:34.734749+00	c58e0781-6a28-4038-81b3-181ecbfb9880	BBGI2024113	3		26	1
222	2024-11-07 10:04:34.739457+00	b4ed6a79-c4a9-448f-a6a9-ad3fabeaa281	BBGI2024112	3		26	1
223	2024-11-14 12:47:38.105463+00	1d2ee013-c950-418b-8203-372c0dc6d29e	Mental Health and Business	2	[{"changed": {"fields": ["Phone", "Email"]}}, {"added": {"name": "event ticket type model", "object": "1 BMF Member - R0.0(+ R0.00)"}}, {"added": {"name": "event ticket type model", "object": "Ubumbo Member - R0.0(+ R0.00)"}}, {"added": {"name": "event ticket type model", "object": "BBGI subscriber - R0.0(+ R0.00)"}}, {"changed": {"name": "event ticket type model", "object": "1 Person - R200.00(+ R6.00)", "fields": ["Sale start"]}}]	24	2
224	2024-11-14 12:49:00.07824+00	1d2ee013-c950-418b-8203-372c0dc6d29e	Mental Health and Business	2	[{"added": {"name": "event ticket type model", "object": "Spartans Soccer Club - R0.0(+ R0.00)"}}, {"changed": {"name": "event ticket type model", "object": "Ubumbo Member - R0.00(+ R0.00)", "fields": ["Available seats"]}}, {"changed": {"name": "event ticket type model", "object": "BBGI subscriber - R0.00(+ R0.00)", "fields": ["Available seats"]}}]	24	2
225	2024-11-14 12:50:49.836379+00	1d2ee013-c950-418b-8203-372c0dc6d29e	Mental Health and Business	2	[{"changed": {"name": "event ticket type model", "object": "1 Person - R200.00(+ R6.00)", "fields": ["Available seats"]}}, {"changed": {"name": "event ticket type model", "object": "BBGI subscriber - R0.00(+ R0.00)", "fields": ["Available seats"]}}]	24	2
226	2024-11-14 12:53:12.938285+00	1d2ee013-c950-418b-8203-372c0dc6d29e	Mental Health and Business	2	[{"added": {"name": "event ticket type model", "object": "Sponsor - SMTax. GoldOurs. Noble. Personal Trust. Cape Executive Parking - R0.0(+ R0.00)"}}]	24	2
227	2024-11-14 12:55:18.538486+00	1d2ee013-c950-418b-8203-372c0dc6d29e	Mental Health and Business	2	[{"changed": {"name": "event ticket type model", "object": "1 BMF / Ubumbo/ Spartans Soccer Club Member - R0.00(+ R0.00)", "fields": ["Title"]}}, {"changed": {"name": "event ticket type model", "object": "1 non-affiliate - R200.00(+ R6.00)", "fields": ["Title"]}}, {"deleted": {"name": "event ticket type model", "object": "Spartans Soccer Club - R0.00(+ R0.00)"}}, {"deleted": {"name": "event ticket type model", "object": "Ubumbo Member - R0.00(+ R0.00)"}}, {"deleted": {"name": "event ticket type model", "object": "Sponsor - SMTax. GoldOurs. Noble. Personal Trust. Cape Executive Parking - R0.00(+ R0.00)"}}]	24	2
228	2024-11-14 12:55:26.389742+00	1d2ee013-c950-418b-8203-372c0dc6d29e	Mental Health and Business	2	[]	24	2
229	2024-11-14 12:57:16.936736+00	1d2ee013-c950-418b-8203-372c0dc6d29e	Mental Health and Business	2	[{"added": {"name": "event ticket type model", "object": "Sponsors - GoldOurs. SMTax. Noble. - R0.0(+ R0.00)"}}]	24	2
230	2024-11-14 12:59:04.491795+00	1d2ee013-c950-418b-8203-372c0dc6d29e	Mental Health and Business	2	[{"changed": {"name": "event ticket type model", "object": "Sponsors - GoldOurs. SMTax. Noble. Personal Trust - R0.00(+ R0.00)", "fields": ["Title"]}}]	24	2
231	2024-11-20 23:36:12.290612+00	1d2ee013-c950-418b-8203-372c0dc6d29e	Mental Health and Business	2	[{"changed": {"name": "event ticket type model", "object": "BMF / Sister Space Africa/ Ubumbo/ Spartans Soccer Club Member - R0.00(+ R0.00)", "fields": ["Title"]}}, {"changed": {"name": "event ticket type model", "object": "Non-affiliate - R200.00(+ R6.00)", "fields": ["Title"]}}]	24	2
232	2024-11-22 15:07:52.462245+00	25	Ms L Jobodwana	2	[{"changed": {"fields": ["Active", "Title", "Is email activated"]}}]	6	2
233	2024-11-23 23:49:21.688588+00	41	Coach Nat D	3		6	2
234	2024-11-23 23:49:21.701029+00	27	experi Ment	3		6	2
235	2024-11-23 23:49:21.705126+00	12	Aninomazi Yena	3		6	2
236	2024-11-23 23:53:27.869699+00	7cdb6dec-3fdb-42b2-88f9-76a83bc222a0	BBGI2024117	3		26	2
237	2024-11-24 00:21:19.342725+00	6491d245-3a77-40bd-8c29-e056ee551d5c	SubscriptionOrder object (6491d245-3a77-40bd-8c29-e056ee551d5c)	2	[{"changed": {"fields": ["Vat"]}}]	41	2
238	2024-11-24 19:58:45.4016+00	10	Penelope Ndimande	3		6	2
239	2024-11-27 07:17:56.986255+00	1d2ee013-c950-418b-8203-372c0dc6d29e	Mental Health and Business	2	[{"changed": {"fields": ["Status"]}}, {"changed": {"name": "event ticket type model", "object": "BMF / Sister Space Africa/ Ubumbo/ Spartans Soccer Club Member - R0.00(+ R0.00)", "fields": ["Sale start"]}}, {"changed": {"name": "event ticket type model", "object": "Non-affiliate - R200.00(+ R6.00)", "fields": ["Sale start"]}}, {"changed": {"name": "event ticket type model", "object": "Sponsors - GoldOurs. SMTax. Noble. Personal Trust - R0.00(+ R0.00)", "fields": ["Sale start"]}}, {"changed": {"name": "event ticket type model", "object": "BBGI subscriber - R0.00(+ R0.00)", "fields": ["Sale start"]}}]	24	2
240	2024-11-27 09:19:43.40311+00	1d2ee013-c950-418b-8203-372c0dc6d29e	Mental Health and Business	2	[]	24	1
241	2024-11-27 09:20:34.262182+00	1d2ee013-c950-418b-8203-372c0dc6d29e	Mental Health and Business	2	[{"changed": {"fields": ["Status"]}}]	24	1
242	2024-11-27 09:21:04.632307+00	1d2ee013-c950-418b-8203-372c0dc6d29e	Mental Health and Business	2	[{"changed": {"fields": ["Status"]}}]	24	1
243	2024-11-27 10:27:48.312289+00	aa03b5f9-1445-460c-9ebc-7344647c9b8e	BBGI20241120	3		26	2
244	2024-12-23 00:23:28.300073+00	81fbce18-bd33-4984-8dde-d0803b863af4	Celebrating Black Excellence in our midst	2	[{"changed": {"fields": ["Image", "Phone", "Email"]}}]	24	1
245	2024-12-23 00:23:57.092566+00	1d2ee013-c950-418b-8203-372c0dc6d29e	Mental Health and Business	2	[{"changed": {"fields": ["Image"]}}]	24	1
246	2024-12-23 00:29:07.475255+00	be4f0d25-f2d4-4cbd-a274-b4f3d0348dc2	Bespwoke Clothing Design	2	[]	16	1
247	2024-12-23 00:32:21.771123+00	b2bbb504-05a0-44de-bc2e-20448c0ab8bc	Mamputa Holdings Pty	2	[{"changed": {"fields": ["Background image", "Logo"]}}]	16	1
248	2024-12-23 00:33:53.41489+00	6933ed46-acc8-4abf-936d-73af4100532c	Aviwe band	2	[{"changed": {"fields": ["Background image", "Logo"]}}]	16	1
249	2024-12-23 00:38:58.983048+00	573a757b-2233-4885-9a3c-41965af5b4cb	TSK International Photography	2	[{"changed": {"fields": ["Background image", "Logo"]}}]	16	1
250	2024-12-23 00:41:04.592622+00	4e41552b-fa41-4956-b1df-81ea86dc86f8	GoldOurs Organisational Growth Consultants	2	[{"changed": {"fields": ["Background image", "Logo"]}}]	16	1
251	2024-12-23 00:41:33.034703+00	4d985c09-41fe-46fe-8d96-489f4102268f	Sako Electricians	2	[{"changed": {"fields": ["Background image", "Logo"]}}]	16	1
252	2024-12-23 00:43:37.795553+00	be4f0d25-f2d4-4cbd-a274-b4f3d0348dc2	Bespwoke Clothing Design	2	[{"changed": {"fields": ["Background image", "Logo"]}}]	16	1
253	2024-12-23 00:44:21.463051+00	2	Mr S Ndwandwa	2	[{"changed": {"fields": ["Profile image"]}}]	6	1
254	2024-12-23 00:46:10.340686+00	68b33542-affb-490d-90ae-364e356db324	Black Business Growth Initiative Calls for Unity, Heritage	2	[{"changed": {"fields": ["Image"]}}]	9	1
255	2024-12-23 00:47:09.299265+00	5ad109aa-054a-42bc-a1a7-90e1c3b80559	One hand can feed anothera look at the phenomenon	2	[{"changed": {"fields": ["Image"]}}]	9	1
256	2024-12-23 00:48:04.146829+00	20930ddb-6b40-4c6c-91ee-24df037c912c	Entrepreneur Lessons: When marketing outruns service delivery readiness	2	[{"changed": {"fields": ["Image"]}}]	9	1
257	2024-12-23 00:48:28.570893+00	de4638fa-2c20-43fa-bf3a-c4d62f8d5229	BusinessContent object (de4638fa-2c20-43fa-bf3a-c4d62f8d5229)	3		19	1
258	2024-12-23 00:48:28.575914+00	d53ee731-8314-43c4-9c87-60f1a1dda6e7	BusinessContent object (d53ee731-8314-43c4-9c87-60f1a1dda6e7)	3		19	1
259	2024-12-23 00:48:28.579619+00	c51b85fb-d53b-431e-b835-4e1f55b7c1e4	BusinessContent object (c51b85fb-d53b-431e-b835-4e1f55b7c1e4)	3		19	1
260	2024-12-23 00:48:28.583398+00	c321bd51-9ff2-4417-ab5c-581aa6c65ca8	BusinessContent object (c321bd51-9ff2-4417-ab5c-581aa6c65ca8)	3		19	1
261	2024-12-23 00:48:28.587448+00	bd7fd137-ecc5-4535-a23d-615ae40ea335	BusinessContent object (bd7fd137-ecc5-4535-a23d-615ae40ea335)	3		19	1
262	2024-12-23 00:48:28.59131+00	b926a1f9-c802-4bc0-952c-7dd3c2b283f6	BusinessContent object (b926a1f9-c802-4bc0-952c-7dd3c2b283f6)	3		19	1
263	2024-12-23 00:48:28.594447+00	a586b48e-7b08-4163-b514-674c183d8cec	BusinessContent object (a586b48e-7b08-4163-b514-674c183d8cec)	3		19	1
264	2024-12-23 00:48:28.598128+00	9c64aff2-b2e0-44d0-926b-c13d5695e62a	BusinessContent object (9c64aff2-b2e0-44d0-926b-c13d5695e62a)	3		19	1
265	2024-12-23 00:48:28.601205+00	7a38a568-02b8-4fef-9aaf-06d62a4053ae	BusinessContent object (7a38a568-02b8-4fef-9aaf-06d62a4053ae)	3		19	1
266	2024-12-23 00:48:28.606342+00	6276bb45-7456-4f14-878f-8521884bb5c5	BusinessContent object (6276bb45-7456-4f14-878f-8521884bb5c5)	3		19	1
267	2024-12-23 00:48:28.609227+00	4f8e5fae-bda5-40c5-b4cd-12ecefb6e954	BusinessContent object (4f8e5fae-bda5-40c5-b4cd-12ecefb6e954)	3		19	1
268	2024-12-23 00:48:28.612605+00	200e4be4-15ff-4224-ab82-fc5d4ba48531	BusinessContent object (200e4be4-15ff-4224-ab82-fc5d4ba48531)	3		19	1
269	2024-12-23 00:48:28.615517+00	186cdd2e-0b45-4051-af06-0abb999e996a	BusinessContent object (186cdd2e-0b45-4051-af06-0abb999e996a)	3		19	1
270	2024-12-23 00:48:28.619084+00	0d494c7b-a2af-419e-8cb1-155e02b6d798	BusinessContent object (0d494c7b-a2af-419e-8cb1-155e02b6d798)	3		19	1
271	2024-12-23 00:48:28.622233+00	0971860b-9dc1-43b0-8098-1b68935621be	BusinessContent object (0971860b-9dc1-43b0-8098-1b68935621be)	3		19	1
272	2024-12-25 23:07:59.263074+00	bcf79b49-a57e-495a-9eee-86085e2a028e	BBGI	2	[{"changed": {"fields": ["Vision", "Mission"]}}]	45	1
273	2024-12-25 23:08:26.454017+00	bcf79b49-a57e-495a-9eee-86085e2a028e	BBGI	2	[{"changed": {"fields": ["Address one", "Address two"]}}]	45	1
274	2025-01-18 07:38:17.360869+00	a57df7ec-ac04-4cea-8b21-036f0d20b304	Hello  i wrote about your   price	3		11	1
275	2025-01-18 07:38:17.392807+00	7bf41dfc-2ef1-4745-9807-12683c33e489	Hello, i writing about     price	3		11	1
276	2025-01-18 07:38:17.398896+00	73667e14-8497-456b-a815-edad4cc852e8	Hallo, i writing about   the price	3		11	1
277	2025-01-18 07:38:17.408696+00	c1bcf6d6-e369-412c-84f0-a7a24b71e956	You can count on us for the delivery of your emails.	3		11	1
278	2025-01-18 07:38:17.416845+00	d3efb37f-47b5-4438-aca1-4470b6aac0e5	Hello,   write about your   prices	3		11	1
279	2025-01-18 07:38:17.42407+00	0e5daff6-1895-4cab-92fc-4df19a2048b8	Increase rankings with a SEO friendly web design	3		11	1
280	2025-01-18 07:38:17.430776+00	c16cd7e3-baf5-4ef1-8514-854e0feed263	Hi  i am wrote about     price	3		11	1
281	2025-01-18 07:38:17.437597+00	a0bfd79f-05d7-4025-bfbb-7b2431083a79	Aloha,   write about your   prices	3		11	1
282	2025-01-18 07:38:17.446128+00	02d83d04-bbed-448e-b608-3e48b495ac49	Improve your website`s ranks totally free	3		11	1
283	2025-01-18 07:38:17.452171+00	d775b27e-fde3-42dc-8b79-ce0ecd2cbb2c	Hello  i writing about your the price for reseller	3		11	1
284	2025-01-18 07:38:17.459297+00	884a6bba-1d19-4e37-9ba4-ca10bd8fdf4b	Collaboration request	3		11	1
285	2025-01-18 07:38:17.4664+00	4484f76c-7e01-4e86-b824-3b1c9bc6ed8d	Hi    wrote about   the prices	3		11	1
286	2025-01-18 07:38:17.472909+00	54519fe7-17dd-432b-8d45-5f6ec4e2029c	Whitehat SEO for bbgi.co.za	3		11	1
287	2025-01-18 07:38:17.481483+00	c207ce53-9339-40cf-ab63-a8fe595a1f46	Hallo, i wrote about your   price	3		11	1
288	2025-01-18 07:38:17.489785+00	830b9998-5136-4a26-8af3-b203caf7bb1d	Aloha,   writing about     prices	3		11	1
289	2025-01-18 07:38:17.495861+00	dd3644ce-7976-40ae-a1c2-ccbd0451ca10	NEW: semrush backlinks available on sale	3		11	1
290	2025-01-18 07:38:17.505978+00	bd2a9dee-9afe-4973-ba2d-c25331529474	Aloha  i wrote about     price	3		11	1
291	2025-01-18 07:38:17.528499+00	67bc9244-dc6a-4956-b51d-4f4b56f7cd81	dapoxetine side effects in telugu	3		11	1
292	2025-01-18 07:38:17.536818+00	cbd6e84a-9821-4797-85cd-72b94776ab58	Hallo,   wrote about     price for reseller	3		11	1
293	2025-01-18 07:38:17.543257+00	e1bcecf5-303d-43f5-9f8f-cea291ae6987	Social ads country traffic	3		11	1
294	2025-01-18 07:38:17.549864+00	76feac59-8bf3-4909-982d-2e65d6270e1e	Hi, i wrote about your   prices	3		11	1
295	2025-01-18 07:38:17.55578+00	506f8046-cc72-4414-811d-c46988c5628e	Hi, i wrote about your   prices	3		11	1
296	2025-01-18 07:38:17.561579+00	e15ae413-58ab-4837-9a01-261c650360cd	Hi  i am writing about   the price for reseller	3		11	1
297	2025-01-18 07:38:17.57033+00	be0c2bc2-b1e9-4a3a-b175-cfb3e1e42de3	Inquire of 24 September heritage day	3		11	1
298	2025-01-18 07:38:17.576687+00	518df5d3-3204-49e8-b547-abb64f05c0b0	Hello  i am write about your   price for reseller	3		11	1
299	2025-01-18 07:38:17.585397+00	5575ec0c-5732-46ab-8950-63fd4461c16c	Earn 35% Commission for Life with Our Affiliate Program!	3		11	1
300	2025-01-18 07:38:17.591422+00	50dc2774-e7f2-4e23-b62c-e3ae4ffe66a6	Improve your website`s ranks totally free	3		11	1
301	2025-01-18 07:38:17.599739+00	522d408d-6f48-433c-bf01-c85c0f2d8d9f	URGENT loan offer at 3%	3		11	1
302	2025-01-18 07:38:17.605491+00	b441ad80-6cf2-47e5-b1cb-0dafb512e843	Backlinks by Country to improve bbgi.co.za locally	3		11	1
303	2025-01-18 07:38:17.611875+00	dae20724-4fd5-4908-81ce-e01dae1be1a0	Hello  i am writing about     price for reseller	3		11	1
304	2025-01-18 07:38:17.61856+00	8da73c0a-b84d-43cc-8b92-e1b57388bba9	Social Ads Traffic by Country for bbgi.co.za	3		11	1
305	2025-01-18 07:38:17.624014+00	2aace477-3b30-414d-acc6-ac553aca88b1	Hello  i am writing about   the price for reseller	3		11	1
306	2025-01-18 07:38:17.630199+00	613916d5-eef5-4daa-b713-4620e8f5fe29	Boost Your SEO with Country Targeted Backlinks!	3		11	1
307	2025-01-18 07:38:17.636395+00	042c389e-debb-4d84-a792-2de664ff65e2	Hallo  i writing about   the price	3		11	1
308	2025-01-18 07:38:17.643571+00	18090ab0-9384-49c8-84ac-6fe9914e2869	Improve your website`s ranks totally free	3		11	1
309	2025-01-18 07:38:17.650243+00	d1e947e2-cc61-41b1-a9b9-3ee1d946c35a	Boost Sales Today  Limited Offer!	3		11	1
310	2025-01-21 12:42:28.027126+00	98f7b8ff-bd36-4fbb-9c43-bd6330b3583c	Restaurants & Cafes	1	[{"added": {}}]	17	1
311	2025-01-21 12:43:33.79708+00	caba5ae4-36f5-4138-b4ca-36047cc17133	Health & Wellness	1	[{"added": {}}]	17	1
312	2025-02-04 08:52:37.328176+00	73	Mr W Mlaba	3		6	1
313	2025-02-05 16:09:47.770857+00	37eb4c3f-58c3-4845-9d42-8ec91dc7452e	Black Business Growth InitThe Pulse: Connecting Through Love, Business & African Legacy	2	[{"changed": {"fields": ["Image"]}}]	24	1
314	2025-02-25 15:10:06.984731+00	cc5a61cd-3a0c-4b64-a2da-d67e3420c93f	BBGI202528	2	[{"changed": {"fields": ["Paid"]}}]	26	1
315	2025-02-26 14:33:00.830656+00	1a7a5c3e-0dde-4db7-8621-a46c4297a4d1	BBGI202526	2	[{"changed": {"fields": ["Paid"]}}]	26	1
316	2025-02-26 14:33:00.865731+00	740ea4e6-b9ca-4a63-96c5-cbcb076c41a6	BBGI202524	2	[{"changed": {"fields": ["Paid"]}}]	26	1
317	2025-02-26 14:33:00.872944+00	f4e65439-851c-4633-8d6f-3b5a54c43ef4	BBGI202523	2	[{"changed": {"fields": ["Paid"]}}]	26	1
318	2025-02-26 15:15:26.542805+00	bd723afa-3c5d-48b0-ad75-4b1bcb23692a	BBGI202529	2	[{"changed": {"fields": ["Paid"]}}]	26	1
319	2025-02-26 15:16:05.59364+00	954d4261-9035-4b83-a326-35bbc5592c4d	BBGI202529	2	[{"changed": {"fields": ["Paid"]}}]	26	1
320	2025-02-28 14:47:50.226624+00	94595c09-fcef-49af-ae64-43d0cb29929f	BBGI March 2025, Our Human Rights Agenda: How to be an Active Agent for Transformation Where You Are	2	[{"changed": {"fields": ["Content", "Venue name", "Event address", "Map coordinates"]}}, {"changed": {"name": "event ticket type model", "object": "Sponsors and Partners Tickets: BMF, SisterSpace, SMTax, eLalini, Lelo's Tasty Foods, DrinksNil, Noble Advisory, Goldours and Personal Trust - R100(+ R3.00)", "fields": ["Title", "Price"]}}, {"changed": {"name": "event ticket type model", "object": "Standard Ticket - R200(+ R6.00)", "fields": ["Title", "Price"]}}]	24	2
321	2025-02-28 14:52:03.525951+00	94595c09-fcef-49af-ae64-43d0cb29929f	BBGI March 2025, Our Human Rights Agenda: How to be an Active Agent for Transformation Where You Are	2	[{"changed": {"fields": ["Small description", "Content"]}}]	24	2
322	2025-02-28 14:54:50.139765+00	94595c09-fcef-49af-ae64-43d0cb29929f	BBGI March 2025, Our Human Rights Agenda: How to be an Active Agent for Transformation Where You Are	2	[{"changed": {"fields": ["Image"]}}]	24	2
323	2025-02-28 15:32:38.043625+00	94595c09-fcef-49af-ae64-43d0cb29929f	BBGI March 2025, Our Human Rights Agenda: How to be an Active Agent for Transformation Where You Are	2	[{"changed": {"fields": ["Content"]}}]	24	2
324	2025-02-28 15:54:21.235709+00	98b42d6f-3682-454f-8a0e-35594ee70e8d	BBGI2025211	2	[{"changed": {"fields": ["Paid"]}}]	26	1
325	2025-02-28 15:54:21.249228+00	9751df41-8012-43ba-99c1-ec02a156535d	BBGI2025210	2	[{"changed": {"fields": ["Paid"]}}]	26	1
326	2025-03-01 08:19:19.234766+00	94595c09-fcef-49af-ae64-43d0cb29929f	BBGI March 2025, Our Human Rights Agenda: How to be an Active Agent for Transformation Where You Are	2	[{"changed": {"fields": ["Image"]}}]	24	2
327	2025-03-01 09:03:53.193482+00	94595c09-fcef-49af-ae64-43d0cb29929f	BBGI March 2025, Our Human Rights Agenda: How to be an Active Agent for Transformation Where You Are	2	[{"changed": {"fields": ["Image"]}}]	24	2
328	2025-03-01 09:04:07.556945+00	94595c09-fcef-49af-ae64-43d0cb29929f	BBGI March 2025, Our Human Rights Agenda: How to be an Active Agent for Transformation Where You Are	2	[{"changed": {"fields": ["Image"]}}]	24	2
329	2025-03-09 04:21:06.531658+00	d49ad6b8-9453-494b-a8ad-4ea3f70085e3	BBGI202531	3		26	1
330	2025-03-09 04:21:06.54845+00	9a4bc339-1ef5-4bf2-9e8b-f9487f39dce8	BBGI202533	3		26	1
331	2025-03-09 04:21:06.553208+00	292beff6-09fe-42c1-b15e-d9b8b50532f8	BBGI202532	3		26	1
332	2025-03-09 04:21:06.557563+00	17d255b2-7a83-47da-ba99-72950cd25b0e	BBGI202534	3		26	1
333	2025-03-31 15:11:57.613226+00	1	Mr T Gumede	2	[{"changed": {"fields": ["Subscription", "Is paid"]}}]	6	1
334	2025-04-06 17:57:34.239831+00	1	Mr T Gumede	2	[{"changed": {"fields": ["Subscription", "Is paid"]}}]	6	1
335	2025-04-09 14:47:40.513149+00	89	Wandile Gumede	3		6	1
336	2025-04-09 15:07:08.324565+00	91	Tomas Gumede	3		6	1
337	2025-04-09 15:07:30.940884+00	1	Mr T Gumede	2	[{"changed": {"fields": ["Subscription", "Is paid"]}}]	6	1
338	2025-04-24 15:13:04.435996+00	b64400b7-efc6-47e3-ad25-14b142e33ffd	Subscription order by Thomas Gumede	2	[{"changed": {"fields": ["Payment status"]}}]	41	1
339	2025-04-24 15:15:34.773197+00	1	Mr T Gumede	2	[{"changed": {"fields": ["Subscription", "Is paid"]}}]	6	1
340	2025-05-15 12:17:44.806412+00	daf86b68-62c5-429e-9161-d393a668e917	Working & Thriving in Africa  Exploring Practical Financial Solutions	2	[{"changed": {"fields": ["Status"]}}]	24	2
341	2025-05-16 21:05:51.755841+00	daf86b68-62c5-429e-9161-d393a668e917	Working & Thriving in Africa  Exploring Practical Financial Solutions	2	[{"changed": {"fields": ["Image"]}}]	24	1
342	2025-06-09 09:03:24.426471+00	b64400b7-efc6-47e3-ad25-14b142e33ffd	Subscription order by Thomas Gumede	3		41	1
343	2025-06-09 09:04:13.835057+00	1	Mr T Gumede	2	[{"changed": {"fields": ["Subscription", "Is paid"]}}]	6	1
344	2025-07-12 22:33:22.425972+00	97	Wandile Gumede	3		6	1
345	2025-07-12 22:33:22.441391+00	96	Wandile Gumede	3		6	1
346	2025-07-12 22:33:45.756268+00	95	Mr C Oostendurp	2	[{"changed": {"fields": ["Active", "Title", "Subscription", "Is email activated"]}}]	6	1
347	2025-07-12 22:34:15.045809+00	94	Mr S Fatyi	2	[{"changed": {"fields": ["Active", "Title", "Is email activated"]}}]	6	1
348	2025-07-12 22:34:58.415382+00	93	Prof A Kondile	2	[{"changed": {"fields": ["Active", "Title", "Subscription", "Is email activated", "Is paid"]}}]	6	1
349	2025-07-12 22:35:23.648178+00	92	Prof P Kanyolo	2	[{"changed": {"fields": ["Active", "Title", "Is email activated"]}}]	6	1
\.


--
-- Data for Name: django_celery_beat_clockedschedule; Type: TABLE DATA; Schema: public; Owner: thomas
--

COPY public.django_celery_beat_clockedschedule (id, clocked_time) FROM stdin;
\.


--
-- Data for Name: django_celery_beat_crontabschedule; Type: TABLE DATA; Schema: public; Owner: thomas
--

COPY public.django_celery_beat_crontabschedule (id, minute, hour, day_of_week, day_of_month, month_of_year, timezone) FROM stdin;
1	0	4	*	*	*	Africa/Johannesburg
2	0	9	*	*	*	Africa/Johannesburg
\.


--
-- Data for Name: django_celery_beat_intervalschedule; Type: TABLE DATA; Schema: public; Owner: thomas
--

COPY public.django_celery_beat_intervalschedule (id, every, period) FROM stdin;
\.


--
-- Data for Name: django_celery_beat_periodictask; Type: TABLE DATA; Schema: public; Owner: thomas
--

COPY public.django_celery_beat_periodictask (id, name, task, args, kwargs, queue, exchange, routing_key, expires, enabled, last_run_at, total_run_count, date_changed, description, crontab_id, interval_id, solar_id, one_off, start_time, priority, headers, clocked_id, expire_seconds) FROM stdin;
1	celery.backend_cleanup	celery.backend_cleanup	[]	{}	\N	\N	\N	\N	t	2025-07-14 02:00:00.023731+00	302	2025-07-14 14:16:46.923508+00		1	\N	\N	f	\N	\N	{}	\N	43200
2	close-expired-events	events.tasks.check_2_events_status	[]	{}	\N	\N	\N	\N	t	2025-07-14 07:00:00.022748+00	302	2025-07-14 14:16:47.059651+00		2	\N	\N	f	\N	\N	{}	\N	\N
3	close-expired-campaigns	campaigns.tasks.check_2_campaigns_status	[]	{}	\N	\N	\N	\N	t	2025-07-14 07:00:00.099257+00	302	2025-07-14 14:16:47.112397+00		2	\N	\N	f	\N	\N	{}	\N	\N
\.


--
-- Data for Name: django_celery_beat_periodictasks; Type: TABLE DATA; Schema: public; Owner: thomas
--

COPY public.django_celery_beat_periodictasks (ident, last_update) FROM stdin;
1	2025-07-14 14:16:47.115094+00
\.


--
-- Data for Name: django_celery_beat_solarschedule; Type: TABLE DATA; Schema: public; Owner: thomas
--

COPY public.django_celery_beat_solarschedule (id, event, latitude, longitude) FROM stdin;
\.


--
-- Data for Name: django_celery_results_chordcounter; Type: TABLE DATA; Schema: public; Owner: thomas
--

COPY public.django_celery_results_chordcounter (id, group_id, sub_tasks, count) FROM stdin;
\.


--
-- Data for Name: django_celery_results_groupresult; Type: TABLE DATA; Schema: public; Owner: thomas
--

COPY public.django_celery_results_groupresult (id, group_id, date_created, date_done, content_type, content_encoding, result) FROM stdin;
\.


--
-- Data for Name: django_celery_results_taskresult; Type: TABLE DATA; Schema: public; Owner: thomas
--

COPY public.django_celery_results_taskresult (id, task_id, status, content_type, content_encoding, result, date_done, traceback, meta, task_args, task_kwargs, task_name, worker, date_created, periodic_task_name) FROM stdin;
\.


--
-- Data for Name: django_content_type; Type: TABLE DATA; Schema: public; Owner: thomas
--

COPY public.django_content_type (id, app_label, model) FROM stdin;
1	admin	logentry
2	auth	permission
3	auth	group
4	contenttypes	contenttype
5	sessions	session
6	accounts	account
7	accounts	subscriptionpackage
8	accounts	walletmodel
9	bbgi_home	blog
10	bbgi_home	blogcategory
11	bbgi_home	emailmodel
12	bbgi_home	faq
13	bbgi_home	member
14	bbgi_home	privacy
15	bbgi_home	comment
16	listings	business
17	listings	category
18	listings	businessreview
19	listings	businesscontent
20	listings	businesshour
21	campaigns	campaignmodel
22	campaigns	contributionmodel
23	campaigns	campaignupdatemodel
24	events	eventmodel
25	events	eventtickettypemodel
26	events	ticketordermodel
27	events	ticketmodel
28	markets	service
29	markets	qoutation
30	payments	bbgibankmodel
31	payments	paymentinformation
32	django_celery_beat	crontabschedule
33	django_celery_beat	intervalschedule
34	django_celery_beat	periodictask
35	django_celery_beat	periodictasks
36	django_celery_beat	solarschedule
37	django_celery_beat	clockedschedule
38	django_celery_results	taskresult
39	django_celery_results	chordcounter
40	django_celery_results	groupresult
41	accounts	subscriptionorder
42	listings	businesslocation
43	listings	businessaddress
44	events	eventorganisor
45	accounts	aboutcompany
46	coupons	coupon
47	campaigns	campaignreview
48	campaigns	campaigncontent
49	events	eventreview
50	events	eventcontent
51	bbgi_home	accreditation
52	bbgi_home	review
53	bbgi_home	sponsor
54	markets	requestservice
55	listings	listingorder
\.


--
-- Data for Name: django_migrations; Type: TABLE DATA; Schema: public; Owner: thomas
--

COPY public.django_migrations (id, app, name, applied) FROM stdin;
1	contenttypes	0001_initial	2024-08-06 17:20:31.298382+00
2	contenttypes	0002_remove_content_type_name	2024-08-06 17:20:31.317236+00
3	auth	0001_initial	2024-08-06 17:20:31.480175+00
4	auth	0002_alter_permission_name_max_length	2024-08-06 17:20:31.489031+00
5	auth	0003_alter_user_email_max_length	2024-08-06 17:20:31.497733+00
6	auth	0004_alter_user_username_opts	2024-08-06 17:20:31.506456+00
7	auth	0005_alter_user_last_login_null	2024-08-06 17:20:31.515683+00
8	auth	0006_require_contenttypes_0002	2024-08-06 17:20:31.521168+00
9	auth	0007_alter_validators_add_error_messages	2024-08-06 17:20:31.532404+00
10	auth	0008_alter_user_username_max_length	2024-08-06 17:20:31.542815+00
11	auth	0009_alter_user_last_name_max_length	2024-08-06 17:20:31.552333+00
12	auth	0010_alter_group_name_max_length	2024-08-06 17:20:31.56713+00
13	auth	0011_update_proxy_permissions	2024-08-06 17:20:31.65153+00
14	auth	0012_alter_user_first_name_max_length	2024-08-06 17:20:31.661713+00
15	accounts	0001_initial	2024-08-06 17:20:31.927005+00
16	admin	0001_initial	2024-08-06 17:20:31.997674+00
17	admin	0002_logentry_remove_auto_add	2024-08-06 17:20:32.016505+00
18	admin	0003_logentry_add_action_flag_choices	2024-08-06 17:20:32.036756+00
19	bbgi_home	0001_initial	2024-08-06 17:20:32.472925+00
20	campaigns	0001_initial	2024-08-06 17:20:32.751361+00
21	django_celery_beat	0001_initial	2024-08-06 17:20:32.875691+00
22	django_celery_beat	0002_auto_20161118_0346	2024-08-06 17:20:32.920929+00
23	django_celery_beat	0003_auto_20161209_0049	2024-08-06 17:20:32.956121+00
24	django_celery_beat	0004_auto_20170221_0000	2024-08-06 17:20:32.969052+00
25	django_celery_beat	0005_add_solarschedule_events_choices	2024-08-06 17:20:32.98205+00
26	django_celery_beat	0006_auto_20180322_0932	2024-08-06 17:20:33.038355+00
27	django_celery_beat	0007_auto_20180521_0826	2024-08-06 17:20:33.068963+00
28	django_celery_beat	0008_auto_20180914_1922	2024-08-06 17:20:33.105984+00
29	django_celery_beat	0006_auto_20180210_1226	2024-08-06 17:20:33.132203+00
30	django_celery_beat	0006_periodictask_priority	2024-08-06 17:20:33.152727+00
31	django_celery_beat	0009_periodictask_headers	2024-08-06 17:20:33.187179+00
32	django_celery_beat	0010_auto_20190429_0326	2024-08-06 17:20:33.410565+00
33	django_celery_beat	0011_auto_20190508_0153	2024-08-06 17:20:33.455866+00
34	django_celery_beat	0012_periodictask_expire_seconds	2024-08-06 17:20:33.504357+00
35	django_celery_beat	0013_auto_20200609_0727	2024-08-06 17:20:33.521073+00
36	django_celery_beat	0014_remove_clockedschedule_enabled	2024-08-06 17:20:33.532478+00
37	django_celery_beat	0015_edit_solarschedule_events_choices	2024-08-06 17:20:33.542455+00
38	django_celery_beat	0016_alter_crontabschedule_timezone	2024-08-06 17:20:33.557688+00
39	django_celery_beat	0017_alter_crontabschedule_month_of_year	2024-08-06 17:20:33.575188+00
40	django_celery_beat	0018_improve_crontab_helptext	2024-08-06 17:20:33.588161+00
41	django_celery_results	0001_initial	2024-08-06 17:20:33.667689+00
42	django_celery_results	0002_add_task_name_args_kwargs	2024-08-06 17:20:33.685755+00
43	django_celery_results	0003_auto_20181106_1101	2024-08-06 17:20:33.695965+00
44	django_celery_results	0004_auto_20190516_0412	2024-08-06 17:20:33.814829+00
45	django_celery_results	0005_taskresult_worker	2024-08-06 17:20:33.872551+00
46	django_celery_results	0006_taskresult_date_created	2024-08-06 17:20:33.932055+00
47	django_celery_results	0007_remove_taskresult_hidden	2024-08-06 17:20:33.941474+00
48	django_celery_results	0008_chordcounter	2024-08-06 17:20:34.013975+00
49	django_celery_results	0009_groupresult	2024-08-06 17:20:34.234435+00
50	django_celery_results	0010_remove_duplicate_indices	2024-08-06 17:20:34.24672+00
51	django_celery_results	0011_taskresult_periodic_task_name	2024-08-06 17:20:34.258477+00
52	events	0001_initial	2024-08-06 17:20:34.661346+00
53	listings	0001_initial	2024-08-06 17:20:35.355519+00
54	markets	0001_initial	2024-08-06 17:20:35.537266+00
55	payments	0001_initial	2024-08-06 17:20:35.612841+00
56	sessions	0001_initial	2024-08-06 17:20:35.662748+00
57	accounts	0002_alter_account_phone	2024-08-07 03:53:19.953406+00
58	campaigns	0002_alter_campaignmodel_end_date	2024-08-07 03:53:19.981682+00
59	campaigns	0003_alter_campaignmodel_end_date	2024-08-07 03:53:20.008436+00
60	events	0002_alter_eventmodel_event_enddate_and_more	2024-08-07 03:53:20.086638+00
61	events	0003_alter_eventmodel_event_enddate_and_more	2024-08-07 03:53:20.162503+00
62	listings	0002_alter_business_phone	2024-08-07 03:53:20.19172+00
63	markets	0002_alter_qoutation_date_alter_qoutation_phone	2024-08-07 03:53:20.24243+00
64	markets	0003_alter_qoutation_date	2024-08-07 03:53:20.27952+00
65	accounts	0003_account_subscription_ends_and_more	2024-08-11 18:05:19.98328+00
66	campaigns	0004_alter_campaignmodel_end_date	2024-08-14 18:09:25.337334+00
67	events	0004_alter_eventmodel_event_enddate_and_more	2024-08-14 18:09:25.422525+00
68	campaigns	0005_alter_campaignmodel_end_date	2024-08-14 18:11:37.33055+00
69	campaigns	0006_alter_campaignmodel_end_date	2024-08-14 18:11:37.367194+00
70	events	0005_alter_eventmodel_event_enddate_and_more	2024-08-14 18:11:37.444565+00
71	events	0006_alter_eventmodel_event_enddate_and_more	2024-08-14 18:11:37.538462+00
72	markets	0004_alter_qoutation_date	2024-08-14 18:15:38.7938+00
73	markets	0005_alter_qoutation_date	2024-08-14 18:15:38.83453+00
74	markets	0006_alter_qoutation_date	2024-08-14 18:15:38.873874+00
75	campaigns	0007_alter_campaignmodel_end_date	2024-08-14 18:16:14.612032+00
76	events	0007_alter_eventmodel_event_enddate_and_more	2024-08-14 18:16:14.691512+00
77	listings	0003_businesslocation_remove_business_address_id_and_more	2024-08-14 18:16:15.211565+00
78	markets	0007_alter_qoutation_date	2024-08-14 18:16:15.240936+00
79	campaigns	0008_alter_campaignmodel_end_date	2024-08-17 09:28:39.980334+00
80	events	0008_alter_eventmodel_event_enddate_and_more	2024-08-17 09:28:40.054767+00
81	listings	0004_rename_address_one_businesslocation_map_coordinates_and_more	2024-08-17 09:28:40.192016+00
82	markets	0008_alter_qoutation_date	2024-08-17 09:28:40.218805+00
83	campaigns	0009_alter_campaignmodel_end_date	2024-08-22 11:36:01.418354+00
84	events	0009_alter_eventmodel_event_enddate_and_more	2024-08-22 11:36:01.508614+00
85	markets	0009_alter_qoutation_date	2024-08-22 11:36:01.542624+00
86	campaigns	0010_alter_campaignmodel_end_date	2024-08-23 12:19:42.873097+00
87	events	0010_remove_eventmodel_tip_eventmodel_small_description_and_more	2024-08-23 12:19:43.050877+00
88	markets	0010_alter_qoutation_date	2024-08-23 12:19:43.092032+00
89	events	0011_ticketmodel_scanned_ticketmodel_scanned_at_and_more	2024-08-23 14:14:40.663019+00
90	events	0012_ticketordermodel_receipt_and_more	2024-08-23 18:33:33.837333+00
91	campaigns	0011_alter_campaignmodel_end_date	2024-09-11 20:33:15.367265+00
92	events	0013_alter_eventmodel_event_enddate_and_more	2024-09-11 20:33:15.650544+00
93	markets	0011_alter_qoutation_date	2024-09-11 20:33:15.687249+00
94	accounts	0004_aboutcompany_alter_account_phone_and_more	2024-09-14 15:00:24.487276+00
95	campaigns	0012_alter_campaignmodel_end_date	2024-09-14 15:00:24.549891+00
96	events	0014_alter_eventmodel_event_enddate_and_more	2024-09-14 15:00:24.727229+00
97	markets	0012_alter_qoutation_date	2024-09-14 15:00:24.775517+00
98	accounts	0005_aboutcompany_slogan_aboutcompany_small_description_and_more	2024-09-18 17:05:40.432159+00
99	campaigns	0013_alter_campaignmodel_end_date	2024-09-18 17:05:40.471153+00
100	events	0015_ticketordermodel_client_address_one_and_more	2024-09-18 17:05:41.002298+00
101	markets	0013_alter_qoutation_date	2024-09-18 17:05:41.049438+00
102	coupons	0001_initial	2024-09-18 17:06:20.622819+00
103	events	0016_alter_eventmodel_event_enddate_and_more	2024-09-18 17:06:41.367946+00
104	events	0017_ticketordermodel_coupon_code_and_more	2024-09-18 18:24:30.918294+00
105	campaigns	0014_alter_campaignmodel_end_date	2024-09-24 00:21:00.537214+00
106	events	0018_alter_eventmodel_event_enddate_and_more	2024-09-24 00:21:00.625062+00
107	listings	0005_business_alternative_phone_alter_business_phone	2024-09-24 00:21:00.728409+00
108	markets	0014_alter_qoutation_date	2024-09-24 00:21:00.765567+00
109	campaigns	0015_alter_campaignmodel_end_date	2024-09-26 10:05:53.803161+00
110	events	0019_ticketordermodel_order_note_and_more	2024-09-26 10:05:54.01088+00
111	markets	0015_alter_qoutation_date	2024-09-26 10:05:54.050134+00
112	markets	0002_alter_qoutation_date	2024-10-21 21:38:20.835908+00
113	listings	0002_businesslocation_email_and_more	2024-10-27 14:44:51.449313+00
114	events	0004_eventmodel_email_eventmodel_phone_and_more	2024-11-13 23:27:15.733312+00
115	payments	0002_alter_bbgibankmodel_options_and_more	2024-12-15 23:12:19.140017+00
116	campaigns	0005_campaignmodel_alternative_phone_and_more	2024-12-15 23:18:21.845561+00
117	campaigns	0005_alter_campaigncontent_image_and_more	2024-12-25 23:00:07.696+00
118	accounts	0002_aboutcompany_mission_aboutcompany_vision	2024-12-25 23:03:58.294346+00
119	events	0002_eventcontent	2025-01-01 01:04:29.187033+00
120	listings	0002_category_icon	2025-01-18 17:04:49.524729+00
121	bbgi_home	0002_accreditation_review_sponsor	2025-03-04 21:17:31.401884+00
122	markets	0006_requestservice_alter_qoutation_date	2025-03-04 21:17:32.252781+00
123	bbgi_home	0003_alter_sponsor_decription	2025-03-09 01:56:50.938444+00
124	accounts	0002_subscriptionorder_checkout_details	2025-04-01 06:26:39.234754+00
125	listings	0002_listingorder	2025-07-12 21:50:59.574892+00
\.


--
-- Data for Name: django_session; Type: TABLE DATA; Schema: public; Owner: thomas
--

COPY public.django_session (session_key, session_data, expire_date) FROM stdin;
d6d56i0nil7jphatiqzpxxqlivxxwcdx	.eJxVi80KAiEQgN_Fc4i6_owdg55DZhxDadsg9RS9ewV7qOv38xQJ56hp9vJIjcVRaHH4ZYT5WravwJzvcxtdztHWNlrpcpddnm_Y1tOe_v0Ve_3MzilPimxgNB6yW4i1R8CFSWvNHvQlZDAIhMFaFaNjo0pkIoIQWYnXG745N7c:1sbQEI:0HAGe6lO1w_1-xw3IMDKDUnrGPYW7X2b4G4sltRjKhc	2024-08-20 19:52:22.288756+00
0uymrjuyio0m4wotb6fajmhsu8j1kwrh	.eJxVi80KAiEQgN_Fc4gj6mrHoOeQ0RlR2jZIPS29ewV7qOv3s4uIc9Q4Oz9jI3EWWpx-WcJ84-0rMOfH3EaXc7S1jcZdHrLL6x3bejnSv79ir5-ZPYFlW0IJqUAGbZMCo633i7eBjdIKnHaUVSLlaCEKmgoQoVdswInXG75mN5I:1sbQq5:2k7fI3_tVp4h7avcYhOXqt4oGg7247GnrPVwfpZzQbw	2024-08-20 20:31:25.715218+00
efzfrngyoyt33j6vxq1cjtnpnde2k40s	.eJxVi80KAiEQgN_Fc4i6_owdg55DZhxDadsg9RS9ewV7qOv38xQJ56hp9vJIjcVRaHH4ZYT5WravwJzvcxtdztHWNlrpcpddnm_Y1tOe_v0Ve_3MzilPimxgNB6yW4i1R8CFSWvNHvQlZDAIhMFaFaNjo0pkIoIQWYnXG745N7c:1sbRVT:T5bom9MgeF1UOWxzdkebczSZvLewpxjxnRgeXjctvFE	2024-08-20 21:14:11.416774+00
l1i9jy5b8zqeu9f56no4vqb8ulk2oh6f	.eJxVi80KAiEQgN_Fc4gj6mrHoOeQ0RlR2jZIPS29ewV7qOv3s4uIc9Q4Oz9jI3EWWpx-WcJ84-0rMOfH3EaXc7S1jcZdHrLL6x3bejnSv79ir5-ZPYFlW0IJqUAGbZMCo633i7eBjdIKnHaUVSLlaCEKmgoQoVdswInXG75mN5I:1sc6qS:X-QvXqRp7iQBKPyxeKZlP8xDEsn7N4W7v8-CmIQB4wo	2024-08-22 17:22:36.052815+00
hy1jalwribwh1fju7ppiplm1zrrtt0r8	.eJxVi80KAiEQgN_Fc4gj6mrHoOeQ0RlR2jZIPS29ewV7qOv3s4uIc9Q4Oz9jI3EWWpx-WcJ84-0rMOfH3EaXc7S1jcZdHrLL6x3bejnSv79ir5-ZPYFlW0IJqUAGbZMCo633i7eBjdIKnHaUVSLlaCEKmgoQoVdswInXG75mN5I:1sgOGL:qPO57rNiRYR0JESM33W5poj3RgL1x__LtGPhbEAHSXk	2024-09-03 12:47:01.084003+00
zvgjarnpv07vkuv1pd5ykf0x7w82jh4v	.eJxVi80KAiEQgN_Fc4iD_x2DnkPGGRelbYPUU_TubbCHun4_L5FwjppmL8_UWJwFiNMvy0i3sn0FEj3mNrqco61ttNLlIbu83rGtlyP9-yv2us_koy2kiEwoLgcERGsc6RAgsGL2TMqDyz5G4mL0AoY1awtmIdpz8f4A3iA4VA:1st1wG:yp9UAdyPuUzz9x2L-PfqG_n9Ik_hrhCiUT58OtiUTQU	2024-10-08 09:34:32.895913+00
l4uzyak08o9h9v1yl0lm9nrk0s0olpmm	.eJxVi80KAiEQgN_Fc4iD_x2DnkPGGRelbYPUU_TubbCHun4_L5FwjppmL8_UWJwFiNMvy0i3sn0FEj3mNrqco61ttNLlIbu83rGtlyP9-yv2us_koy2kiEwoLgcERGsc6RAgsGL2TMqDyz5G4mL0AoY1awtmIdpz8f4A3iA4VA:1siDrd:LIbA-RTizAdw63V0reaqnCoOng2qrEjFIJcgMiJb7aM	2024-09-08 14:05:05.589729+00
xi1f6sb7srvz7vqycwbi11a9ksoerp0t	.eJxVi80KAiEQgN_Fc4iD_x2DnkPGGRelbYPUU_TubbCHun4_L5FwjppmL8_UWJwFiNMvy0i3sn0FEj3mNrqco61ttNLlIbu83rGtlyP9-yv2us_koy2kiEwoLgcERGsc6RAgsGL2TMqDyz5G4mL0AoY1awtmIdpz8f4A3iA4VA:1siSgf:wybDFeFqIKc-4T-qE7LU8eHrNb-4xbbBBRyl_Xqd5AI	2024-09-09 05:54:45.733985+00
krpmwxckyr8ox4csh46733vtin0fnpgg	.eJxVi8sKAiEUht_FdYgyOjotg55DjsdflKYJUldD717BLGr7XXYRaPQSRsMz1CTOworTL4vEN2xfQcyPsfUmR69r7RVNHrLJ653qejnSv79QK5_ZGAI8Kz3BAGnRPltjtYNH5swOTmlFPC9wkdmliVMkBT0bGOWdEq838AE4tg:1sjL0x:fkhldQhShZ9-DTobZP3AZGD5_sl4LFb9X4QSFnwdG6U	2024-09-11 15:55:19.861128+00
x8knldvujimaynfhy1h6642va3596f9h	.eJxVi80KAiEQgN_Fc4gj6mrHoOeQ0RlR2jZIPS29ewV7qOv3s4uIc9Q4Oz9jI3EWWpx-WcJ84-0rMOfH3EaXc7S1jcZdHrLL6x3bejnSv79ir5-ZPYFlW0IJqUAGbZMCo633i7eBjdIKnHaUVSLlaCEKmgoQoVdswInXG75mN5I:1skG0r:0GU4t9u9FSeN3n3EB_cYJlDm3XPSBTklZA6OX0e4A9o	2024-09-14 04:47:01.412618+00
7augscooor9i9ty2b7kwil9qawsd61hs	.eJxVi80KAiEQgN_Fc4iD_x2DnkPGGRelbYPUU_TubbCHun4_L5FwjppmL8_UWJwFiNMvy0i3sn0FEj3mNrqco61ttNLlIbu83rGtlyP9-yv2us_koy2kiEwoLgcERGsc6RAgsGL2TMqDyz5G4mL0AoY1awtmIdpz8f4A3iA4VA:1skGxQ:ClGMnhV_cXKH3mNxgHXL1DPXvvTxH2yuPMb6qlLJ628	2024-09-14 05:47:32.508532+00
bpb247i5rt6cbhqm9whl4u315bn30nbe	.eJxVi80KAiEQgN_Fc4gj6mrHoOeQ0RlR2jZIPS29ewV7qOv3s4uIc9Q4Oz9jI3EWWpx-WcJ84-0rMOfH3EaXc7S1jcZdHrLL6x3bejnSv79ir5-ZPYFlW0IJqUAGbZMCo633i7eBjdIKnHaUVSLlaCEKmgoQoVdswInXG75mN5I:1skHst:dksWhb7pbB3UqWT3z4JIPuNVGsZkGoe9VEPpOUxNul4	2024-09-14 06:46:55.604856+00
fb0vhhim7jza4ehwkc585pwd7kqyqew4	.eJxVi80KAiEQgN_Fc4iD_x2DnkPGGRelbYPUU_TubbCHun4_L5FwjppmL8_UWJwFiNMvy0i3sn0FEj3mNrqco61ttNLlIbu83rGtlyP9-yv2us_koy2kiEwoLgcERGsc6RAgsGL2TMqDyz5G4mL0AoY1awtmIdpz8f4A3iA4VA:1soUAc:TN4e8XafKIZsDyywF8grtbfSme0iWejwWP483d3-BwQ	2024-09-25 20:42:34.468186+00
krp74o5wj995c34cz7w8hu2xot5uaiwg	.eJxVi8sOwiAQRf-FtWnGDjDg0qTfQYZXINaaCKyM_25NutDdzT3nvITj0YsbLT1djeIitDj9fp7DLW1fwCE8xtbbNHpda6-pTQds03Lnul4P9a8v3MoeZw2QPUgrPVDATLNiQINGypDtWeZ9o0qkiOWc2GZNoDUbwogmxijeH6jNNxY:1spRJe:utfPzw7FE73P8bGvAg_cFPO68XM8bpVNpPFJ_CaQA5A	2024-09-28 11:51:50.251683+00
93to5czp5rk4cvu1f3vbqzk3rbo46mvh	.eJxVi8sOwiAQRf-FtWnGDjDg0qTfQYZXINaaCKyM_25NutDdzT3nvITj0YsbLT1djeIitDj9fp7DLW1fwCE8xtbbNHpda6-pTQds03Lnul4P9a8v3MoeZw2QPUgrPVDATLNiQINGypDtWeZ9o0qkiOWc2GZNoDUbwogmxijeH6jNNxY:1spROK:B8P9ALdgmlTK2vQL8yAYMjqjNwCJnY2EcBxwOWSBS9E	2024-09-28 11:56:40.926538+00
ajbu02vls719npoyvo68mqy5yuzdnesh	.eJxVi80KAiEQgN_Fc4iD_x2DnkPGGRelbYPUU_TubbCHun4_L5FwjppmL8_UWJwFiNMvy0i3sn0FEj3mNrqco61ttNLlIbu83rGtlyP9-yv2us_koy2kiEwoLgcERGsc6RAgsGL2TMqDyz5G4mL0AoY1awtmIdpz8f4A3iA4VA:1spUIf:BpG2yVY48i0s7vtTTx1ORW92QeKPLHmxgnPr1Txqbqc	2024-09-28 15:03:01.018101+00
8c3x9x40ep0nmowj95s16i7tecz4t88r	.eJxVi0sKwjAQQO-StZTm05nUpdBzhMlkSoK1gklW4t1V6EK37_NUgXrLoVd5hJLUWaE6_bJIfJX9K4j53vdWh97KVlqROhyyDsuNynY50r8_U82f2c_eGRdH0Axi4-TS6MGunLQACyA4mtCvs52QfEIHDkVzNBRXssager0BtLc3eA:1spUwG:7keLidNxkTlf3L4MBeeQaQcE9LymeYP01MFb1Qv07OM	2024-09-28 15:43:56.495544+00
jbnhw2ufm0dwa7147rats71qll3i4e6k	.eJxVi0sKwjAQQO-StZTm05nUpdBzhMlkSoK1gklW4t1V6EK37_NUgXrLoVd5hJLUWaE6_bJIfJX9K4j53vdWh97KVlqROhyyDsuNynY50r8_U82f2c_eGRdH0Axi4-TS6MGunLQACyA4mtCvs52QfEIHDkVzNBRXssager0BtLc3eA:1spUwH:0xWwC353vPs6vf66Rhy_AWkP0sQScDkpL2l8EjU6RaQ	2024-09-28 15:43:57.405594+00
nr9dbemj5usigs5b0g4kodapiy9vh83v	.eJxVi80KAiEQgN_Fc4gj6mrHoOeQ0RlR2jZIPS29ewV7qOv3s4uIc9Q4Oz9jI3EWWpx-WcJ84-0rMOfH3EaXc7S1jcZdHrLL6x3bejnSv79ir5-ZPYFlW0IJqUAGbZMCo633i7eBjdIKnHaUVSLlaCEKmgoQoVdswInXG75mN5I:1t1kzw:seovW7B_JJd1gkF7KrI22szSKQrwXZea0shNYf-jAuI	2024-11-01 11:18:24.82982+00
anxrjizlyvxksuuvneyv58vxtr2jka7a	.eJxVi80KAiEQgN_Fc4gj6mrHoOeQ0RlR2jZIPS29ewV7qOv3s4uIc9Q4Oz9jI3EWWpx-WcJ84-0rMOfH3EaXc7S1jcZdHrLL6x3bejnSv79ir5-ZPYFlW0IJqUAGbZMCo633i7eBjdIKnHaUVSLlaCEKmgoQoVdswInXG75mN5I:1sqSbR:lYimatqOfXinlf2AUKUfs2eyNLzsDsgdq92zXMbVoj8	2024-10-01 07:26:25.319731+00
jx1kgb0wtsys5xro3d0pxen63592cbuk	.eJxVjsEOwiAQRP-FszRsgQIeTfyOZtmlKbFWI3Ay_rs19qDXmXkz8xQjtjqPraTHmFkcBYjDrxaRLmn9GEh0a2stXat5yTWn0u1m6c5XzMtpj_7xM5Z5g8kFm0gRGZ-G6BEQrRlIew-eFbNjUg6G6EIgTkZPYFiztmAmoi2-lW7r99v6PemjIhv6SfZ976RxFmQEhzIYTh5Csp6teL0Bg0NF9Q:1sr07G:wmqoy3w3j4vlhGFzqc3ODiFciwfrhuwA_sVhHyhlgcw	2024-10-02 19:13:30.699657+00
9pgigbbv76vy33dou1pts56tsx1ujdk9	.eJxVi0sOwiAQQO_C2pChZUBcmvQcZBggEGtNBFbGu2uTLnT7Pi_hafTiR0tPX6O4iLM4_bJAfEvbLoj5Mbbe5Oh1rb2mJg_Z5HKnul6P9O8v1Mo-O1SgbTA6W5vImoAJKWJkSMpYxcERwIRh_lYqs56ZyCJgnCJkx-L9AcjSN-A:1sr1py:v_z1v6A91vbK9wqbLtTRM9R-Ysatx4MwYVFkputcgpM	2024-10-02 21:03:46.82407+00
feva5diykns8xff52ky98qflgvr5dfp8	.eJxVi80KAiEQgN_Fc4gj6mrHoOeQ0RlR2jZIPS29ewV7qOv3s4uIc9Q4Oz9jI3EWWpx-WcJ84-0rMOfH3EaXc7S1jcZdHrLL6x3bejnSv79ir5-ZPYFlW0IJqUAGbZMCo633i7eBjdIKnHaUVSLlaCEKmgoQoVdswInXG75mN5I:1srgve:yCcEGh7CvvBAP2JqwPCfBnnSyv7RjqrTSxcz-UTrrD0	2024-10-04 16:56:22.861042+00
9ho8qergr98ydlmgw0pldcrq6joddc2i	.eJxVi80KAiEQgN_Fc4ijbrodg55DZsZZlLYNUk_Ru1ewh7p-P0-VcPSSRpNHqlmdFBh1-IWEfJXta5D5Prbe9Oh1rb1K07ts-nLDup739O8v2MpnFnBGgvjZB-9m53NY6ChkPAEtPka2EzMRyGRzDsAOkaNjkyGjCFj1egPzEjjJ:1srwfe:FuZaMgyzc0ZHGlfXeehbt9TNKo0qCTLirRUX8Z6G3Qk	2024-10-05 09:44:54.246683+00
sdooa6qehpvzixjdniky9zw3hba8wua8	.eJxVi80KAiEQgN_Fc4ijbrodg55DZsZZlLYNUk_Ru1ewh7p-P0-VcPSSRpNHqlmdFBh1-IWEfJXta5D5Prbe9Oh1rb1K07ts-nLDup739O8v2MpnFnBGgvjZB-9m53NY6ChkPAEtPka2EzMRyGRzDsAOkaNjkyGjCFj1egPzEjjJ:1srwff:tQkBVDG57e44CBBXRJr-O4Hhmy-aTduYxSWqrAQ-niM	2024-10-05 09:44:55.448515+00
fwkedxvew95ddmzjeidrz7exr65qgm4v	.eJxVi80KAiEQgN_FcyzNuCp2DHoOGWdmUdo2SD1F717BHur6_TxNotFLGk0fqYo5GQBz-IWZ-Krb1xDzfWy9TaPXtfaqbdplmy43qut5T__-Qq18ZrUYgpBaTzHM7NEvgA6jRSZQUAF2hIjeCeWMhLpgiCxzdlZEjub1BuqAOGc:1ss5OW:-Yi-8Q27H0_NV1Vk9wwl1KJySyPLZVHdI8xEAkA1xlk	2024-10-05 19:03:48.71146+00
d1m14ez7obbe5edt3fyqbw05eyrmzkxi	.eJxVi80KAiEQgN_Fc4iD_x2DnkPGGRelbYPUU_TubbCHun4_L5FwjppmL8_UWJwFiNMvy0i3sn0FEj3mNrqco61ttNLlIbu83rGtlyP9-yv2us_koy2kiEwoLgcERGsc6RAgsGL2TMqDyz5G4mL0AoY1awtmIdpz8f4A3iA4VA:1stKNA:OtbIbtWiqjsmJUvjhr1M1lUyeaJc3zkZQHR_rMeEEHQ	2024-10-09 05:15:32.481711+00
d12qz3f2awcbhr3eihnl5pgwlfvo4mnk	.eJxVi80KAiEQgN_Fc4iD_x2DnkPGGRelbYPUU_TubbCHun4_L5FwjppmL8_UWJwFiNMvy0i3sn0FEj3mNrqco61ttNLlIbu83rGtlyP9-yv2us_koy2kiEwoLgcERGsc6RAgsGL2TMqDyz5G4mL0AoY1awtmIdpz8f4A3iA4VA:1stlXe:t_UuuZS6uYH7787Zxkzpm2RVfwyfXOnsitf9OljIcEU	2024-10-10 10:16:10.871395+00
mz6f8d7ky7mtayvfzd4sxcqyv1hngnoj	.eJxVi0sKwjAQQO-StZRpm8nHpdBzlJnMlAZrBZOsxLur0IVu3-dpZmp1nVvRx5zFnE3vzekXMqWr7l9DKd3bXkvXat5yzVq6Q5ZuulHeLkf6969U1s_sLKsyShCwAwZH7BJbGDFC73Txo4wakwUB72XxiXtEJGGIAzoOYF5v9g038w:1svaRt:epuHR-6-mr1SB9i_Lrjgq1xUwnyoXjOUD5--Kdy9jaM	2024-10-15 10:49:45.68084+00
dtftnti86gkhxq7k7z3u2lnhrj9jngay	.eJxVy80KAiEUhuF7cR2ijr8tg65DjmeOKE0TpK6ie89gFrX9nu99sQijlzgaPWNd2ZnJwE6_YwK80f4VQHyMvTc-et1qr9T4gY1f71C3y3H96wu0MmPlgGRefE5ZKGOQjENJNi1GeC_BoxUTCTWYYLTVU4SG4POqnQqLYO8P7vY3cw:1svarK:1545J7vHwzyoXM8Be7vF8SVaQjXL_tuj3eJvKO_kkMI	2024-10-15 11:16:02.499628+00
z5slgp9ajwl7m6fwkvdxhd22re2v8elu	.eJxVi0kOwiAUhu_C2jRMZXBp0nOQ_wENxFoTgZXx7mrShW6_4ckCRi9htPwINbEzE46dfiEhXvP-NYjxPvbeptHrVnvNbTpkm5Yb6nY50r-_oJXPHD0JzY0j4lnaOfksFTwpa6GMN04JJEpKWs3BHZC0S3w2MJQVVrey1xvmfzgg:1svasN:ebz7Ftt2ovpg-_QoNDkwKqtY560DC-RIeTVh-VAW4lY	2024-10-15 11:17:07.765403+00
8febp1ycthikyaqyvwa3dk4d8iksfyip	.eJxVi80KAiEQgN_Fc4gj6mrHoOeQ0RlR2jZIPS29ewV7qOv3s4uIc9Q4Oz9jI3EWWpx-WcJ84-0rMOfH3EaXc7S1jcZdHrLL6x3bejnSv79ir5-ZPYFlW0IJqUAGbZMCo633i7eBjdIKnHaUVSLlaCEKmgoQoVdswInXG75mN5I:1svpoR:qPciw7vmMWURD3RD7SsCRBB3vDp-HFP_L6oljtalwTk	2024-10-16 03:14:03.057546+00
spf8y1t1xnkx64eh00k533da6ao36d20	.eJxVi0EOwiAQRe_C2jR2gGlxaeI5yDBDA7HWRGBlvLs06UI3f_Hfe2_lqdXkW4kvn0VdFIzq9HsG4nvcdkLMz7bVMrSa11xzLMMBy3B7UF6vh_rXJyqpx0aM4AyIhAJuBmdQ3GRH4mmJGuEMHEHI2o6CMJDeVy-9CTpYoz5f2Zs3yQ:1svzKb:mV2dYL-E0OcGTgBw5qxmTC_9LiRm_xgXX8CVlkwkaKE	2024-10-16 13:23:53.582787+00
15ppm9uh3h2owqs1211eaoyjqzxkow6e	.eJxVjEEKwjAQRe-StZQ0bWccl4LnCJPJhARrBZOsxLuL0oVu33v_P43n3rLvVR--RHMyzpnDLwwsV90-hkXufWt16K2spRWtwy7rcLlxWc97-rfPXPP3liMJIilqOqZpVqSANEuCmEZrF4Ixsi5RLAhOMYBb5qSjE0IAIPN6A_4TOB0:1sw0Gx:EqpxjsLuH2Hmx6CEPyeZ-AF8_bqJVUlP4zkRnneSnM4	2024-10-16 14:24:11.258726+00
kv2qbty6eun9zukqj7w3f0jomwh5xiv2	.eJxVi80KAiEQgN_FcyzqKrN2DHoOGccZlLYNUk9L717BHur6_ewq4ugljsbPWLM6K-vU6RcmpBtvX4NEj7H1No1e19ort-mQbbresa6XI_37C7bymUVnSRqS-KxnICuajBNn0IgEbxHBh8QkFrJhCI7nHBiWNCdZgIyo1xsWazke:1sw5lN:gZwv9AKEXRQu25o8fN5588awhvfQzMcq7yKExjHhqOE	2024-10-16 20:15:57.422743+00
hz64eiuqkla0pbkrlwnj2nkllqakubny	.eJxVi80KAiEQgN_FcyzqKrN2DHoOGccZlLYNUk9L717BHur6_ewq4ugljsbPWLM6K-vU6RcmpBtvX4NEj7H1No1e19ort-mQbbresa6XI_37C7bymUVnSRqS-KxnICuajBNn0IgEbxHBh8QkFrJhCI7nHBiWNCdZgIyo1xsWazke:1sw5xg:EIp7ihcvPPRhPZTeMT92CKO-RuD-2JQyUQB9WkIXaCI	2024-10-16 20:28:40.552328+00
om6mcm9zz722q420va6or7h3477a9mtq	.eJxVi0sKwjAQQO-StRQ7Y5rgUvAcYTofEqwVTLIq3l2FLnT7PptL1FtOveozFXFnB-gOv3Amvun6NcT86GurQ29lKa1oHXZZh-udynLZ078_U82fWUwITWzkSKKK6knJJMaAaj54OBFGiDYDToEnEJQjjoKATCyR3OsNPF85cQ:1sw6aG:PW6Mqisth8bwP00cxYVu50xZ2UN8wTw7p8fkIxua9To	2024-10-16 21:08:32.664036+00
mvt9ucy82nmh6k31t9sekqjc47z9v7qg	.eJxVi80KAiEQgN_FcyzqKrN2DHoOGccZlLYNUk9L717BHur6_ewq4ugljsbPWLM6K-vU6RcmpBtvX4NEj7H1No1e19ort-mQbbresa6XI_37C7bymUVnSRqS-KxnICuajBNn0IgEbxHBh8QkFrJhCI7nHBiWNCdZgIyo1xsWazke:1swGGc:ATg1gZsyQ060K5JIACuI0IycH_kG6Tx7r7hrjpTnE4c	2024-10-17 07:28:54.139458+00
85rmkwobbk3hwe42gd9qm19pe9siyjh3	.eJxVi80KAiEQgN_FcyzqKrN2DHoOGccZlLYNUk9L717BHur6_ewq4ugljsbPWLM6K-vU6RcmpBtvX4NEj7H1No1e19ort-mQbbresa6XI_37C7bymUVnSRqS-KxnICuajBNn0IgEbxHBh8QkFrJhCI7nHBiWNCdZgIyo1xsWazke:1t1NUQ:gNKw6bnw3BYGTIvxRhy7kVHxcLEPJbbTdsoTpkzd_4Y	2024-10-31 10:12:18.713062+00
3hugniqaxjly6lhz4pmfd0nod7unl0ck	.eJxVi80KAiEQgN_FcyzqKrN2DHoOGccZlLYNUk9L717BHur6_ewq4ugljsbPWLM6K-vU6RcmpBtvX4NEj7H1No1e19ort-mQbbresa6XI_37C7bymUVnSRqS-KxnICuajBNn0IgEbxHBh8QkFrJhCI7nHBiWNCdZgIyo1xsWazke:1t1SR1:4p2smDW-9UYE5i7VhvDdTYXheZvIDq7NZStElrC_zZM	2024-10-31 15:29:07.561614+00
p8uydxkahr8fe7p7qy0rlksir3tdx8gd	.eJxVi80KAiEQgN_FcyxqOjodg55DxlFR2jZIPUXvXsEe6vr9PEWgOWqYPT9CS-IkNIjDL4zE17x9DTHf5zb6Mkdb22i5L7vsy-VGbT3v6d9fqdfPHBWgBgVSs1cOi3cOGd3RZWCLigpJb7TRgOhiUoajzNbYVDwAZR3F6w27oTcn:1t1hBU:f-SvUfHeCHg5yA9RGAyVpKn3XtSu4foKyM8AcbAi54Q	2024-11-01 07:14:04.306149+00
7at72bejya9ixi3hm0lczf88od03wft3	.eJxVi80KAiEQgN_FcyxqOjodg55DxlFR2jZIPUXvXsEe6vr9PEWgOWqYPT9CS-IkNIjDL4zE17x9DTHf5zb6Mkdb22i5L7vsy-VGbT3v6d9fqdfPHBWgBgVSs1cOi3cOGd3RZWCLigpJb7TRgOhiUoajzNbYVDwAZR3F6w27oTcn:1t1hpA:a30XP4Cnf5B4QhSHBkcCXsF74_QvNNmdlpCZ5A3rBgw	2024-11-01 07:55:04.103312+00
lem4ksrgcs8spb6el2b3cbsbv950ffc4	.eJxVi80KAiEQgN_Fc4ijbrodg55DZsZZlLYNUk_Ru1ewh7p-P0-VcPSSRpNHqlmdFBh1-IWEfJXta5D5Prbe9Oh1rb1K07ts-nLDup739O8v2MpnFnBGgvjZB-9m53NY6ChkPAEtPka2EzMRyGRzDsAOkaNjkyGjCFj1egPzEjjJ:1t1kgX:8e5Ff49AvTc3VrsEUv084rxK_Rs449Ehw8dpvHVpxjk	2024-11-01 10:58:21.394421+00
ojnwv9xi6ogszbnzchy953tdyfb6r68a	.eJxVi80KAiEQgN_Fc4ijbrodg55DZsZZlLYNUk_Ru1ewh7p-P0-VcPSSRpNHqlmdFBh1-IWEfJXta5D5Prbe9Oh1rb1K07ts-nLDup739O8v2MpnFnBGgvjZB-9m53NY6ChkPAEtPka2EzMRyGRzDsAOkaNjkyGjCFj1egPzEjjJ:1t1l99:BGjntrHAj4cjnDAuAW8K1rfYkPD_-9MgHDxJlnKqZ54	2024-11-01 11:27:55.506678+00
wgvsoca644x1ptwrd8dxnnhnha72u1bt	.eJxVi80KAiEQgN_Fc4gj6mrHoOeQ0RlR2jZIPS29ewV7qOv3s4uIc9Q4Oz9jI3EWWpx-WcJ84-0rMOfH3EaXc7S1jcZdHrLL6x3bejnSv79ir5-ZPYFlW0IJqUAGbZMCo633i7eBjdIKnHaUVSLlaCEKmgoQoVdswInXG75mN5I:1tFulW:QRV1q8z8paJ_t3sp5SqfprTwYG9AApYeFfJADuMSfjI	2024-12-10 12:34:02.97809+00
usw9p2jf2ie5o0r2ycyeh2mqih0tw2fs	.eJxVi80KAiEQgN_Fc4gj6mrHoOeQ0RlR2jZIPS29ewV7qOv3s4uIc9Q4Oz9jI3EWWpx-WcJ84-0rMOfH3EaXc7S1jcZdHrLL6x3bejnSv79ir5-ZPYFlW0IJqUAGbZMCo633i7eBjdIKnHaUVSLlaCEKmgoQoVdswInXG75mN5I:1t27XS:WEBDag9X7dm1kTbbaaP-d5tT-098bv-IP3X2jNppMws	2024-11-02 11:22:30.752701+00
qj90a6iddbxbwgjq115yr6wzutifd182	.eJxVi0sOwiAQQO_C2hCGj9O6NOk5yABDINaaCKyMd7cmXej2fV7C0-jFj8ZPX5O4CD2L0y8MFG-8fQ3F-Bhbb3L0utZeuclDNrncqa7XI_37C7Wyz8m4EJTKLqNBnAk1Ti5EUgicJ7bZWGCVQIOx5CgqJsx7qTGfgQKI9wftmzfq:1t2o9V:wYkVWFAdiANT7MCXJahDJm_k7vDDQaBvb2sqQs_odC0	2024-11-04 08:52:37.903113+00
xynndz033bn4lkwrqizxdibt9vecra97	.eJxVjsEOwiAQRP-FsyElUKAeTfwOst3dBmKlRuDU-O9i7EGvM_NmZhcBWo2hFX6GROIslDj9ajPgjfPHAMSt5Vpkq2lNNXGRh1nk9Q5pvRzRPz5CiR1GN42MA6LxbGcPCmA0FrX3ytNA5AgHp-zspgmJjV6UIU16VGZB7PFe2tcfW_6eFK83UKs9Ag:1t34VA:wywKup1xfW2x97yj9CwuK0tYaNsnrjuRhukZ362y3xI	2024-11-05 02:20:04.714359+00
vqeumrrcazpgctr6533vszdjt14ye0bc	.eJxVi80KAiEQgN_FcyxqOjodg55DxlFR2jZIPUXvXsEe6vr9PEWgOWqYPT9CS-IkNIjDL4zE17x9DTHf5zb6Mkdb22i5L7vsy-VGbT3v6d9fqdfPHBWgBgVSs1cOi3cOGd3RZWCLigpJb7TRgOhiUoajzNbYVDwAZR3F6w27oTcn:1t3D98:hrSWWueYfXbXEaqPTj7J7o1-N9bVXXGcxZx4J17s6UY	2024-11-05 11:33:54.158028+00
rk31ibh5hozohlm1bjx2ti7cyqpslatn	.eJxVi80KAiEQgN_Fc4iD_x2DnkPGGRelbYPUU_TubbCHun4_L5FwjppmL8_UWJwFiNMvy0i3sn0FEj3mNrqco61ttNLlIbu83rGtlyP9-yv2us_koy2kiEwoLgcERGsc6RAgsGL2TMqDyz5G4mL0AoY1awtmIdpz8f4A3iA4VA:1t3LLf:oYM3bTuHjWrDiy82MkSmQzlHysCEVe2dEAWcNZ3x3Ds	2024-11-05 20:19:23.472477+00
dvkmlgjfpte616s7gyax068kiijczce1	.eJxVi80KAiEQgN_Fc4ijbrodg55DZsZZlLYNUk_Ru1ewh7p-P0-VcPSSRpNHqlmdFBh1-IWEfJXta5D5Prbe9Oh1rb1K07ts-nLDup739O8v2MpnFnBGgvjZB-9m53NY6ChkPAEtPka2EzMRyGRzDsAOkaNjkyGjCFj1egPzEjjJ:1t56np:NBeqFXXHD_iKaVkc9l8IJC_CSSH1gw6sRINrd0G_VJs	2024-11-10 17:11:45.351498+00
bao68cf86usw16wymmsg816vvb30f8j2	.eJxVi80KAiEQgN_Fc8is6zjWMdjnkGlUlLYNUk_Ru1ewh7p-P08VePQSRkuPUKM6qdmowy-8sFzT9jUsch9bb3r0utZeU9O7bHq5cV3Pe_r3F27lM7scacJ8FANskJ1MJORA0FoCbxG9gBfC5E0WhDlGmcGR-EiOUrLq9QbW4Td2:1t56pv:jtl8O7NuLyPGKfw99O3tswZaOitEXmbXJdJFmLcN9kg	2024-11-10 17:13:55.515785+00
ue7jbanmz950s6ua71fi2p4iyvgi1tyt	.eJxVi80KAiEQgN_Fc4ijbrodg55DZsZZlLYNUk_Ru1ewh7p-P0-VcPSSRpNHqlmdFBh1-IWEfJXta5D5Prbe9Oh1rb1K07ts-nLDup739O8v2MpnFnBGgvjZB-9m53NY6ChkPAEtPka2EzMRyGRzDsAOkaNjkyGjCFj1egPzEjjJ:1t56qi:brGhj1y4LW1QcGAnvNB-xfOVrnhUYetArG6RtiZtA6c	2024-11-10 17:14:44.308663+00
wy80fkg2fvt4a8jlsq1mbta57jm5hdaz	.eJxVi80KAiEQgN_Fc8is6zjWMdjnkGlUlLYNUk_Ru1ewh7p-P08VePQSRkuPUKM6qdmowy-8sFzT9jUsch9bb3r0utZeU9O7bHq5cV3Pe_r3F27lM7scacJ8FANskJ1MJORA0FoCbxG9gBfC5E0WhDlGmcGR-EiOUrLq9QbW4Td2:1t56rs:8c7qGfwNyW4qo1nV3jn-t-W2hfajA0cOi2vZwNyC3UA	2024-11-10 17:15:56.556641+00
0hrfxv62d8d2p8xaawyy4w446yqez54i	.eJxVjsEKQiEQRf_FdYjPUdOWQd8hkzOi9HpB6ir69wzeorb3nAP3JSKOXuJo_IyVxElYLw6_4xXTjbcvwZQeY-tNjl7X2is3ucMmL3es63lX__qCrczYa3QAyrILQMZkVkSQw2KMSwGcR0aVl6Ax89EHAlKMblramkxmnnp_AOebOA0:1tFvOb:NQEu7L-HqLSF-Fh5rfjugrLm6g3bLlVOIANEkiMfuKo	2024-12-10 13:14:25.230023+00
7obqd5tkzyb2kv36tz8qyoodaxhe3dxy	.eJxVzMEOwiAQBNB_4Wwa2KVL69HE7yALrIFYayJwMv67IelBr_Nm5q0895Z9r_LyJamzQlSn3zBwvMs-hGN89r3VqbeylVakTgfW6frgsl2O6t8-c83jNmmIbABxWcDqsIoRtNo6G9YYDbkbgcFANJwSCGJK4LQDmh3YWX2-uq82Ow:1t6CK8:hMOceOV1DpamhweqAIBjLHPrkOpBKei3mVVERDbATNs	2024-11-13 17:17:36.467161+00
0swsiswmtymjc4okab8py6mv3wsglbi7	.eJxVi80KAiEQgN_Fc8g4rjvaMdjnWEYdUNo2SD1F717BHur6_TzVyqOXdTR5rDWrs7KTOv3CyOkq-9dwSvex96ZHr1vtVZo-ZNPLjet2OdK_v3Arn1kykJg5AFFEIIwuWUiMHsi4aAxmJJOs-AAs0XqcINjZgQs4YyBUrzfEGzY0:1t6Qjf:AVBNavtYb1lOd2nTKn-ZFPlTHg2bDbDniHeW5CLngZs	2024-11-14 08:40:55.305998+00
5laz7yn8bh1tux6aobr1ua49y1mtf812	.eJxVi0sKwjAQQO-StZTmMzF1KXiOMJmZkGCtYJKVeHcVutDt-zxVxNFLHE0esbI6KQvq8AsT0lW2r0Gi-9h6m0ava-1V2rTLNl1uWNfznv79BVv5zJyIwQozA7uQZ5vFzISUFggictQ5gHdJfMjgDNrkvRBrjYsXzmTU6w02Ezmx:1t6QsE:wWxSu81EOPkA05R7hHL0gyMRoHpWrhFAAUMxF9yTCG0	2024-11-14 08:49:46.063365+00
hnlmxj7jggotdqljl54vccwb6g8nnfyw	.eJxVi8sKAiEUQP_FdQy-ro-WwXyHXPWK0jRB6ir69wpmUdvzeLKAc9QwOz1Cy-zMlGGnXxgxXWn_GkzpPvfRlzna1kajvhyyL-sN23Y50r-_Yq-f2SlLCsBHITMQeoyxUDFSoEDvpTfoTXRETnBrJAdQhWdrjeWgrU6avd7r4DdM:1t6Re9:jViNzW_GxaOq6EXiQJoGuDqHCcJcOlp__4dStsYUzs0	2024-11-14 09:39:17.094111+00
da18ias3thw0j01k2nw93ueqf1v6lc4p	.eJxVi80KAiEQgN_Fc4g5OLodg55DxhlFadsg9RS9ewV7qOv381SR5qhx9vyITdRJgVeHX5iIr3n7GmK-z210PUdb22i56112fblRW897-vdX6vUzOymGgJw4SaGIQRu8JbEGhI_JQUDDC3qWACQJjcXEeUGbQwCQYtXrDQL3OFQ:1t6S9b:wdZHEDGE-OncMG1D-uArEeuR_AmEfjxRkPFahZeEoaY	2024-11-14 10:11:47.789543+00
lt2e56k0c7ekp22biv0ekk6h3okppa6e	.eJxVi80KAiEQgN_Fc4gj6mrHoOeQ0RlR2jZIPS29ewV7qOv3s4uIc9Q4Oz9jI3EWWpx-WcJ84-0rMOfH3EaXc7S1jcZdHrLL6x3bejnSv79ir5-ZPYFlW0IJqUAGbZMCo633i7eBjdIKnHaUVSLlaCEKmgoQoVdswInXG75mN5I:1t7ABq:LANDNsU_bvryl8YCB5fcY30Td7FhsFE1jRTxBHlL_1Y	2024-11-16 09:13:02.352566+00
dspbqmbhe8vz5ot7vo9onqbpeu7rxfuv	.eJxVi80KAiEQgN_FcyyuozZ2DPY5ZGYaUNo2SD1F717BHur6_TxNptFLHk0fuV7MybhkDr-QSa66fQ2J3MfW2zR6XWuv2qZdtmm5UV3Pe_r3F2rlMwsGcA4SInN0jo4RkszKmAjZWsvBgXq0qhKIfQjq54hEakHBozevN9PWN2I:1t8WyR:TgYVAdMR0vKrw8dwqXJxPPDaJ2d9J88kIAb_DkgXPZA	2024-11-20 03:44:51.835521+00
d26k31ivkrb7h97d4bsoehc1wm17tb89	.eJxVi80KAiEQgN_FcyyuozZ2DPY5ZGYaUNo2SD1F717BHur6_TxNptFLHk0fuV7MybhkDr-QSa66fQ2J3MfW2zR6XWuv2qZdtmm5UV3Pe_r3F2rlMwsGcA4SInN0jo4RkszKmAjZWsvBgXq0qhKIfQjq54hEakHBozevN9PWN2I:1t8X5v:jHJqeSJL1VlA4e3FcQ3G1YAGtHUxKORvbgFG5aUlmjQ	2024-11-20 03:52:35.222836+00
sutvgxan41pkq6n6lx7akvslstutfrg5	.eJxVi80KAiEQgN_FcyyuozZ2DPY5ZGYaUNo2SD1F717BHur6_TxNptFLHk0fuV7MybhkDr-QSa66fQ2J3MfW2zR6XWuv2qZdtmm5UV3Pe_r3F2rlMwsGcA4SInN0jo4RkszKmAjZWsvBgXq0qhKIfQjq54hEakHBozevN9PWN2I:1t8XA6:yf3vLte-vv6kRQ5PEtiaH_26c3xKKE7-GoB3gcMOg-E	2024-11-20 03:56:54.463795+00
ed3edfzeui7yjni5np3znw45xbtopt1e	.eJxVi80KAiEQgN_Fc4iD_x2DnkPGGRelbYPUU_TubbCHun4_L5FwjppmL8_UWJwFiNMvy0i3sn0FEj3mNrqco61ttNLlIbu83rGtlyP9-yv2us_koy2kiEwoLgcERGsc6RAgsGL2TMqDyz5G4mL0AoY1awtmIdpz8f4A3iA4VA:1t8r2P:0OYkPB64EebqJJmi5dAl4E8AfCfNnAyVbWZz9u2s66w	2024-11-21 01:10:17.735244+00
23h7cjrdlf3hl3qpk6e55egy4cyi6ml1	.eJxVi0sKwyAQQO_iuogTP9EuCz2HjJMJStMUqq5K794Eski37_MREXvLsVd-xzKJqwBxObOE9OB1F0j06mursreylFa4ykNWeX9iWW5H-vdnrHmfB7YALqiRPOvZjKB4oDSlDbIm5wAtE-lgEZIBzwGtCWFWDMYjkPj-AMGkN7I:1t8tQh:-cvEj9ybOTptkEx9gYhrpXxH1RrCdgXKvu7OgPOFFYE	2024-11-21 03:43:31.220387+00
lxpodsf545hk084m1gaatf0mw3krgsee	.eJxVjsEOwiAQRP-FsyFsC23xaOJ3kGW7DcRKjcDJ-O_S2INeZ-bNzEs4rCW4mvnp4izOAsTpV_NIN067gURbTSXLWuIaS-QsDzPL6x3jejmif3zAHHa4YwMwWDXSxP2iR1DckZ99E7mnYQA0TNRbg-A1TGzRaGsXxaAnBGqlbf2xpe9J8f4AKrE8YA:1t8ttk:eK7sKwjTgNaX9LJxqshw9bgJAlGCjZgz0vXl_6nvtrw	2024-11-21 04:13:32.57397+00
2y645f4kfkcvovg48e2c0m8b8srgzyr8	.eJxVi80KAiEQgN_Fcyzm6KzbMeg5ZBxHlLYNUk_Ru8fCHur6_bxVoNFLGE1eoSZ1UeDV6RdG4rtsuyHm59h6m0ava-1V2nTINt0eVNfrkf79hVrZ58wMvIBJFkHLwibPKDFFoTlrFIho8GxR6yzag87WJMnWGc-O2IH6fAERijh_:1tAm4Q:EdxtmzERP3ujA77YY0jrVUYH9yIPs588sNcxr7mueCs	2024-11-26 08:16:18.401486+00
wvgzfj7akzm2g8gwubcqkqwztxfogsx4	.eJxVjsEOgjAQRP-lZ0O6tAXWo4nf0ey2S2hEMLQ9Gf9djBz0OjNvZp7KUy2Tr1k2n6I6K4Pq9CsyhZssH4dCWOtSclNLmlNJkpvDzM31Tmm-HNE_fqI87TCIA-zE9CNbPWgOhvTgOuAxgkYnhlq2DoE49qhHcGStdS22UQOK4b10X3-sy_eler0BQQc8BQ:1tBJ77:qcXs369UAIw2z4NaytaZFQHWM4Dc9j0H4QelmUb3csA	2024-11-27 19:33:17.135881+00
h6w3r13br2av1znrccq6uhnsx2sp58s7	.eJxVi0sKwjAQQO-StYRMPm3HpdBzhJlkSoO1gklW4t1V6EK37_NUkXpbY6_yiCWrs3KoTr-QKV1l_xpK6d73VnVvZSutSNWHrHq-UdkuR_r3r1TXzwwSAAdx48LeTIaTIzOFAXjJYDCII8s-IBDnEc0Cgbz3waLNBlAcq9cb3U83Vw:1tBJ86:grMa_fJ1EEK1bwXTPw9mQZPDTwNd3tkLvbxGVKh_BpQ	2024-11-27 19:34:18.392591+00
oi9rtbfzpqc17l0fd6wgtz2i9y3ebwqb	.eJxVi0kOwiAUhu_C2jRMZXBp0nOQ_wENxFoTgZXx7mrShW6_4ckCRi9htPwINbEzE46dfiEhXvP-NYjxPvbeptHrVnvNbTpkm5Yb6nY50r-_oJXPHD0JzY0j4lnaOfksFTwpa6GMN04JJEpKWs3BHZC0S3w2MJQVVrey1xvmfzgg:1tBZN3:6YdvWbtrymhzvk7ljf_c96fvg6x4TSrzmPKvgzSlcBE	2024-11-28 12:54:49.980648+00
wyuub6v9fe63gu9hfhm1sndoq8mtwiam	.eJxVi80OwiAMgN-Fs1kmRSgeTfYcS2lLRpwzETgZ311NdtDr9_M0M_W2zL3qYy5izsaO5vALE_FVt68h5nvfWh16K2tpReuwyzpMNyrrZU___oXq8pkliljLHPnIGVG8g1EdKgSRjIlGREcg4qMPELJ6cgkBIKp19iTBvN4KUjhB:1tBZNI:wmhfj7_Xjnxa0LPopn-OomupPjRz5Co5S8mMSFfaflA	2024-11-28 12:55:04.883827+00
ksj1uo938h9w98ghjnmw0158v4mv7avh	.eJxVy80KAiEUhuF7cR2ijr8tg65DjmeOKE0TpK6ie89gFrX9nu99sQijlzgaPWNd2ZnJwE6_YwK80f4VQHyMvTc-et1qr9T4gY1f71C3y3H96wu0MmPlgGRefE5ZKGOQjENJNi1GeC_BoxUTCTWYYLTVU4SG4POqnQqLYO8P7vY3cw:1tBZPw:0anWfseTx51jWAkQElgUwkMwPzYVPWCm-jRPtIvgeIg	2024-11-28 12:57:48.256318+00
s5hxaejpe6a85lgezj87qm6s9f041x93	.eJxVi0EOwiAQRe_C2pAplgIuTXoOMsxMA7HWRGBlvLs16UJ3P_-991IRe8uxV3nGwuqiRqNOv2dCusn2JUj06Furureyllak6gNWPd-xrNdD_esz1rzHnoAJjBuC5wRiJgaHRgwwT7hPy0tAHII7E1IIafFk0SK7xN6PIOr9AQCQON0:1tBvxp:oYqBEt5EoieE6oNOQ-t_E3fOOtL-aHAycYGgIok6Vtw	2024-11-29 13:02:17.61692+00
nj6p11mr32n36rp7836y2ratjaux3zo7	.eJxVi80KAiEQgN_FcyypM_50DHoOGUdFadsg9RS9ewV7qOv38xSB5qhh9vwILYmTAC0OvzASX_P2NcR8n9voyxxtbaPlvuyyL5cbtfW8p39_pV4_M6MkBo2FjTcIMemoLKAjlYpBzYXpmJQz0klJyUPMxrON0qKGqAjF6w3x5Dfw:1tDIWc:2IcmoePezda3rcVZA_1Yi7DNZrW8kGE14BAGFe9mDjc	2024-12-03 07:19:50.622905+00
yvz69wjdy4x28888ynpe1hd5l8urb6o9	.eJxVizEOAiEQRe9CbTbOLLJgaeI5yDAMgbiuiUBlvLuYbKHFb_5776U89ZZ9r_L0Jaqz0lodfs9AfJPtS4j50bdWp97KWlqROu2wTtc7lfWyq399pppHDE4nsQzBYBrjqBcDooVplhlPNpBYFzQk5_CIDARkHC4jQowDqvcH_ZM4gQ:1tDycg:C6kbvPZtJQ16Abzn6NwNgNz6_5rpY26C-Jk6cJm4i3I	2024-12-05 04:16:54.677253+00
tp3d1gt3hfijnkxcj4gzr0n5i8j4ltcf	.eJxVi80KAiEQgN_Fc4gj6mrHoOeQ0RlR2jZIPS29ewV7qOv3s4uIc9Q4Oz9jI3EWWpx-WcJ84-0rMOfH3EaXc7S1jcZdHrLL6x3bejnSv79ir5-ZPYFlW0IJqUAGbZMCo633i7eBjdIKnHaUVSLlaCEKmgoQoVdswInXG75mN5I:1tDzGn:uuRiOht1Id-R7x4SodIatmBPBFfcp43YUsyTgL_bOnM	2024-12-05 04:58:21.347128+00
50vxn552rgplo23uyumx203os3txzbkm	.eJxVi0sKwyAQQO_iuogTP9EuCz2HjJMJStMUqq5K794Eski37_MREXvLsVd-xzKJqwBxObOE9OB1F0j06mursreylFa4ykNWeX9iWW5H-vdnrHmfB7YALqiRPOvZjKB4oDSlDbIm5wAtE-lgEZIBzwGtCWFWDMYjkPj-AMGkN7I:1tE0r0:3q5Yls5cMKsDxzWUAB_196rGvkoDkAqTAazRutpauss	2024-12-05 06:39:50.966652+00
kkktzecth0edg6re3bu3t4fv1wzp0duy	.eJxVi0EOwiAQRe_C2pDCwJS6NPEcZJghgVhrIrAy3t2adKH5u__ee6lIo5c4Wn7GKuqsnFen3zMR3_L2JcT8GFtvevS61l5z0wds-nqnul4O9a8v1MoeoxUBCiyBOeUAi0d0BnnixUyAIuK8B0QI-1Jws6ecrNgMCDM5o94f66o3bw:1tE163:-BpzNvRjvTuTTG3WhXHcVfMxt2_1k1JBU6eld6sO7XA	2024-12-05 06:55:23.335124+00
7xm9fx3dr2qqc10rnedopwfee5sym900	.eJxVi80KAiEQgN_Fc4i6Ok4dg55DZvxBadsg9RS9ewV7qOv38xSB5qhh9vwILYmTsF4cfiFTvObtayjG-9xGl3O0tY2Wu9xll5cbtfW8p39_pV4_c0pmYe8W1Mi6MFrnvDZWeTLgCPAIS0bLChIYz2QVAkByJRsbsXAUrzfH-jdH:1tE4Jt:osb8uTy_lqsBKz2zzxqIavkSJojozuUV2CgIlRk_oJ8	2024-12-05 10:21:53.101484+00
wkje22ei46e0zont59krd2t1y9ci1yru	.eJxVjsEKQiEQRf_FdYjPUdOWQd8hkzOi9HpB6ir69wzeorb3nAP3JSKOXuJo_IyVxElYLw6_4xXTjbcvwZQeY-tNjl7X2is3ucMmL3es63lX__qCrczYa3QAyrILQMZkVkSQw2KMSwGcR0aVl6Ax89EHAlKMblramkxmnnp_AOebOA0:1tFvOc:jdU5I--CdFoMXzgFiSO8ole-Q-F7NNf37aFT9RTh0U0	2024-12-10 13:14:26.576379+00
qcxkmr8z1i0kg2a8kxdu13w4o5x2ethp	.eJxVi80KAiEQgN_Fc4i6Ok4dg55DZvxBadsg9RS9ewV7qOv38xSB5qhh9vwILYmTsF4cfiFTvObtayjG-9xGl3O0tY2Wu9xll5cbtfW8p39_pV4_c0pmYe8W1Mi6MFrnvDZWeTLgCPAIS0bLChIYz2QVAkByJRsbsXAUrzfH-jdH:1tE4NY:kyRwlMVXjpXzVwTzPqeOhb17WcYq5AunIxKHT8-HUKs	2024-12-05 10:25:40.726454+00
yuwa74mtajiqghje800odzcstmj3aksj	.eJxVi80KAiEQgN_Fc0jqjj8dg55DxnFEadsg9RS9eyzsoa7fz1tEnKPG2fkVWxYXAUGcfmFCuvO2GyR6zm10OUdb22jc5SG7vD2wrdcj_fsr9rrPLjkErQxYxeByAhNKJu_Y5nz2Vnkks4AKyFqnTIsqBQPYosiERCw-X_YXOJM:1tFvcy:8ibMwbGYUCyJtgSVgnRGcVUMlG0N3Frx7obDbHpJRvw	2024-12-10 13:29:16.571911+00
oeum6oese7ujckywcsy005uhvkwdquor	.eJxVi80KAiEQgN_FcyyrM-raMeg5ZBwnlLYNUk_Ru1ewh7p-P08VafQSR5NHrFkdlXXq8AsT8VW2ryHm-9h6m0ava-1V2rTLNp1vVNfTnv79hVr5zD6JIWJE0nDxgYIFCUEjuwV10owzMGgHJFmMsbgAmJm9oCAg5aBeb-oBN4w:1tFvfp:H2haLSiOR5PCTEmGgfCg0sv85WwiJvQbhBn2UJNbZ8Q	2024-12-10 13:32:13.969082+00
hrruepul7mzstol21vact6eoj24y25tm	.eJxVi0sOwiAQQO_C2pDyGVpcmvQcZBiGQKw1EVgZ764mXej2fZ4i4OgljMaPUJM4C7uI0y-MSFfevwaJ7mPvTY5et9orN3nIJtcb1u1ypH9_wVY-s7GQk7dkaVEqE6NJU3YIM2hKGJVC6yJEmBOhmqJj1sZ6jezBUQQtXm8LfDil:1tECyw:U-Px4zkiLIIl3sh3w3B7kOxlLPBt5sS7Qn5TiC1xO1A	2024-12-05 19:36:50.507674+00
43vsxvz73jxaspw5e9afqm6s2k0br1v2	.eJxVi0sKwjAQhu-StZRm8rIuBc9R_k5naLBWMMlKvLsKXej2ezzNiFaXsRV5jHk2JxOCOfzCCXyV7WvAfG9bLV2rec01S-l2WbrLDXk97-nfv6AsnzkqJVHYkJQVnjhGnUJvhdTTAB4oOk8J6JXhZkQ3OEE4ktrZWUnm9QYJuDiA:1tFvom:msAYavxNV7fdLKeVztucM46VM2vZ7nB2SoVDwc5XBRU	2024-12-10 13:41:28.597493+00
0rcqpl1fbpi1nqrcbexy2e6cuhoktv2m	.eJxVi0sKwyAQQO_iuogTP9EuCz2HjJMJStMUqq5K794Eski37_MREXvLsVd-xzKJqwBxObOE9OB1F0j06mursreylFa4ykNWeX9iWW5H-vdnrHmfB7YALqiRPOvZjKB4oDSlDbIm5wAtE-lgEZIBzwGtCWFWDMYjkPj-AMGkN7I:1tEEYY:BoFZwIM5EzBvQg-lIyF-rDlDNGFzfch-tUeIX2OdHaY	2024-12-05 21:17:42.918656+00
b9ajkalpth4b3yn4f5bycr2h3hgin16b	.eJxVi0sOwiAQQO_C2jSUMtBxadJzEGaYBmKticDKeHc16UK37_NUIfaWQ6_yCCWps7KoTr-QIl9l_5rIfO97q0NvZSutSB0OWYflFst2OdK_P8eaPzMgOSGCNKHTpEd0uEIEAyKWEclqdMnz7Cf2KASC44yMjgw4Y-2qXm_sATed:1tFyh2:1Ob4R7RRSoxJxxca0hqkf580U-YGm_cjDxlzkCJ5Xoc	2024-12-10 16:45:40.111053+00
3l44y6ebq52a611x7r9jrrlmsuaix1t2	.eJxVi0sOwiAQQO_C2jSUMtBxadJzEGaYBmKticDKeHc16UK37_NUIfaWQ6_yCCWps7KoTr-QIl9l_5rIfO97q0NvZSutSB0OWYflFst2OdK_P8eaPzMgOSGCNKHTpEd0uEIEAyKWEclqdMnz7Cf2KASC44yMjgw4Y-2qXm_sATed:1tEPnO:r_1ddB7f_UVBiwkEO3bFvzhX86CqPW6brEsLcmwLWFQ	2024-12-06 09:17:46.74464+00
8m8gtjv923e6n8ejv7b3vop8yhxdjbjx	.eJxVi0sKwjAQQO-StZTWcfJxKXiOMJlJSLBWMMlKvLsRutDt-7yUp96y7zU-fRF1VnpWh18YiG9x-xpifvSt1am3spZWYp12Wafrncp62dO_P1PNY04uigEBtGBRJJgEziFotKcloFmY2UI6xgEIxGhkLbN1gBTN0Em9P-WIN5Y:1tFysD:U9kUFMtDeUuQMarCegDu7z8q9v1-fPGGuEV2jWsNicE	2024-12-10 16:57:13.544581+00
hi7vwiqff9ey7hxsc70fwj3jy4g7dxmk	.eJxVi80KAiEQgN_Fc4jTqmnHYJ9DxplZlLYNUk_Ru1ewh7p-P0-VcPSSRpNHqqzOyhl1-IUZ6Srb1yDRfWy96dHrWnuVpnfZ9HzDul729O8v2Mpn5hC8I8lgs3AOEZ2d7GSMHNnk6QSeIJA4Q-iiR_AM0VOIAZjswgup1xvy7zhW:1tErtB:exkg29ozmKim7vbfcc24kghWLoROgZdPY6V8v95tGbA	2024-12-07 15:17:37.985806+00
1vm27c5e95x4lqiv62d38mbv7fwggsih	.eJxVi0sOwiAQQO_C2jRQYACXJj0HGYZpINaaCKyMd1eTLnT7Pk8RcfQSR-NHrFmcBShx-oUJ6cr71yDRfey9TaPXrfbKbTpkm5Yb1u1ypH9_wVY-s5-ThMySk0W_SiCjOSgKwWRpUMk1gNXg2CelwaYZFGXvNAU24GZrxesN5XY3RA:1tFzUf:B2-AAK8mmSEl9dlUoxPCouyHZ70vFhvxmJKrLy37f8U	2024-12-10 17:36:57.483374+00
y15u1lz9ck2sywxaywyaujcoj4pbmj9s	.eJxVi0sKwyAQQO_iuogTP9EuCz2HjJMJStMUqq5K794Eski37_MREXvLsVd-xzKJqwBxObOE9OB1F0j06mursreylFa4ykNWeX9iWW5H-vdnrHmfB7YALqiRPOvZjKB4oDSlDbIm5wAtE-lgEZIBzwGtCWFWDMYjkPj-AMGkN7I:1tFELk:UuSAjGiOb-CEwD9qs1Oq2thu0jSBYIxTodGrTaR0qow	2024-12-08 15:16:36.586353+00
lbamrg2ke18xuo6nk3a18qcwknjduvzl	.eJxVy0EOwiAQheG7sDakFMoUlyaeo5kZhkCsNRFYGe9uTbrQ7fve_1IL9paXXuW5lKjOyo_q9DsS8k22ryDzo2-t6t7KWlqRqg-s-nrHsl6O61-fseY9NsCRjLHETJQQwpiAMM3gJkE3D-J3TcazDcZxsiNMkEiCD4NwDKDeHxaROMA:1tFzjC:uHOZtZyTm1oVxygKferMF91PSowCGnoZpGLOYD2ai3E	2024-12-10 17:51:58.670661+00
ebvr7addmn4gkffdh9ttrsnh7mytdurf	.eJxVi0sKwjAQQO-StZRpm8nHpdBzlJnMlAZrBZOsxLur0IVu3-dpZmp1nVvRx5zFnE3vzekXMqWr7l9DKd3bXkvXat5yzVq6Q5ZuulHeLkf6969U1s_sLKsyShCwAwZH7BJbGDFC73Txo4wakwUB72XxiXtEJGGIAzoOYF5v9g038w:1tFHHj:JmQC1LUeLQ8EbiypG2xMCqUqs1TNMhDlsqmks6dwfuQ	2024-12-08 18:24:39.213251+00
9vugq2hjlp14l8ssiiqeaudvb4q5tgn5	.eJxVi0sKwjAQQO-StZRpJ5_WpdBzhGRmQoK1gklW4t1V6EK37_NUPvSWfa_y8IXVWVlUp18YA11l_5pAdO97q0NvZSutSB0OWYf1Fsp2OdK_P4eaP7O2WlvkRKOEGYCRZydRRru4uBgEk2CceEoI4LTEJVqYNYMhdkgOUL3e30g3Xg:1tG25l:RcCfMNE2m0175NzZSZ1otMon4125OraG6MeBAYkgKXA	2024-12-10 20:23:25.624046+00
d5e6iu5lhi7x9z1ztkk71nwc1h03ia69	.eJxVi0sOwiAQQO_C2hDKUD4uTXoOMkyHQKw1EVgZ764mXej2fZ4i4ugljsaPWFdxFtaI0y9MSFfevwaJ7mPvTY5et9orN3nIJpcb1u1ypH9_wVY-M-QMK2gzMxqLCUKeMjAEmkChCpqtTloR5RTIA3JQyTPNxM55ZxSI1xsAJDhU:1tG7aQ:WKOZwU_5GfgTk5aCuo_06ZPfrnntkgp7boSR9dgDVYM	2024-12-11 02:15:26.067591+00
sb83kz42tbkynpbvc868xvugc0agunsn	.eJxVi0sOwiAQQO_C2jRAgYJLk56DzAxDINaaCKyMd1eTLnT7Pk8RYfQSR-NHrEmchbPi9AsR6Mr71wDRfey9TaPXrfbKbTpkm9Yb1O1ypH9_gVY-s5bKgGHwc5JWkXKMFoNJrJXn7D3JhNpIlS1B0suMmGVglhj04skp8XoD8-84Qw:1tGCLl:duaTR_NR54kLI_JjxkBEIp3HCplaIPQ0hb5BE0Q1ULY	2024-12-11 07:20:37.864513+00
axb5bii1f4rfvffd4iifj44jqitilmmo	.eJxVi80KAiEQgN_FcyzmqLkdg30OGWdGlLYNUk_Ru1ewh7p-P08VcfQSR5NHrKzOyhl1-IUJ6Srb1yDRfWy9TaPXtfYqbdplm5Yb1vWyp39_wVY-sw2MCJBn0TYRW6vhhFpYMHEW443PYIOfHQJ5CjkhHgmcsWycgczq9QYSRDjV:1tFdUx:NwDAXNjPCOyzvJQN8MqhZiLOJ7fpk2r_KhZI5UkOjuE	2024-12-09 18:07:47.783177+00
9dqsid8z5iaggsjlp6r4jasxxca2nj58	.eJxVi0sOwiAQQO_C2jRAgYJLk56DzAxDINaaCKyMd1eTLnT7Pk8RYfQSR-NHrEmchbPi9AsR6Mr71wDRfey9TaPXrfbKbTpkm9Yb1O1ypH9_gVY-s5bKgGHwc5JWkXKMFoNJrJXn7D3JhNpIlS1B0suMmGVglhj04skp8XoD8-84Qw:1tGCLm:gliOeoUH7ZZwVtcVoUARMf6T4ckhwICU7Y1JA8crzzk	2024-12-11 07:20:38.506435+00
6trp5zzae2yd8who2wax4gh8g3qj9vfn	.eJxVi0sKwjAQQO-StZTJp_m4FHqOMJlOSLBWMMlKvLsKXej2fZ4i4ugljsaPWFdxFrMWp1-YkK68fw0S3cfe2zR63Wqv3KZDtmm5Yd0uR_r3F2zlM0sHCAl89qyBknLe2BWURmK2FILiIOeESnLOXrMxITEbcDaAZq2ceL0B6rQ3xg:1tFmkL:TGdH5tJRN3cu_xXqwvi0sqNA2o3UNC2nBWASB-xZ5rE	2024-12-10 04:00:17.119048+00
ostzvrpxssatsujkxgz00n419lasg5uh	.eJxVy0EOwiAQheG7sDbNiBSKSxPPQYZhJhBrTQRWxruLSRe6fd_7Xypgbzn0ys9Qkjqr2ajD7xiRbrx9BYkefWt16q2spRWu0451ut6xrJf9-tdnrHnEhpMgkgaJYliLdRLZHcGTt16id05bhsV4O0RcosEpzgnkJCCwqPcHKVU5ag:1tFnxK:J98tdW4g58gg4sy-U_RkbopVU7QqDwN8pmx8Tvdmp40	2024-12-10 05:17:46.557265+00
8m1673cvlprck21jzsgv1rmphgouzcnp	.eJxVjMEOwiAQRP-Fs2nolt1SjyZ-B1lgCcRaE4GT8d-1SQ96m8x7My_luLfsepWnK1GdldHq9Ft6DjfZdsIhPPrW6tBbWUsrUocD1uF657JeDvVvn7nm_Xa0iwY_BUNpRia7pAj4DRIpIXkRJgLyBgMQepmIBRB4RJwlWa3eH-G1N9E:1tGGJd:Tkb-x50rK-zGvhk1sYIi_pvTVTbbgspaeIA06EoF96k	2024-12-11 11:34:41.391612+00
mesdg00cdskkxu9segvoyqvkxftuaoll	.eJxVy0EOwiAQheG7sDbNiBSKSxPPQYZhJhBrTQRWxruLSRe6fd_7Xypgbzn0ys9Qkjqr2ajD7xiRbrx9BYkefWt16q2spRWu0451ut6xrJf9-tdnrHnEhpMgkgaJYliLdRLZHcGTt16id05bhsV4O0RcosEpzgnkJCCwqPcHKVU5ag:1tFnxL:sYQgrvsQsRQH_93hXF1JsOFEh4zH9OXxBPiD0GiZ8l8	2024-12-10 05:17:47.511229+00
4mwspjo4881sxhqofel548iyfshhy6x5	.eJxVy0EOwiAQheG7sDakFMoUlyaeo5kZhkCsNRFYGe9uTbrQ7fve_1IL9paXXuW5lKjOyo_q9DsS8k22ryDzo2-t6t7KWlqRqg-s-nrHsl6O61-fseY9NsCRjLHETJQQwpiAMM3gJkE3D-J3TcazDcZxsiNMkEiCD4NwDKDeHxaROMA:1tGCMx:G--H2LN9ils_rKOWuO7cY4gR8ZSdo5pVSMnL1N-uuLU	2024-12-11 07:21:51.883912+00
x9s2onu6vsk1koibtihpau1xgezr5l7e	.eJxVjs0OwiAQhN-Fs2lYtmXBo4nP0fAbiLU1BU7GdxdjD3qdmW9mnmw2raa5lbDP2bMzm4CdfkVr3C2sH8c4t7W1lqHVvOSaQxkOswzXu8nL5Yj-8cmU1GGNqHmUE0Sg6EkqG6NWKPg4ecU5YBztiN4GIkVSgJAeiQsgayF41L20rz-29fuSvd4ikjuR:1tGF2W:f2uzpZynUpVmr5aZ0vqx83RLHiyYfgWpJeSTYj-SAx8	2024-12-11 10:12:56.196618+00
e4r5wk1hl0mivse5tp9kb6spgbh9tk91	.eJxVi80KAiEQgN_Fc4gj6mrHoOeQ0RlR2jZIPS29ewV7qOv3s4uIc9Q4Oz9jI3EWWpx-WcJ84-0rMOfH3EaXc7S1jcZdHrLL6x3bejnSv79ir5-ZPYFlW0IJqUAGbZMCo633i7eBjdIKnHaUVSLlaCEKmgoQoVdswInXG75mN5I:1tGFEO:VecVRLE7J6CRwuFOfjJJYaLoiJIiPCVFmAZVta8GsOc	2024-12-11 10:25:12.994612+00
moguq7vtfytilg567yk4aj6tsqznxg6j	.eJxVjEEOwiAQRe_C2jQUhGFcmngOMjPQQKw1EVgZ726adKHb997_bxVp9BJHy69Yk7oo79XpFzLJPW-7IZHn2HqbRq9r7TW36ZBtuj2ortcj_dsXamW_NSgzLpqyGEA3C7IPfhETOFkLKZFxAXRClxmdBBssGEisNRC7M6rPF-1hN7U:1tGFJo:x4QT9AdZwO5-LqN9cCA7aZ-nxqOgRaiyzKIg-8HRCvM	2024-12-11 10:30:48.175621+00
ozglh8i3mrefl1f2pox63onx516ep82m	.eJxVzMEOwiAQBNB_4Wwa2KVL69HE7yALrIFYayJwMv67IelBr_Nm5q0895Z9r_LyJamzQlSn3zBwvMs-hGN89r3VqbeylVakTgfW6frgsl2O6t8-c83jNmmIbABxWcDqsIoRtNo6G9YYDbkbgcFANJwSCGJK4LQDmh3YWX2-uq82Ow:1tGGNi:mrWwl459Fx-Wmo6YQCIhlj8yBCGLP7n3adXazOdGerI	2024-12-11 11:38:54.585278+00
5kabfvr7193armmwsduy8opekqwqth46	.eJxVjcsKwjAQRf8laykmnebhUuh3hMnMlARrBZOsxH-3Qhe6vecezktF7C3HXuUZC6uLsk6dfseEdJPtS5Do0bdWh97KWlqROhywDvMdy3o9rn9-xpp3mdiRm2RhM4aAmj0t4LUHbZOwFbE6JCINhDBOYo3sNYDABgnOnES9Pxl9OU0:1tGGmB:--wycYogA_HX1OYFP3jGjF6oOdVl9wUoq3I681JK0WI	2024-12-11 12:04:11.375272+00
agdisit1p1m8x0cq4r4umzu0xrkh9lq5	.eJxVi80KAiEQgN_FcyzaqKMdg55DxlFR2jZIPUXvXsEe6vr9PEWgOWqYPT9CS-IkrBOHXxiJr3n7GmK-z230ZY62ttFyX3bZl8uN2nre07-_Uq-fGcEbiKis1gWkBkPKAWaGYopCVJRIGyzeHgty0r6wixqylRJUdpLF6w3IvjdI:1tGHek:eexKosGuCS4o589GBXohcj0XnNFzdmpx_ZYuervK7ag	2024-12-11 13:00:34.338577+00
t7ujpqjq9v2j2n9a4lb9lxzwjr6f6wve	.eJxVi80KAiEQgN_Fc4iOObodg55DxlFR2jZIPUXvXsEe6vr9PEWgOWqYPT9CS-IkcBGHXxiJr3n7GmK-z210OUdb22i5y112eblRW897-vdX6vUzs2LjwVhOgLloVwjRaCITwblUcgTwuijkmC3rBazniIrs0WAqLhrxegP-UzhO:1tGII2:E2_0fVX8idT3pVcw_fbrjgwlMr8zLlmK8hNTZVXEsDM	2024-12-11 13:41:10.315127+00
jrfjy4rrxd2wk6o1i4d9ltzb3pqvii48	.eJxVi80KAiEQgN_Fc4iOObodg55DxlFR2jZIPUXvXsEe6vr9PEWgOWqYPT9CS-IkcBGHXxiJr3n7GmK-z210OUdb22i5y112eblRW897-vdX6vUzs2LjwVhOgLloVwjRaCITwblUcgTwuijkmC3rBazniIrs0WAqLhrxegP-UzhO:1tGIIz:DFzTq5KsCoXOO6WHbYw26SAKtokU8ANkGeBhbYipueQ	2024-12-11 13:42:09.591865+00
x5ajedant0t1ce9pva1tms1dmwe3w2f2	.eJxVi80KAiEQgN_FcyzqKrN2DHoOGccZlLYNUk9L717BHur6_ewq4ugljsbPWLM6K-vU6RcmpBtvX4NEj7H1No1e19ort-mQbbresa6XI_37C7bymUVnSRqS-KxnICuajBNn0IgEbxHBh8QkFrJhCI7nHBiWNCdZgIyo1xsWazke:1tHX4E:R9Wg_XviFnJi6I3T-wKNJjbxmNHEaRHkBhNrpMXTAnY	2024-12-14 23:40:02.868427+00
gdyce5l06rd5vut9zmqav5pz97sdw7iu	.eJxVi8sKAiEUQP_Fdch1fLcM5jvkqleUpglSV9G_VzCL2p7HkwWco4bZ6RFaZmdmgZ1-YcR0pf1rMKX73Efnc7StjUadH7Lz9YZtuxzp31-x188sclLamiScWhapsid0srgiQAIUoZzB4nVJ0WiwEigiKEIqVnmK2jv2egPZcDfN:1tM8Qs:Q90dwN3rCQqa9_nyjsoWUGJnQQQTNGV4rlqtT9vOi_g	2024-12-27 16:22:26.488305+00
nwz5pg0wjiul1i33q7fwfgaoks14hxd8	.eJxVi0sKwjAQQO-StZR8x8Sl4DnKzHRCgrWCSVbi3VXoQrfv81Qzjl7m0eQx10Wd1NGowy8k5KtsX4PM97H1No1e19qrtGmXbbrcsK7nPf37C7byma2ACeAlcGYDKWK2KWF0gA6JXEBHQh6s1ouzFHSKwAwpk_YSl8zq9QbvPThX:1tMxOx:TyNowgPHGnWLEstOe7SGkX3RMaOmVEmOYfaAtYt9Pr0	2024-12-29 22:47:51.446279+00
7vnx68lcncj62ezug4mdc28gi4vxzj5s	.eJxVi0sKwyAQQO_iuogTP9EuCz2HjJMJStMUqq5K794Eski37_MREXvLsVd-xzKJqwBxObOE9OB1F0j06mursreylFa4ykNWeX9iWW5H-vdnrHmfB7YALqiRPOvZjKB4oDSlDbIm5wAtE-lgEZIBzwGtCWFWDMYjkPj-AMGkN7I:1tNTVO:FZtrNksg6OBSsngClHqTy5QWSyipeZiDXecPz1uQiHY	2024-12-31 09:04:38.088506+00
gu6dnrrjec9jk180ydopo72ft4pc5ixs	.eJxVi0sKwyAQQO_iuogTP9EuCz2HjJMJStMUqq5K794Eski37_MREXvLsVd-xzKJqwBxObOE9OB1F0j06mursreylFa4ykNWeX9iWW5H-vdnrHmfB7YALqiRPOvZjKB4oDSlDbIm5wAtE-lgEZIBzwGtCWFWDMYjkPj-AMGkN7I:1tPW2S:oks9sok5qKnChCgozIE1ClNBXl_uZCMZofUq08Nb0CI	2025-01-06 00:11:12.25562+00
yk7o73z1rpii6vhw6of8za3kztvaza5g	.eJxVi0sKwyAQQO_iuogTP9EuCz2HjJMJStMUqq5K794Eski37_MREXvLsVd-xzKJqwBxObOE9OB1F0j06mursreylFa4ykNWeX9iWW5H-vdnrHmfB7YALqiRPOvZjKB4oDSlDbIm5wAtE-lgEZIBzwGtCWFWDMYjkPj-AMGkN7I:1tQ40Z:CjgAMl6_A2EBvPQbvr_UftLoL5NgCAr-h9qb-fO3Fl4	2025-01-07 12:27:31.04418+00
l7hxmgu6erub9olow4jv9q57t77msoah	.eJxVi0sKwyAQQO_iuogTP9EuCz2HjJMJStMUqq5K794Eski37_MREXvLsVd-xzKJqwBxObOE9OB1F0j06mursreylFa4ykNWeX9iWW5H-vdnrHmfB7YALqiRPOvZjKB4oDSlDbIm5wAtE-lgEZIBzwGtCWFWDMYjkPj-AMGkN7I:1tQaSA:Z0Jp3TQn0ZyVgu4Vaz6k1BsZBFA3MGq76Fq8RuAO9lU	2025-01-08 23:06:10.227287+00
9mbpto2dpp42akd8ivr9a7l2fdzrgyzu	.eJxVi80KAiEQgN_Fc4gj6mrHoOeQ0RlR2jZIPS29ewV7qOv3s4uIc9Q4Oz9jI3EWWpx-WcJ84-0rMOfH3EaXc7S1jcZdHrLL6x3bejnSv79ir5-ZPYFlW0IJqUAGbZMCo633i7eBjdIKnHaUVSLlaCEKmgoQoVdswInXG75mN5I:1tTybk:zDufnR017RaSOCQEgBG1Y0TTxFpzJA6zYSAVwB738lg	2025-01-18 07:30:04.343086+00
3lbrmigrg5u6fozko4fat2yvd36veiul	.eJxVi0sKwyAQQO_iuogTP9EuCz2HjJMJStMUqq5K794Eski37_MREXvLsVd-xzKJqwBxObOE9OB1F0j06mursreylFa4ykNWeX9iWW5H-vdnrHmfB7YALqiRPOvZjKB4oDSlDbIm5wAtE-lgEZIBzwGtCWFWDMYjkPj-AMGkN7I:1tWe8P:TUWYGmI7abwGXTcOpL0TrAbx27DVuxtDB2Yo78Zdmfw	2025-01-25 16:14:49.184498+00
sits2s1du6p7xy5e38vg9jhjevolsc69	.eJxVi0sKwjAQQO-StZR8x8Sl4DnKzHRCgrWCSVbi3VXoQrfv81Qzjl7m0eQx10Wd1NGowy8k5KtsX4PM97H1No1e19qrtGmXbbrcsK7nPf37C7byma2ACeAlcGYDKWK2KWF0gA6JXEBHQh6s1ouzFHSKwAwpk_YSl8zq9QbvPThX:1tY8hH:WV9aZ4MW1Vw-R_Wip0X2erN3-6cU9aZqSclVtt3f-aw	2025-01-29 19:04:59.148506+00
e72jl73c263bem1gh30od5swc0h6p1cf	.eJxVi0sKwjAQQO-StZR8x8Sl4DnKzHRCgrWCSVbi3VXoQrfv81Qzjl7m0eQx10Wd1NGowy8k5KtsX4PM97H1No1e19qrtGmXbbrcsK7nPf37C7byma2ACeAlcGYDKWK2KWF0gA6JXEBHQh6s1ouzFHSKwAwpk_YSl8zq9QbvPThX:1tYAtl:0IKQqKj8IL6Zg8RKO6ozEZyvZfxRQrCQpdcHOmUoOc4	2025-01-29 21:26:01.187726+00
lm9is07s4fp8o4wao1ljp0f15fxpjz6s	.eJxVi0sKwyAQQO_iuogTP9EuCz2HjJMJStMUqq5K794Eski37_MREXvLsVd-xzKJqwBxObOE9OB1F0j06mursreylFa4ykNWeX9iWW5H-vdnrHmfB7YALqiRPOvZjKB4oDSlDbIm5wAtE-lgEZIBzwGtCWFWDMYjkPj-AMGkN7I:1tZB71:FTbJdq4zvDlJQfiEDAjHmf2_gt5HTouwi7qDf4m4abA	2025-02-01 15:51:51.163475+00
7pbccvv01vg9sepk3bip7gn1ntcxnw7z	.eJxVi8sKAiEUQP_FdYijXh8tg_kOueoVpWmC1FX07xXMorbn8WQB56hhdnqEltmZSWCnXxgxXWn_GkzpPvfR-Rxta6NR54fsfL1h2y5H-vdX7PUzO0laCwSQlJXzxVuvKSNEY5LDIhJaG6XwiwMjU0FF0SkBAmAh5TKx1xvnUzfS:1taa1m:ny4K9TIZDeJq2yIRp9sYn5bJaTWmFGlu1To9B0fXlMA	2025-02-05 12:40:14.725725+00
dz0xwt5jpo93ersfewb3d6e8rrrl0cr2	.eJxVi80KAiEQgN_Fc4g7jjF2DHoOmR0nlLYNUk9L717BHur6_Wwm8egljabPVLM5GTCHXzaz3HT9ChZ5jLU3O3pdaq_a7C6bvdy5Luc9_fsLt_KZ0TMIeszeA7LydCWgYyRUiBkyQ-BAoAQzRccYBMQ5pzipBA_A5vUGrw03FQ:1tdho6:dxN6cm_052-lfMqs4qkrpfriYTZDksf_alM5Tmpjtgs	2025-02-14 03:35:02.373476+00
m9cugh0xu7g5d5nyns5wpfis2pac332y	.eJxVi80KAiEQgN_Fc4g7jjF2DHoOmR0nlLYNUk9L717BHur6_Wwm8egljabPVLM5GTCHXzaz3HT9ChZ5jLU3O3pdaq_a7C6bvdy5Luc9_fsLt_KZ0TMIeszeA7LydCWgYyRUiBkyQ-BAoAQzRccYBMQ5pzipBA_A5vUGrw03FQ:1tdhqh:U_CcnWmLrzjDf98PVopRBgSAL7h9_IEh07g0gEWgjUU	2025-02-14 03:37:43.879312+00
vlxso3to0c042k6ef0vj3q7ij5omibwb	.eJxVi80KAiEQgN_Fcyyuuul0DHoOmXFGlLYNUk_Ru1ewh7p-P08VcfQSR5NHrKxOalaHX0aYrrJ9BaZ0H1tv0-h1rb1Km3bZpssN63re07-_YCuf-YjERGgyJb2IRuMxW_LJAduZSUggWGJACJA1WMeLYxAfrNE--6xebwrLOO0:1tfEdi:tBuA8Gv4pBM3E5BaZ44ryqR6HWQ9B_yuZipSuSz7_tE	2025-02-18 08:50:38.160957+00
mriwq8pgwzyxs3mc59je7mt9fn1yazm0	.eJxVi80KAiEQgN_Fcyyuuul0DHoOmXFGlLYNUk_Ru1ewh7p-P08VcfQSR5NHrKxOalaHX0aYrrJ9BaZ0H1tv0-h1rb1Km3bZpssN63re07-_YCuf-YjERGgyJb2IRuMxW_LJAduZSUggWGJACJA1WMeLYxAfrNE--6xebwrLOO0:1tfhui:cFzXEkrBytCalN-NN1NLChM8IrAa7Exn2Lnh2qPOmds	2025-02-19 16:06:08.366986+00
ajggq3spzr56a566vqovy3khrg37yas5	.eJxVi80KAiEQgN_FcyzqaO52DHoOGccZlLYNUk_Ru1ewh7p-P08VcfQSR-NHrFmdVPDq8AsT0pW3r0Gi-9h6m0ava-2V27TLNl1uWNfznv79BVv5zGKOiwlBAy8iJKCdBscZCSzkBElmSwmF2CcSww4TBi_eztlnBrLq9QYQxDlt:1tfyDd:M0Fgz6GGDUkGXpoK_ZiXdrIX9cVOBev16SQZkBHfgL4	2025-02-20 09:30:45.064397+00
xkyrwbdm1lzitrydjmecgelxxunpylkj	.eJxVi0sKwjAQQO-StZQmzdel0HOEyUyGBGsFk6zEu6vQhW7f5ykijF7iaPkRK4mzcFacfmECvOb9awDxPvbeptHrVnvNbTpkm9Yb1O1ypH9_gVY-c_DolddSZUeWgve42KACGwhzYmXUop1MMxsy7KT0OmNwxJyQDGAi8XoD1_c4Tg:1th7Sa:hUJc-V2doP5YEF3Brc7LvGRzRO-HxLGliRr7eYJ_qp0	2025-02-23 13:34:56.508619+00
jqtfneu5rk0ryewge0c17gs4qx6vdok5	.eJxVi0sKwjAQQO-StZQmzdel0HOEyUyGBGsFk6zEu6vQhW7f5ykijF7iaPkRK4mzcFacfmECvOb9awDxPvbeptHrVnvNbTpkm9Yb1O1ypH9_gVY-c_DolddSZUeWgve42KACGwhzYmXUop1MMxsy7KT0OmNwxJyQDGAi8XoD1_c4Tg:1th7Sb:NrhD-mvB7trZt4HKEIehFdRejMi2bdifxVi1xVms7HM	2025-02-23 13:34:57.580765+00
2gtluwkte6xp0584jxn6484bntrpwkms	.eJxVi0sOwiAQQO_C2jSAQBmXJj0HmRkgEGtNBFbGu2uTLnT7Pi8RcPQSRkvPUKO4CA3i9AsJ-Za23SDzY2y9TaPXtfaa2nTINi13rOv1SP_-gq3sswavIhmdE5BEAOelMg4UIXjpaU6zjcjfiOAcDRvI2YO04DhbBhLvD-dCN_Y:1tiEBV:WNXrTzvIERxEuAiDS-VSG3SUJ-vpxw8khq6vCY2Uoqk	2025-02-26 14:57:53.931634+00
z5z5hvvlqcy2g7rbmryxykhgeznf6vi3	.eJxVi00KQiEQgO_iOiQdzaZl0DlkHEeUXi9IXUV3r-Atavv9PFWkOWqcXR6xZXVSIajdL0zEV1m_hpjvcx1dz9GWNpp0vcmuLzdqy3lL__5KvX5mKMFjBrBWxPjCFgwkEQwMQs4jmoTswiHnZANhtgWRHNDeiCc-WvV6A_RuODc:1ticm8:k2GQpdDECJREYwHMX4n3gsxUIwouwTkFdDmL3JOVRjs	2025-02-27 17:13:20.614612+00
fhgo3lhjt3wlykn6mbo7btwfa077nl0d	.eJxVi80KAiEQgN_Fcyyuuul0DHoOmXFGlLYNUk_Ru1ewh7p-P08VcfQSR5NHrKxOalaHX0aYrrJ9BaZ0H1tv0-h1rb1Km3bZpssN63re07-_YCuf-YjERGgyJb2IRuMxW_LJAduZSUggWGJACJA1WMeLYxAfrNE--6xebwrLOO0:1tidRl:il9GpCScA3LjG-k6a3mjhXBYlb1fCNwp0EwC4vXqBGc	2025-02-27 17:56:21.063517+00
cafljgjr7wfc1ec202vglqsueceiwsxr	.eJxVi8sKAiEUht_FdQxecNKWQc8hv0cPStMEqauhd2-CWdT2u2wiYPQSRsuvUJO4CGPF6RdG0D2vXwOi51h7m0avS-01t-mQbbo9UJfrkf79Ba3ss5XsXXLkZ-mUjdoolSJ7TZoAGCTJRkUwKHPCWXqdWOadzsgg9uL9AQqvOb8:1til4V:EJ8_xslEtQufi9u5YIUGjGBoBBsggLPpflUrK-W6zQA	2025-02-28 02:04:51.970801+00
1u8shnrhwci0orljx4vlobk8uk7s4l9r	.eJxVi80KAiEQgN_Fc4g7jjF2DHoOmR0nlLYNUk9L717BHur6_Wwm8egljabPVLM5GTCHXzaz3HT9ChZ5jLU3O3pdaq_a7C6bvdy5Luc9_fsLt_KZ0TMIeszeA7LydCWgYyRUiBkyQ-BAoAQzRccYBMQ5pzipBA_A5vUGrw03FQ:1tj9S2:8SFrsxDv0I7yTv0M_NKG43gAtJdu5ghp3w5P3gmXvMw	2025-03-01 04:06:46.002115+00
xidwa3kznze1xh9zsmhsrtnm6s891ow2	.eJxVi80KAiEQgN_Fc0hqs2rHYJ9DZmZHlLYNUk_Ru1ewh7p-P0-VcPSSRpNHqos6Kx_U4RcS8lW2r0Hm-9h606PXtfYqTe-y6fmGdb3s6d9fsJXPHMllAVqiZ8PZnBBxEmaTsyNxR7IeEKyZLGZgceBBOBAQRBcoZKtebyrdORs:1tk86G:GILV5lob2KpYcSrSwHW32NPKfQ6w_cRbZTIRuiialKE	2025-03-03 20:52:20.125844+00
4o6z1286des5b9f18ems7t9rqm2bkvxl	.eJxVi80KAiEQgN_Fcyxq_nYMeg4ZZxyUtg1ST9G7V7CHun4_T5FgjppmL4_USJyEj-LwCzPgtWxfA4j3uY2-zNHWNlrpyy77crlBW897-vdX6PUzI1sZTCTrKB-hlMCsQ_YqsnZa22yNJGLnEdlrqTljVMYEIEdROe_E6w0IIThH:1tkAgY:Ss7td4nwgunQpDjTRfd2zcYwWsQQ6C6y6vS5lc3wZwM	2025-03-03 23:37:58.802533+00
pwuzvn49jgbpf4pcy9gu4yykz8048mal	.eJxVi80KAiEQgN_Fcyxq_nYMeg4ZZxyUtg1ST9G7V7CHun4_T5FgjppmL4_USJyEj-LwCzPgtWxfA4j3uY2-zNHWNlrpyy77crlBW897-vdX6PUzI1sZTCTrKB-hlMCsQ_YqsnZa22yNJGLnEdlrqTljVMYEIEdROe_E6w0IIThH:1tkAl2:8LbQaEfhgih6sbD9HuQLOT5799AcaB1C3TXVnRE3iR4	2025-03-03 23:42:36.572228+00
8qqzftkdjkz006k9s3go0w9vsrco9ugx	.eJxVi0sOwiAQQO_C2pDOtEOpSxPPQYYBArHWRGBlvLs16UK37_NSjnvLrtf4dCWos7KDOv1Cz3KL29ewyKNvrereylpaiVUfsurrnct6OdK_P3PN-yxgApP1wmIoEEHAgBEmzx7CEgEjU0JIPO7BMKdxmo0gAtu0EAqr9wcVxjjH:1tkRrh:MIy8JhncdX6QTFX6ILLct-b9OZ-6obXyXFpv8LSNy_w	2025-03-04 17:58:37.672026+00
4eeeanudz5rvzs4lbvyvuwdsmei4m5a3	.eJxVi80KAiEQgN_Fc4g7jjF2DHoOmR0nlLYNUk9L717BHur6_Wwm8egljabPVLM5GTCHXzaz3HT9ChZ5jLU3O3pdaq_a7C6bvdy5Luc9_fsLt_KZ0TMIeszeA7LydCWgYyRUiBkyQ-BAoAQzRccYBMQ5pzipBA_A5vUGrw03FQ:1tkVMM:YIJByl-U1vxc3pIDJu1637KUfeWeS00O-7VDhMLdyK8	2025-03-04 21:42:30.291355+00
zafnfmujf88x5ucowdjctwqp538r2gr7	.eJxVi80KAiEQgN_Fc4g7jjF2DHoOmR0nlLYNUk9L717BHur6_Wwm8egljabPVLM5GTCHXzaz3HT9ChZ5jLU3O3pdaq_a7C6bvdy5Luc9_fsLt_KZ0TMIeszeA7LydCWgYyRUiBkyQ-BAoAQzRccYBMQ5pzipBA_A5vUGrw03FQ:1tkma3:FisaTCcqys9WRZyym6cah-UN2-5bCs3SHb63heZtWiM	2025-03-05 16:05:47.178665+00
bcecl130jkdtmdvtclr45s53dp056iey	.eJxVi80KAiEQgN_Fc8iOZqMdg32OZRxHlLYNUk_Ru1ewh7p-P0-10OhlGU0eS03qrDyowy-MxFfZvoaY72PrTY9e19qrNL3Lpucb1fWyp39_oVY-c2KXAT1TDtZnYybwAISCjnFiQANojSVk5xNRPEWBSdiZbISPEoJ6vQHsGjgh:1tkytM:d6qon3-PIU87NU9oYPsVPPU8pt6vx4_mbrHmS9ZBsAw	2025-03-06 05:14:32.836815+00
fb3vito585gga2pjq27nk22nni5384kg	.eJxVi0sOwiAQQO_C2pDOtEOpSxPPQYYBArHWRGBlvLs16UK37_NSjnvLrtf4dCWos7KDOv1Cz3KL29ewyKNvrereylpaiVUfsurrnct6OdK_P3PN-yxgApP1wmIoEEHAgBEmzx7CEgEjU0JIPO7BMKdxmo0gAtu0EAqr9wcVxjjH:1tmS3Y:RgC_XFOJwzXoqRoZ1yHe5lyuKGYHOILpffGMi8dWGaY	2025-03-10 06:35:08.00434+00
nfdqshhirgp9eh1vktvuwm46paxcajlg	.eJxVi80KAiEQgN_Fcyyuuul0DHoOmXFGlLYNUk_Ru1ewh7p-P08VcfQSR5NHrKxOalaHX0aYrrJ9BaZ0H1tv0-h1rb1Km3bZpssN63re07-_YCuf-YjERGgyJb2IRuMxW_LJAduZSUggWGJACJA1WMeLYxAfrNE--6xebwrLOO0:1tmVJv:uTPcRkSUC7lgIYkAa02TVn0w_Wz1QmbynLTDa8RzD5o	2025-03-10 10:04:15.255147+00
mqnayegiylzx7ef6dg5o3p4ccp18705x	.eJxVi80KAiEQgN_Fcyyuuul0DHoOmXFGlLYNUk_Ru1ewh7p-P08VcfQSR5NHrKxOalaHX0aYrrJ9BaZ0H1tv0-h1rb1Km3bZpssN63re07-_YCuf-YjERGgyJb2IRuMxW_LJAduZSUggWGJACJA1WMeLYxAfrNE--6xebwrLOO0:1tmbq2:x7LRIpBOS3_76gyGudAcv1sCju2sWS_5pxF5LwGRo1I	2025-03-10 17:01:50.674838+00
dfxse8ljh2q8rh7cg1no7l8wv2866jjj	.eJxVi80KAiEQgN_Fc4g7jjF2DHoOmR0nlLYNUk9L717BHur6_Wwm8egljabPVLM5GTCHXzaz3HT9ChZ5jLU3O3pdaq_a7C6bvdy5Luc9_fsLt_KZ0TMIeszeA7LydCWgYyRUiBkyQ-BAoAQzRccYBMQ5pzipBA_A5vUGrw03FQ:1tmviu:Q7h3a5gWx0syV9282NOt5EQsWOCFBHXdPsybRCUNukw	2025-03-11 14:15:48.640004+00
2s8nthyxo67ix1ww375qo4aajxi0vplx	.eJxVi80KAiEQgN_Fcyyuuul0DHoOmXFGlLYNUk_Ru1ewh7p-P08VcfQSR5NHrKxOalaHX0aYrrJ9BaZ0H1tv0-h1rb1Km3bZpssN63re07-_YCuf-YjERGgyJb2IRuMxW_LJAduZSUggWGJACJA1WMeLYxAfrNE--6xebwrLOO0:1tmx11:SHA3RJB5wjBaTC8_lVIbvDiu2ZNqWL7AyWgFtpZjnss	2025-03-11 15:38:35.747436+00
lbzlwgq40npd43fcx72nf28dkufv9nid	.eJxVi0sKwyAQQO_iushoBke7LPQcMv5QmqZQdRV69xLIot2-zy48z1H97PntWxJXgVpcfmHg-MjbYTjG19xGl3O0tY2Wuzxll_cnt_V2pn9_5V6PGRgsgdIIQXGO2YSSFkRFIURIxAs4RwYxJQcObdG2FIMpELHVhsTnC-qQN8Q:1tn06a:He7VBTAMvhw71Yo8_XdPjI64E-6iV0XRxHaVPtacWbA	2025-03-11 18:56:32.072241+00
706vayu9vkna8euc1nevveeve3wde8iq	.eJxVi0sKwyAQQO_iushoBke7LPQcMv5QmqZQdRV69xLIot2-zy48z1H97PntWxJXgVpcfmHg-MjbYTjG19xGl3O0tY2Wuzxll_cnt_V2pn9_5V6PGRgsgdIIQXGO2YSSFkRFIURIxAs4RwYxJQcObdG2FIMpELHVhsTnC-qQN8Q:1tn06b:WV-2WgIJMgQ5Bm1j5mOHp7sDL61zPAQvolKgsk1gPsY	2025-03-11 18:56:33.550739+00
almlznvhg6fp25e88kwt6iahw474nt44	.eJxVi80KAiEQgN_Fcyzu6KzaMeg5ZJxGlLYNUk_Ru1ewh7p-P08VafQSR5NHrBd1VN6owy9MxFfZvoaY72PrbRq9rrVXadMu23S-UV1Pe_r3F2rlM6PTuGQnHjUJQNI26eAtCmRiawHQ8gxGgrGGAszJOHAe2XlCB3lRrzfF6jar:1tnDNn:xqkr_H_zz_8zng5hPMtOcKD1yrG3PRv_QoRDUOmJkOc	2025-03-12 09:07:11.402173+00
qlnvhjlm0si7ol2kz2zgi1cq3bfr6rz7	.eJxVi80KAiEQgN_Fc4g_ozYdg55DxllFadsg9RS9ewV7qOv38xSR5qhx9vyIbREnoY_i8AsT8TVvX0PM97mNLudoaxstd7nLLi83aut5T__-Sr1-5sTZuoJoUEMuSQW2jhCs1QSsITEoBdaAQ7NgAcpEJijwyYeSPIJ4vQHnVjeR:1tnDkp:f7GkOWPbvoCr-j3Qw-Dq70vkbxSBphntik3qVi7yjIk	2025-03-12 09:30:59.727971+00
k3alndmpxq97v874bqka4myckaq93k64	.eJxVi80KAiEQgN_Fc8jorrbTMeg5ZBxHlLYNUk_Ru1ewh7p-P08VaPQSRpNHqEmd1DKrwy-MxFfZvoaY72PrTY9e19qrNL3Lpi83qut5T__-Qq185mQQshfPnLJj6zKiWEd2WuQYyUVCiZMRZkmz9YkEYEIP1hvHCGDU6w0bIDh_:1tnDql:bLWWNtdDtvUSymD_mBwdHirh_XcTQVFc83VA0nP1Po0	2025-03-12 09:37:07.488731+00
m7yhub8o0j9f3b4sgm4oxf42kwjff8ge	.eJxVi8sKwyAQRf_FdZH4SON0Wch3yIyOKE1TqLoq_fckkEW7u9xzzkd47C37XvntSxQ34UZx-T0Jw4PXg2AIr762KnsrS2mFqzxhlfMTy3I_1b8-Y817fKWAEDWAjpwCWwUaiZN1ZlJgVbKgyezOkIgi4URmMEz62JEcsPhuInM5zw:1tnFec:AwJPqI2BkV9kJG9fj-7daAXqlgBU0oCNcoMLOMnqggw	2025-03-12 11:32:42.229584+00
167yvzhiijfsrl5gp34l6vl4wh2jg09a	.eJxVi80OwiAMgN-Fs1m6wSh6NPE5SGm7QJwzETgZ311NdtDr9_M0kXrLsVd9xCLmZAKawy9MxFfdvoaY731rdeitrKUVrcMu63C5UVnPe_r3Z6r5M7skYMmpEi7CBE5pXpQtBwsJkY9exDNMNDPgpGiDBwtupORJRlXzegMmVTj_:1tnIIo:e9842f4Nhvfshq9fY4M9IWjyhaOvvbU9R6QuJvtRei8	2025-03-12 14:22:22.217144+00
lou3h85qecy3o1rwgwwt2ia3rutwoekr	.eJxVy0EOwiAQheG7sDYEKAPo0qTnIMMwDcRaE4GV8e7WpAvdvu_9LxFx9BJH42esWVzENInT75iQbrx9BYkeY-tNjl7X2is3eWCT8x3rej2uf33BVvY4BI2AyoIjssDaQSK3AJ2ZVd5JpewtcjDeL5NGA4CWyEBinwNZFO8P8wk4eQ:1tnJDq:QNNSbSOpStg4-IVsLT43P19LmSyvWm1jYewGQwDl4wQ	2025-03-12 15:21:18.018918+00
ivnf1ardwste7q9fx4dkjy15vruikt32	.eJxVi0EOwiAQRe_C2hAKFKhLE89BZoYhEGtNBFbGu1uTLnTxN_-99xIRRi9xNH7GmsRZ-CBOvycC3Xj7EiB6jK03OXpda6_c5AGbvN6hrpdD_esLtLLHOGFONFnK-wBZO-XdrIM2zuRsiEArY1VQAGxxsdor4kAwJ4t-oSTeHwpjOKA:1tnY4d:2kjeWq5ApkTxcRfamd9h0Rsk2v5akF5CLzvnvESlouA	2025-03-13 07:12:47.323704+00
r15kynxan8kbudr2h2yhhcrjnv5n5wre	.eJxVi80KAiEQgN_FcyzOuo5Tx6DnkFFHlLYNUk_Ru1ewh7p-P0_lefTiR5OHr0mdFJE6_MLA8Srb13CM97H1No1e19qrtGmXbbrcuK7nPf37C7fymSFbYU3GAWFiBkFjF3sk61DPViAaFwgxwoIZEmsAG4Vnk2ZDSDmo1xvRezc6:1tneNe:QVnQYc-Ac2yT0ye8qV-CfW8YSHv9xalr205kkv4L11o	2025-03-13 13:56:50.842412+00
nmzmze7hjs1qwqghwzplfw08vzio33qk	.eJxVi80KAiEQgN_Fc4h_O6Mdg55DZtRQ2jZIPUXvHgt7qOv38xaR5qhx9vKKLYuzME6cfiFTupdtN5TSc26jyzna2kYrXR6yy-uD2no50r-_Uq_7fPPgKAOFzEzZGa1M9oktBAKkoAPYBQ0De2BErXLQ2gA6ZS2GBcXnC_Z0Nw4:1tpCMm:PCzxzLo6WdGq23zQh_R0ogEF8S1d5XpbEp4LAG5IOkA	2025-03-17 20:26:20.085055+00
zfckjvz4vsmgk2fbj34nijufffx9yprg	.eJxVi80KAiEQgN_Fcyyuuul0DHoOmXFGlLYNUk_Ru1ewh7p-P08VcfQSR5NHrKxOalaHX0aYrrJ9BaZ0H1tv0-h1rb1Km3bZpssN63re07-_YCuf-YjERGgyJb2IRuMxW_LJAduZSUggWGJACJA1WMeLYxAfrNE--6xebwrLOO0:1tr6tx:OQO88QUwp6dESJulaP3KMO1TSbWftZSjEbztZHps2Lo	2025-03-23 03:00:29.104526+00
j191syc1nw458b7yom4ogdg8z4w1vvl4	.eJxVi0sOwiAQQO_C2jSAQBmXJj0HmRkgEGtNBFbGu2uTLnT7Pi8RcPQSRkvPUKO4CA3i9AsJ-Za23SDzY2y9TaPXtfaa2nTINi13rOv1SP_-gq3sswavIhmdE5BEAOelMg4UIXjpaU6zjcjfiOAcDRvI2YO04DhbBhLvD-dCN_Y:1tsORd:9eCGu5TG9TX-_m3Cc8axLXPLnYw_POCCpQc-yksMKCk	2025-03-26 15:56:33.202594+00
idi6z8yxsqeywv58fgmszzzsbaihhrf7	.eJxVi80KAiEQgN_Fc4g7jjF2DHoOmR0nlLYNUk9L717BHur6_Wwm8egljabPVLM5GTCHXzaz3HT9ChZ5jLU3O3pdaq_a7C6bvdy5Luc9_fsLt_KZ0TMIeszeA7LydCWgYyRUiBkyQ-BAoAQzRccYBMQ5pzipBA_A5vUGrw03FQ:1tsPSp:yX0jZzX31-M1NZKkarEUn61c5pKADRG1a8jL0F6SMdk	2025-03-26 17:01:51.963142+00
8ile4nnhr95eq94nhgqdyzqb0zlqol4a	.eJxVi80KAiEQgN_Fcyyuuul0DHoOmXFGlLYNUk_Ru1ewh7p-P08VcfQSR5NHrKxOalaHX0aYrrJ9BaZ0H1tv0-h1rb1Km3bZpssN63re07-_YCuf-YjERGgyJb2IRuMxW_LJAduZSUggWGJACJA1WMeLYxAfrNE--6xebwrLOO0:1tsgBL:WKLtBmHbW9HSMpUXk4iaCw28r828ySieH5syrJZXD5w	2025-03-27 10:52:55.869784+00
vmk35gcwzyyi1w8v6oz5qn2zetdlor3z	.eJxVi80KAiEQgN_Fc4g7jjF2DHoOmR0nlLYNUk9L717BHur6_Wwm8egljabPVLM5GTCHXzaz3HT9ChZ5jLU3O3pdaq_a7C6bvdy5Luc9_fsLt_KZ0TMIeszeA7LydCWgYyRUiBkyQ-BAoAQzRccYBMQ5pzipBA_A5vUGrw03FQ:1tt7Z5:K8eP5RAlIn7RIhld4HV4hnbR9kjVTTG3_LoJ5r9NsLs	2025-03-28 16:07:15.712144+00
18tw2wk2f05owdps31ajjrxctfptwlpa	.eJxVjs0OwiAQhN-FsyFlgVI8mvgczS4_gVipKXAyvrs19qDXmflm5slm7C3NvYZtzp6dmbTs9CsSulsoHwedW3tplfeWl9xyqPwwK7_eMS-XI_rHJ6xphwFV9EJobckIT3oiC15YAwASIimiYRzQSjR6inaUGEV0GtAo4ZSPci_d1x9r-b5krzdKyTxu:1txmq5:6YRlNrGrCoLM2QeqZBBG48j-M42EJeU_EQR6Ip4yTi4	2025-04-10 13:00:05.452513+00
u69ft4jf1p90ub7otxquwgglubb5oooy	.eJxVi0sOwiAQQO_C2pDOAKW4NOk5yAyfQKw1EVgZ764mXej2fZ7C0-jFj5YevkZxFsqJ0y9kCte0fw2FcB97b3L0utVeU5OHbHK9Ud0uR_r3F2rlMyPpHAGMcWwhslnYYQRnEVFhZs08zRM5RdYs2c2KMuRgkKyGoGNW4vUG4Oo3wA:1txmrt:GpH-61FSJWi8C9ITCcGsWQ8vmW0WN69wdfMz-2cQTX8	2025-04-10 13:01:57.512581+00
xqbqpmgx8tjuvxpd5u2yvkvofull293j	.eJxVi0sOwiAQQO_C2pDOAKW4NOk5yAyfQKw1EVgZ764mXej2fZ7C0-jFj5YevkZxFsqJ0y9kCte0fw2FcB97b3L0utVeU5OHbHK9Ud0uR_r3F2rlMyPpHAGMcWwhslnYYQRnEVFhZs08zRM5RdYs2c2KMuRgkKyGoGNW4vUG4Oo3wA:1ty4Zs:l8fOGtPwtEnxgDBGDdY9o7qbrH7VCzaUF4XqHupzlFM	2025-04-11 07:56:32.496402+00
f7x26g9x0cx796n9ztxyv3rnqdl021ib	.eJxVi80KAiEQgN_Fc4g7jjF2DHoOmR0nlLYNUk9L717BHur6_Wwm8egljabPVLM5GTCHXzaz3HT9ChZ5jLU3O3pdaq_a7C6bvdy5Luc9_fsLt_KZ0TMIeszeA7LydCWgYyRUiBkyQ-BAoAQzRccYBMQ5pzipBA_A5vUGrw03FQ:1tzGbO:0DEWYmtxM2yGIPXLF8IuuSjcnx7dTsZ3iqVWIM-u5OY	2025-04-14 14:59:02.472089+00
rr314adp6d611v7374nddxjeeaqyluwn	.eJxVi80KAiEQgN_Fc4g7jjF2DHoOmR0nlLYNUk9L717BHur6_Wwm8egljabPVLM5GTCHXzaz3HT9ChZ5jLU3O3pdaq_a7C6bvdy5Luc9_fsLt_KZ0TMIeszeA7LydCWgYyRUiBkyQ-BAoAQzRccYBMQ5pzipBA_A5vUGrw03FQ:1tzGcR:Ti12897-LMq1_nd1mFH1UznmTmI_DHr46bry0xiAEDQ	2025-04-14 15:00:07.16247+00
fusto3asg5v49fvxqla76837iawsffcy	.eJxVi80KAiEQgN_Fc4g7jjF2DHoOmR0nlLYNUk9L717BHur6_Wwm8egljabPVLM5GTCHXzaz3HT9ChZ5jLU3O3pdaq_a7C6bvdy5Luc9_fsLt_KZ0TMIeszeA7LydCWgYyRUiBkyQ-BAoAQzRccYBMQ5pzipBA_A5vUGrw03FQ:1tzIFu:vGDx5fvFYUAe__J3qz1G-TwMcUmhIvUsC9hbhyp5i0s	2025-04-14 16:44:58.715572+00
x6z1n765cg2ovf5ezddjk48ckbmyki5s	.eJxVjsEOwiAQRP-Fs2loodL1aOJ3kF12SYm1NQIn47-LsQe9zsybmafyWMvsa5aHT6xOqleHX40wXGX9GBjCVteSu1rSkkqS3O1m7i43TMt5j_7xM-a5wUckJsIhUtCjaBwcRkMuWGDTMwkJTIYYECaIGozl0TKIm8ygXXSxlbb1-7Z-T6rXG4Y-PZs:1u1UAm:OHm4O9WX_zpYf6qGqRlz7rhU-O96w933P2eSZpr27Zk	2025-04-20 17:52:44.528131+00
zbinuv26iha2kqockwmbhw7mgj1rhvpx	.eJxVjEsKAjEQBe-StYTp_Nul4DlCm3RIcBzBJCvx7jIwC91W1XtvEWmOGmfnV2xZnAUu4vQLb5TuvO2GUnrObXQ5R1vbaNzlIbu8PqitlyP921fqdb81jOxAscbg2QCiyUCmgNEcjAXUVvsAoJRG7W0Gl2CBTAmYSklOfL64BDbk:1u1qcr:3J_PHSrilTeaDEJby5HgWZVeoCPXQVNFKPTwPbbgYy0	2025-04-21 17:51:13.068898+00
wzngu8zycl11277ayz0i98vs35n7jgl4	.eJxVi80KAiEQgN_Fcyyuuul0DHoOmXFGlLYNUk_Ru1ewh7p-P08VcfQSR5NHrKxOalaHX0aYrrJ9BaZ0H1tv0-h1rb1Km3bZpssN63re07-_YCuf-YjERGgyJb2IRuMxW_LJAduZSUggWGJACJA1WMeLYxAfrNE--6xebwrLOO0:1u2Wqx:bdv0uzCldDCddK6WwX8tlQxhqF2H8w4YVWj5XBgkSsE	2025-04-23 14:56:35.212713+00
0yxiu46j77g0vxb8edsf5x3ebilia7eh	.eJxVi80KAiEQgN_Fc4g7jjF2DHoOmR0nlLYNUk9L717BHur6_Wwm8egljabPVLM5GTCHXzaz3HT9ChZ5jLU3O3pdaq_a7C6bvdy5Luc9_fsLt_KZ0TMIeszeA7LydCWgYyRUiBkyQ-BAoAQzRccYBMQ5pzipBA_A5vUGrw03FQ:1u5HHP:jmDns8dK3PPE8Fun8U2H6TE9T0D1jFt_LNOxvaIRnYw	2025-05-01 04:55:15.816926+00
8fk57nkx2d4nr3i0r1hbzophqute2pq1	.eJxVjsEOwiAQRP-Fs2loodL1aOJ3kF12SYm1NQIn47-LsQe9zsybmafyWMvsa5aHT6xOqleHX40wXGX9GBjCVteSu1rSkkqS3O1m7i43TMt5j_7xM-a5wUckJsIhUtCjaBwcRkMuWGDTMwkJTIYYECaIGozl0TKIm8ygXXSxlbb1-7Z-T6rXG4Y-PZs:1u7yEk:UweHfQ4iILppi7iLLAHglfc9woI5xTOA7o531xv4ZXQ	2025-05-08 15:11:38.298464+00
rfeoucyayrfj6z9edbo64y4wxuyszbrl	.eJxVi0sOwiAQQO_C2jSAQBmXJj0HmRkgEGtNBFbGu2uTLnT7Pi8RcPQSRkvPUKO4CA3i9AsJ-Za23SDzY2y9TaPXtfaa2nTINi13rOv1SP_-gq3sswavIhmdE5BEAOelMg4UIXjpaU6zjcjfiOAcDRvI2YO04DhbBhLvD-dCN_Y:1uEobz:Zx7M1tIlbVjA81pG6ycmfCYj0gtmbVSuiv7xw72M5ng	2025-05-27 12:19:55.799774+00
8clufslwe4ejtrjcf2sxdhg7zmmv5grp	.eJxVi80KAiEQgN_Fc4g7jjF2DHoOmR0nlLYNUk9L717BHur6_Wwm8egljabPVLM5GTCHXzaz3HT9ChZ5jLU3O3pdaq_a7C6bvdy5Luc9_fsLt_KZ0TMIeszeA7LydCWgYyRUiBkyQ-BAoAQzRccYBMQ5pzipBA_A5vUGrw03FQ:1uEwia:eMRMepCG_PGyTHO4WrE7QsFiaXL5hieT55SeK3RbMcA	2025-05-27 20:59:16.196948+00
k12ql77o4t09wrwu5fzqdd9y5yr1iav9	.eJxVi80KAiEQgN_Fc4g7jjF2DHoOmR0nlLYNUk9L717BHur6_Wwm8egljabPVLM5GTCHXzaz3HT9ChZ5jLU3O3pdaq_a7C6bvdy5Luc9_fsLt_KZ0TMIeszeA7LydCWgYyRUiBkyQ-BAoAQzRccYBMQ5pzipBA_A5vUGrw03FQ:1uEwjm:gkGjMDl0-1wEK6EGvMLGn9NJufqepuu-BV8DpbMyxo8	2025-05-27 21:00:30.610767+00
zj5yv79xq7fbu9pkj96twx2c1dmt568u	.eJxVi0sOwiAQQO_C2jSAQBmXJj0HmRkgEGtNBFbGu2uTLnT7Pi8RcPQSRkvPUKO4CA3i9AsJ-Za23SDzY2y9TaPXtfaa2nTINi13rOv1SP_-gq3sswavIhmdE5BEAOelMg4UIXjpaU6zjcjfiOAcDRvI2YO04DhbBhLvD-dCN_Y:1uFXKS:j1ki1yp3z4Ee6sCQsfGSB6ZGpWvqay4XCq-Km6_tbvI	2025-05-29 12:04:48.801166+00
qmal4cmzhekj0oorgulx6l2ng3dtoond	.eJxVi80KAiEQgN_Fcyyuuul0DHoOmXFGlLYNUk_Ru1ewh7p-P08VcfQSR5NHrKxOalaHX0aYrrJ9BaZ0H1tv0-h1rb1Km3bZpssN63re07-_YCuf-YjERGgyJb2IRuMxW_LJAduZSUggWGJACJA1WMeLYxAfrNE--6xebwrLOO0:1uG2EV:bhkErHJL0qStOaZwwhFB_eMxLqhiKmi-JaQRqXc5-L4	2025-05-30 21:04:43.090197+00
tnrmf0oqd1zjd82z9rkcga9luo9lstw0	.eJxVi0sOwiAQQO_C2jSAQBmXJj0HmRkgEGtNBFbGu2uTLnT7Pi8RcPQSRkvPUKO4CA3i9AsJ-Za23SDzY2y9TaPXtfaa2nTINi13rOv1SP_-gq3sswavIhmdE5BEAOelMg4UIXjpaU6zjcjfiOAcDRvI2YO04DhbBhLvD-dCN_Y:1uM62m:b2UREdXnCOba1CWg6CWa86fne4nfFnNCbb0_KK1zE74	2025-06-16 14:21:40.462273+00
s2qj98xq4n2diyu6ee4pmdfime2dp7yr	.eJxVi80KAiEQgN_Fcyyuuul0DHoOmXFGlLYNUk_Ru1ewh7p-P08VcfQSR5NHrKxOalaHX0aYrrJ9BaZ0H1tv0-h1rb1Km3bZpssN63re07-_YCuf-YjERGgyJb2IRuMxW_LJAduZSUggWGJACJA1WMeLYxAfrNE--6xebwrLOO0:1uOYOA:hGUMfoGms-N7F6GPTxh2tme2l73uFcTjtYyYMlB_M60	2025-06-23 09:01:54.917086+00
0p1jis7nutwo7wdfite1kemueszz0dx4	.eJxVi0sOwiAQQO_C2pDOAKW4NOk5yAyfQKw1EVgZ764mXej2fZ7C0-jFj5YevkZxFsqJ0y9kCte0fw2FcB97b3L0utVeU5OHbHK9Ud0uR_r3F2rlMyPpHAGMcWwhslnYYQRnEVFhZs08zRM5RdYs2c2KMuRgkKyGoGNW4vUG4Oo3wA:1uOYg0:h2eX6j7a8DbuSEsa78MepicON69hPKPk8n13iU_fN3U	2025-06-23 09:20:20.079079+00
knuuuua1sp3p27beggmzy4ice6r4d0uo	.eJxVi0sOwiAQQO_C2pDOAKW4NOk5yAyfQKw1EVgZ764mXej2fZ7C0-jFj5YevkZxFsqJ0y9kCte0fw2FcB97b3L0utVeU5OHbHK9Ud0uR_r3F2rlMyPpHAGMcWwhslnYYQRnEVFhZs08zRM5RdYs2c2KMuRgkKyGoGNW4vUG4Oo3wA:1uOYg1:7EkXs4YqGGSng0rdIscvBwghWTPNB-A4tn4G81yhT7U	2025-06-23 09:20:21.268168+00
4hbugfq2jbttcxv5xk05b0fqqn9fn75q	.eJxVi80KAiEQgN_Fcyyuuul0DHoOmXFGlLYNUk_Ru1ewh7p-P08VcfQSR5NHrKxOalaHX0aYrrJ9BaZ0H1tv0-h1rb1Km3bZpssN63re07-_YCuf-YjERGgyJb2IRuMxW_LJAduZSUggWGJACJA1WMeLYxAfrNE--6xebwrLOO0:1uX7Lp:Rz3j4LENMeXdKuS48hVlh0202Z0LUwAB1dNJXXoUUYQ	2025-07-16 23:58:53.231645+00
ylqekfam9d15moz4bw7rjpx1lvn67g5r	.eJxVjsEOwiAQRP-Fs2loodL1aOJ3kF12SYm1NQIn47-LsQe9zsybmafyWMvsa5aHT6xOqleHX40wXGX9GBjCVteSu1rSkkqS3O1m7i43TMt5j_7xM-a5wUckJsIhUtCjaBwcRkMuWGDTMwkJTIYYECaIGozl0TKIm8ygXXSxlbb1-7Z-T6rXG4Y-PZs:1uaiEE:0c6ipU_M-8dypaMVo7hZlmw2dqxUsrFGHOwIGFrBfsk	2025-07-26 21:57:54.498397+00
kk0t58ttyw25yo6d6l3tlmskspu5lizy	.eJxVi80KAiEQgN_Fcyyuuul0DHoOmXFGlLYNUk_Ru1ewh7p-P08VcfQSR5NHrKxOalaHX0aYrrJ9BaZ0H1tv0-h1rb1Km3bZpssN63re07-_YCuf-YjERGgyJb2IRuMxW_LJAduZSUggWGJACJA1WMeLYxAfrNE--6xebwrLOO0:1ubHIk:cxa9z-bGiqIK4m5Dz1esP0Cps6pGHow4UDHhYDnTdsk	2025-07-28 11:24:54.43102+00
\.


--
-- Data for Name: events_eventcontent; Type: TABLE DATA; Schema: public; Owner: thomas
--

COPY public.events_eventcontent (id, created, updated, image, some_field, event_id) FROM stdin;
cede96f2-9849-42db-8145-90ab5f50721f	2025-02-05 14:49:52.868285+00	2025-02-05 14:49:52.868306+00	event/449357467baf4b90815c10eb628a36ba.jpg	\N	37eb4c3f-58c3-4845-9d42-8ec91dc7452e
3f4b68d4-36f4-445a-92c4-272054328bd2	2025-02-05 14:50:35.978665+00	2025-02-05 14:50:35.978684+00	event/2989baffcaef4ae099bfb70b645c11bf.jpg	\N	37eb4c3f-58c3-4845-9d42-8ec91dc7452e
d50de403-4c11-4866-b517-18d9829891cb	2025-02-12 15:07:44.30777+00	2025-02-12 15:07:44.307794+00	event/e1a9ca41353e489fa5edeb33bf130ce4.jpg	\N	37eb4c3f-58c3-4845-9d42-8ec91dc7452e
8c9e9d14-bc8a-490f-ade3-3e0dc331ab99	2025-05-13 13:07:55.165626+00	2025-05-13 13:07:55.165646+00	event/7904987d982141cbaa38a348a0914ad4.jpg	\N	daf86b68-62c5-429e-9161-d393a668e917
293007b5-b2e0-4abb-97ca-3846c72d591d	2025-05-14 08:16:49.06097+00	2025-05-14 08:16:49.060991+00	event/47e93991741948d9abb854dd824bdbfd.jpg	\N	daf86b68-62c5-429e-9161-d393a668e917
ef00dcc9-504b-42ea-b2cd-3b4d129ffc20	2025-05-15 12:27:16.351498+00	2025-05-15 12:27:16.351518+00	event/a5e6af1741c04f56a5a917dfa42870cd.mp4	\N	daf86b68-62c5-429e-9161-d393a668e917
04686426-7ff5-4c43-9e08-83d96ea148ff	2025-05-15 12:27:16.413474+00	2025-05-15 12:27:16.413497+00	event/febe63703f0b4cb8922252e46ee160ee.jpg	\N	daf86b68-62c5-429e-9161-d393a668e917
\.


--
-- Data for Name: events_eventmodel; Type: TABLE DATA; Schema: public; Owner: thomas
--

COPY public.events_eventmodel (id, created, updated, image, title, slug, content, venue_name, event_address, map_coordinates, total_seats_sold, event_link, event_startdate, event_enddate, status, category_id, organiser_id, small_description, email, phone) FROM stdin;
717eaa58-7419-4917-9484-b1a96225a062	2024-08-22 20:57:35.610186+00	2024-09-25 08:46:28.247329+00	event/e1f704898d8c4e2eb5ad9005161aa6fe.png	BBGI Family Market Day - October 2024	bbgi-business-market-heritage	<p>In celebration of family and creation of economic legacies, we invite business owners and buyers to come together to create positive memories for families, friends, and community.</p>\r\n<p>&nbsp;</p>\r\n<p>There are 20 business stalls available for businesses in our community.</p>\r\n<p>&nbsp;</p>\r\n<p>Sign your business up for our annual subscription at 50% off for R500. This also secures your stall to showcase your business and sell your products/services.</p>\r\n<p>&nbsp;</p>\r\n<p>Bring your family and buy a R120 ticket. This will give you R100 spending coupons for the market day.</p>\r\n<p>&nbsp;</p>\r\n<p>Join the BBGI community.</p>\r\n<p>Partner with us to transform Africa!</p>	Milnerton High School	Milnerton High School, 48 Pienaar Road, Milnerton, Cape Town, WC	\N	1	\N	2024-10-19 08:00:00+00	2024-10-19 14:00:00+00	Completed	84a0849e-c9da-40af-8098-df713cd527cc	2	Bringing Buyers and sellers together to build strong economic legacies.	0234567890	info@bbgi.co.za
81fbce18-bd33-4984-8dde-d0803b863af4	2024-09-04 03:56:10.657917+00	2024-12-23 00:23:28.294168+00	event/b3c5f494b1da46daae00b30ed843647b.png	Celebrating Black Excellence in our midst	celebrating-black-excellence-in-our-midst	<p>It is time to celebrate black excellence!</p>\r\n<p>&nbsp;</p>\r\n<p>Join us as we celebrate the fruits of a transforming South Africa!</p>\r\n<p>&nbsp;</p>\r\n<p>Help us celebrate those amongst us who are demonstrating excellence through the work they do... in the public sector, private sector, in academia, and in social impact non-profit spaces.</p>\r\n<p>&nbsp;</p>\r\n<p>Join us as we share the good news, enjoy some entertainment, good food, positive vibes, and good company!</p>\r\n<p>&nbsp;</p>\r\n<p>Get your ticket!</p>\r\n<p>&nbsp;</p>\r\n<p>Now!</p>	Milneeton high School Conference Centre	Milnerton High School, 10 Pienaar Road, Milnerron, Cape Town	\N	0	\N	2024-10-30 17:00:00+00	2024-10-30 19:00:00+00	Completed	caee35c6-b0b9-4f1c-a4ed-d103955c72dc	2	Join us as we honour and celebrate our black professionals and business owners who are making impact! In private sector, academia, public sector, and social impact institutions! Join us as we demonstrate the positive, visible, and tangible fruits of a transforming South Africa!	info@bbgi.co.za	0234567890
1d2ee013-c950-418b-8203-372c0dc6d29e	2024-11-06 04:16:34.702818+00	2024-12-23 00:23:57.089812+00	event/6db9a687c87b41138551301db430235b.jpeg	Mental Health and Business	mental-health-and-business	<p>BBGIhosting our year-end- event focused on the vital role of mental health in professional success. Designed for Black entrepreneurs, business leaders, and professionals, this event will explore strategies for maintaining mental wellness while achieving business goals.</p>\r\n<p><strong>Date:</strong> Wednesday, 27 November 2024<br /><strong>Time:</strong> 6PM - 9PM<br /><strong>Location:</strong> Milnerton High School Conference Centre, Cape Town<br /><strong>Ticket:</strong> R210&nbsp;</p>\r\n<p>Gain valuable insights, connect with like-minded individuals, and build resilience for sustainable growth. Secure your seat today!</p>\r\n<p>For more information, contact us at <strong><a rel="noopener">info@bbgi.co.za</a></strong>.</p>	Milnerton High School Conference Centre,	Pienaar Road, Cape Town, WC, 7441, South Africa	-33.8729463,18.497128	32	\N	2024-11-27 16:00:42+00	2024-11-27 19:00:56+00	Completed	cbc243ff-6667-4a37-86ca-6ac0e06ee9e3	29	BBGI hosting our end-of-year event focused on the vital role of mental health in professional success. Designed for Black entrepreneurs, business leaders, and professionals, this event will explore strategies for maintaining mental wellness while achieving business goals.	info@bbgi.co.za	0658622202
37eb4c3f-58c3-4845-9d42-8ec91dc7452e	2025-02-05 14:46:45.437493+00	2025-02-13 05:37:51.906758+00	event/602c0ec988ea4bbda0aa403a8f12b800.jpg	BBGI The Pulse: Connecting Through Love, Business & African Legacy	black-business-growth-initthe-pulse-connecting-through-love-business-african-legacy	<p style="text-align: left;">We are hosting our first event of the year on Wednesday, 26th February 2025, our theme is The Pulse: Connecting Through Love, Business &amp; African Legacy. <br /><br />Love is an action that permeates every aspect of life, influencing not just you personally but also your professional journey and business endeavors. We are dedicating time to explore how love serves as a vital element for growth among Black individuals, their businesses, and their personal development, along with the legacy they create for their families and communities.</p>	Milnerton High School Conference Centre	Pienaar Road, Cape Town, WC, 7441, South Africa	-33.8729463,18.497128	15	\N	2025-02-26 16:30:22+00	2025-02-26 19:00:40+00	Completed	cbc243ff-6667-4a37-86ca-6ac0e06ee9e3	29	We are hosting our first event of the year on Wednesday, 26th February 2025, our theme is The Pulse: Connecting Through Love, Business & African Legacy.	info@bbgi.co.za	+27658622202
94595c09-fcef-49af-ae64-43d0cb29929f	2025-02-26 14:34:02.615986+00	2025-03-01 09:04:07.553448+00	event/ffd875b1353349bf9b9e31567007ddf9.jpg	BBGI March 2025, Our Human Rights Agenda: How to be an Active Agent for Transformation Where You Are	bbgi-march-2025-our-human-rights-agenda-how-to-be-an-active-agent-for-transformation-where-you-are	<p><span style="font-size: 12pt;">Human Rights Month is highlighted, in the South African calendar, by Human Rights Day which takes place on 21 March each year. </span></p>\r\n<p>&nbsp;</p>\r\n<p><span style="font-size: 12pt;">The history of South Africa was reshaped by ordinary people who decided to forego convenience, belonging, love, and even their lives so that black people could get the right to live freely in their home.</span></p>\r\n<p>&nbsp;</p>\r\n<p><span style="font-size: 12pt;">We will come together as this community to remind ourselves of the importance of this memorial and to tighten our grip on the baton that has been handed over to us.&nbsp;</span></p>\r\n<p>&nbsp;</p>\r\n<p><span style="font-size: 12pt;">We have an agenda to continue reshaping (South) Africa so that this freedom may be felt and enjoyed by more and more black people.</span></p>\r\n<p>&nbsp;</p>\r\n<p><strong><span style="font-size: 12pt;">Get involved. </span></strong></p>\r\n<p>&nbsp;</p>\r\n<p><strong><span style="font-size: 12pt;">Join us.</span></strong></p>\r\n<p>&nbsp;</p>	22 on Sloane, Cape Town	39 Somerset Rd, Green Point, Cape Town, 8005	\N	5	\N	2025-03-27 16:30:48+00	2025-03-27 19:00:57+00	Completed	cbc243ff-6667-4a37-86ca-6ac0e06ee9e3	29	Black Business Growth Initiative 2025\r\n\r\nOur Human Rights Agenda: How to be an Active Agent for Transformation Where You Are	info@bbgi.co.za	+27658622202
daf86b68-62c5-429e-9161-d393a668e917	2025-05-13 13:01:54.074059+00	2025-06-02 14:25:50.385138+00	event/e68cfb50934b4da6be625366ec934257.jpg	Working & Thriving in Africa  Exploring Practical Financial Solutions	working-thriving-in-africa-exploring-practical-financial-solutions	<p class="" data-start="112" data-end="279"><strong data-start="115" data-end="158">BBGI 2025: Working &amp; Thriving in Africa- Exploring Practical Solutions&nbsp;</strong><br data-start="158" data-end="161" />Join us for a powerful evening focused on <strong data-start="203" data-end="236">practical financial solutions</strong> for business success across the continent.</p>\r\n<p class="" data-start="281" data-end="363"><strong data-start="285" data-end="300">26June 2025</strong></p>\r\n<p class="" data-start="281" data-end="363">&nbsp;<strong data-start="305" data-end="321">6:30PM &ndash; 9PM</strong><br data-start="321" data-end="324" /><strong data-start="327" data-end="363">Milnerton High School, Cape Town</strong></p>\r\n<p class="" data-start="365" data-end="456">Connect with industry leaders, finance experts, and entrepreneurs driving growth in Africa.</p>\r\n<p class="" data-start="458" data-end="512"> <a class="cursor-pointer" rel="noopener" data-start="461" data-end="476">info@bbgi.co.za</a><br data-start="476" data-end="479" />@blackbusinessgrowthinitiative</p>\r\n<p class="" data-start="514" data-end="614">&nbsp;</p>	Milnerton High School Conference Centre,	48 Pienaar Road, Cape Town, WC, 7441, South Africa	-33.8729434,18.4971753	0	\N	2025-06-26 16:30:07+00	2025-06-26 19:00:07+00	Completed	cbc243ff-6667-4a37-86ca-6ac0e06ee9e3	29	BBGI 2025: Working & Thriving in Africa\r\nJoin us for a powerful evening focused on practical financial solutions for business success across the continent.	info@bbgi.co.za	0658622202
\.


--
-- Data for Name: events_eventorganisor; Type: TABLE DATA; Schema: public; Owner: thomas
--

COPY public.events_eventorganisor (id, created, updated, full_name, organisor_phone_one, organisor_email, event_id) FROM stdin;
d82c6b5f-8dc6-430d-aff4-5c158365a84b	2024-09-11 20:36:25.247757+00	2024-09-11 20:37:02.219417+00	Zolisa Magadla	+27608643737	events@bbgi.co.za	717eaa58-7419-4917-9484-b1a96225a062
a1d9cfff-cfaf-4243-9214-379c6ab39769	2025-02-12 15:15:33.012818+00	2025-02-12 15:15:33.01284+00	BBGI Events	\N	info@bbgi.co.za	37eb4c3f-58c3-4845-9d42-8ec91dc7452e
5efb6c10-6387-43f3-b2e5-5d4c221a701d	2025-05-15 12:24:32.055243+00	2025-05-15 12:24:32.055266+00	BBGI	0658622202	info@bbgi.co.za	daf86b68-62c5-429e-9161-d393a668e917
\.


--
-- Data for Name: events_eventreview; Type: TABLE DATA; Schema: public; Owner: thomas
--

COPY public.events_eventreview (id, created, updated, rating_value, commenter_email, commenter_full_names, comment_title, comment, commenter_id, event_id) FROM stdin;
a4789a2c-e60f-418b-8e74-769fb3de3829	2025-02-28 18:14:15.327772+00	2025-02-28 18:14:15.327812+00	5	Victoria@kudusigma.com	Victoria	Connecting Through Love	BBGI organization is a real Game Changer, the team's level of engagement and commitment to this great initiatives is that of a higher value and standard . As a first time visitor, l found it very easy to engage and connect. I am also challenged by the level of authenticity and vulnerability, very encouraging and thoughts provoking.	\N	37eb4c3f-58c3-4845-9d42-8ec91dc7452e
c4215ccc-56f5-4433-bf4b-94759aa8d3c4	2025-02-28 19:57:33.363003+00	2025-02-28 19:57:33.363044+00	5	snyombolo@gmail.com	Sazi nyombolo	Watch the Space BBGi is home	A Big Yes.. business owners, entrepreneurs, start up and Professional this is your home..	\N	37eb4c3f-58c3-4845-9d42-8ec91dc7452e
84378180-fa1b-4895-844d-caac24c8d1cb	2025-03-01 10:58:59.660494+00	2025-03-01 10:58:59.660515+00	5	sazi.ndwandwa@gmail.com	Sazi Ndwandwa	Authentic and practical conversations!	I'm part of the organizing team. So I am probably biased.\r\n\r\nThe event was insightful and the panelists gave some great perspectives that were practical.\r\n\r\nThe audience participated from the get to and what was to be a panel Discussion became a group conversation!\r\n\r\nThis is what I love about the BBGI events and this is why we keep hosting them - authentic, vulnerable, and practica conversations!	2	37eb4c3f-58c3-4845-9d42-8ec91dc7452e
ff4f230b-978b-4c62-a2ab-d1665b178199	2025-03-12 17:01:34.962109+00	2025-03-12 17:01:34.962153+00	5	sazi.ndwandwa@gmail.com	Sazi Ndwandwa	Authentic and practical conversations!	I'm part of the organizing team. So I am probably biased.\r\n\r\nThe event was insightful and the panelists gave some great perspectives that were practical.\r\n\r\nThe audience participated from the get to and what was to be a panel Discussion became a group conversation!\r\n\r\nThis is what I love about the BBGI events and this is why we keep hosting them - authentic, vulnerable, and practica conversations!	\N	37eb4c3f-58c3-4845-9d42-8ec91dc7452e
\.


--
-- Data for Name: events_eventtickettypemodel; Type: TABLE DATA; Schema: public; Owner: thomas
--

COPY public.events_eventtickettypemodel (id, created, updated, title, available_seats, sale_start, sale_end, price, transaction_cost, total_price, event_id) FROM stdin;
a55bc994-cc14-4bad-a0da-3d52bebf581f	2024-08-22 20:58:26.526771+00	2024-09-25 08:46:28.248741+00	1 Adult + kids	302	2024-09-25 08:40:49+00	2024-10-19 13:00:00+00	120.00	3.60	123.60	717eaa58-7419-4917-9484-b1a96225a062
f8c7dfc4-cc7d-4efe-b16c-6a2f96815e3b	2024-11-14 12:47:38.102532+00	2024-11-27 07:17:56.984658+00	BBGI subscriber	22	2024-11-27 07:20:27+00	2024-11-27 18:00:00+00	0.00	0.00	0.00	1d2ee013-c950-418b-8203-372c0dc6d29e
6370caff-3f92-4555-9ade-55b6a8dfa30b	2024-09-04 03:57:58.949661+00	2024-10-22 20:52:00.706148+00	Individual Ticket	61	2024-10-22 20:54:38+00	2024-10-30 17:15:00+00	210.00	6.30	216.30	81fbce18-bd33-4984-8dde-d0803b863af4
0d49e442-54c3-4f20-a977-312d46f1dfa6	2024-11-06 04:23:57.875006+00	2024-11-27 07:17:56.982896+00	Non-affiliate	31	2024-11-27 07:20:33+00	2024-11-27 18:00:00+00	200.00	6.00	206.00	1d2ee013-c950-418b-8203-372c0dc6d29e
02efdcd1-b3bf-4979-9ee2-b64c62c4c1e2	2024-11-14 12:47:38.099012+00	2024-11-27 07:17:56.981783+00	BMF / Sister Space Africa/ Ubumbo/ Spartans Soccer Club Member	25	2024-11-27 07:20:36+00	2024-11-27 18:00:00+00	0.00	0.00	0.00	1d2ee013-c950-418b-8203-372c0dc6d29e
a12a498d-69a4-4fc1-b07f-bb6aee964acc	2024-11-14 12:57:16.934809+00	2024-11-27 07:17:56.983828+00	Sponsors - GoldOurs. SMTax. Noble. Personal Trust	21	2024-11-27 07:20:31+00	2024-11-27 18:00:00+00	0.00	0.00	0.00	1d2ee013-c950-418b-8203-372c0dc6d29e
02ee1814-3aef-49da-9ab6-190a48906271	2025-05-14 10:30:25.452004+00	2025-05-14 10:30:25.452021+00	Sponsors and Partners Ticket	60	2025-05-14 10:30:17+00	2025-05-29 16:00:52+00	100.00	3.00	103.00	daf86b68-62c5-429e-9161-d393a668e917
4ce2cfe7-adad-4247-bb43-4481f14fa4db	2025-02-13 05:26:07.33395+00	2025-02-13 05:36:45.679193+00	Early Bird Ticket	60	2025-02-13 06:00:20+00	2025-02-17 18:00:27+00	150.00	4.50	154.50	37eb4c3f-58c3-4845-9d42-8ec91dc7452e
811588d6-68a4-4f34-9559-557e6d5b3bc9	2025-02-13 05:28:52.502711+00	2025-02-13 05:28:52.502728+00	Partners and Sponsors Ticket: Sister Space, BMF, Noble Consulting, SMTax, GoldOurs, Elalini, Personal Trust, Lelo's Tasty Foods	67	2025-02-13 05:28:20+00	2025-02-26 16:00:29+00	100.00	3.00	103.00	37eb4c3f-58c3-4845-9d42-8ec91dc7452e
837bb246-a47f-4081-9f2f-5729f58d4446	2025-02-05 14:49:12.955836+00	2025-02-05 14:49:12.955856+00	Individual Ticket	122	2025-02-05 14:47:23+00	2025-02-26 17:30:51+00	210.00	6.30	216.30	37eb4c3f-58c3-4845-9d42-8ec91dc7452e
706b7b26-0b98-4d6a-ad6a-4d47ba5a601b	2025-02-26 14:36:42.481161+00	2025-02-28 14:47:50.221541+00	Sponsors and Partners Tickets: BMF, SisterSpace, SMTax, eLalini, Lelo's Tasty Foods, DrinksNil, Noble Advisory, Goldours and Personal Trust	67	2025-02-26 16:00:57+00	2025-03-27 16:30:18+00	100.00	3.00	103.00	94595c09-fcef-49af-ae64-43d0cb29929f
925397ac-0384-4d87-8664-ad9160f5d2a3	2025-02-26 14:41:22.145755+00	2025-03-19 08:13:23.202142+00	Standard Ticket	66	2025-02-26 16:30:53+00	2025-03-27 16:30:02+00	0.00	0.00	0.00	94595c09-fcef-49af-ae64-43d0cb29929f
65c16267-e8cc-486f-92c1-4d89e4f95073	2025-05-13 13:07:02.494284+00	2025-05-13 13:07:02.494315+00	Standard Ticket	60	2025-05-13 13:06:30+00	2025-05-29 16:30:42+00	150.00	4.50	154.50	daf86b68-62c5-429e-9161-d393a668e917
\.


--
-- Data for Name: events_ticketmodel; Type: TABLE DATA; Schema: public; Owner: thomas
--

COPY public.events_ticketmodel (id, created, updated, guest_full_name, guest_email, guest_phone_number, quantity, barcode_value, barcode_image, qrcode_url, qrcode_image, ticket_order_id, ticket_type_id, scanned, scanned_at) FROM stdin;
accfc321-b4c4-43bf-8afb-e91fc4f09081	2024-09-25 08:36:27.293699+00	2024-09-25 08:36:27.293717+00	Sazi Ndwandwa	sazi.ndwandwa@gmail.com	\N	1	\N		https://bbgi.co.za/ticket-types/verify/BBGI20249/accfc321-b4c4-43bf-8afb-e91fc4f09081	tickets/qrcodes/BBGI20249_qrcode.png	322725c0-fa16-436d-b751-330165a178ad	a55bc994-cc14-4bad-a0da-3d52bebf581f	f	\N
8aee382a-dec3-4344-94f9-46d23876030c	2024-11-06 15:07:19.347983+00	2024-11-06 15:07:19.348026+00	Mr S Ndwandwa	sazi.ndwandwa@gmail.com	\N	1	\N		https://bbgi.co.za/ticket-types/verify/BBGI202411/8aee382a-dec3-4344-94f9-46d23876030c	tickets/qrcodes/BBGI202411_qrcode.png	fd3e42ea-eeb8-4b11-baea-8f754b7731da	0d49e442-54c3-4f20-a977-312d46f1dfa6	f	\N
4c9d2bcd-eed1-4c64-8f38-8bcfbab00858	2024-11-26 12:18:20.839411+00	2024-11-26 12:18:20.839434+00	Ndyebokazi Nyiki	thozamile.nyiki@gmail.com	\N	1	\N		https://bbgi.co.za/ticket-types/verify/BBGI20241110/4c9d2bcd-eed1-4c64-8f38-8bcfbab00858	tickets/qrcodes/BBGI20241110_qrcode.png	adf66d89-5d66-4034-b59d-b4b72685ed26	f8c7dfc4-cc7d-4efe-b16c-6a2f96815e3b	f	\N
d40fd764-3738-4385-b04b-81dcff574c8c	2024-11-24 18:25:39.428488+00	2024-11-24 18:25:39.428502+00	Mzwandile Nomandla	zwainomandla@gmail.com	\N	1	\N		https://www.bbgi.co.za/ticket-types/verify/BBGI2024117/d40fd764-3738-4385-b04b-81dcff574c8c	tickets/qrcodes/BBGI2024117_qrcode.png	246acb84-5d2c-46dd-ba4c-5c3a137316ac	0d49e442-54c3-4f20-a977-312d46f1dfa6	f	\N
de8be40a-9382-4b7f-a113-a8a8ab1f8774	2024-11-14 12:59:15.537727+00	2024-11-14 12:59:15.537744+00	Pat Anderson	patphetido@gmail.com	\N	1	\N		https://bbgi.co.za/ticket-types/verify/BBGI202411/de8be40a-9382-4b7f-a113-a8a8ab1f8774	tickets/qrcodes/BBGI202411_qrcode.png	77009e6a-5d02-42f3-9917-b0dc80062093	a12a498d-69a4-4fc1-b07f-bb6aee964acc	f	\N
d2505470-16fd-48c7-8a1e-5838ddfc7b90	2024-11-14 12:59:18.584802+00	2024-11-14 12:59:18.58482+00	Zinziswa Buswana	zinziswamandobe@gmail.com	\N	1	\N		https://bbgi.co.za/ticket-types/verify/BBGI2024112/d2505470-16fd-48c7-8a1e-5838ddfc7b90	tickets/qrcodes/BBGI2024112_qrcode.png	7dc552bc-d3db-4674-9e06-37ba2b219fa5	a12a498d-69a4-4fc1-b07f-bb6aee964acc	f	\N
75d957cf-b70c-4b0c-9f20-eba044589891	2024-11-14 12:59:40.651696+00	2024-11-14 12:59:40.65172+00	Inga Sitoto	ingastoto@gmail.com	\N	1	\N		https://bbgi.co.za/ticket-types/verify/BBGI2024113/75d957cf-b70c-4b0c-9f20-eba044589891	tickets/qrcodes/BBGI2024113_qrcode.png	f383c853-ae8e-4d6c-8c4e-a1c357048984	a12a498d-69a4-4fc1-b07f-bb6aee964acc	f	\N
88a9e6d1-8897-4aaa-bfca-cf60c724e3a5	2024-11-15 13:03:08.899144+00	2024-11-15 13:03:08.899165+00	Sonwabile Xwayi	xwayis@gmail.com	\N	1	\N		https://bbgi.co.za/ticket-types/verify/BBGI2024114/88a9e6d1-8897-4aaa-bfca-cf60c724e3a5	tickets/qrcodes/BBGI2024114_qrcode.png	02d6f76d-1bd6-477a-9453-b6469844c1ff	02efdcd1-b3bf-4979-9ee2-b64c62c4c1e2	f	\N
35a02230-1317-41d6-880c-8d34d75e6db5	2024-11-21 10:26:07.209348+00	2024-11-21 10:26:07.209361+00	Lebohang Mosia	Lebohang15@icloud.com	\N	1	\N		https://bbgi.co.za/ticket-types/verify/BBGI2024116/35a02230-1317-41d6-880c-8d34d75e6db5	tickets/qrcodes/BBGI2024116_qrcode.png	c0adfa8c-42db-49f0-a357-812da9461273	f8c7dfc4-cc7d-4efe-b16c-6a2f96815e3b	f	\N
69b474d0-2034-4b84-80ee-64300174b4d3	2024-11-21 10:26:07.209469+00	2024-11-21 10:26:07.209477+00	Akhona Mqanda	Lebohang15@icloud.com	\N	1	\N		https://bbgi.co.za/ticket-types/verify/BBGI2024116/69b474d0-2034-4b84-80ee-64300174b4d3	tickets/qrcodes/BBGI2024116_qrcode.png	c0adfa8c-42db-49f0-a357-812da9461273	f8c7dfc4-cc7d-4efe-b16c-6a2f96815e3b	f	\N
7be740ba-f6b4-4aba-8298-d8bd936ec23f	2024-11-26 13:31:41.778996+00	2024-11-26 13:31:41.779014+00	AFIKILE SIWA	siwa.afikile@goldours.co.za	\N	1	\N		https://www.bbgi.co.za/ticket-types/verify/BBGI20241112/7be740ba-f6b4-4aba-8298-d8bd936ec23f	tickets/qrcodes/BBGI20241112_qrcode.png	617199dd-2aba-41eb-b798-83a065ed3f95	a12a498d-69a4-4fc1-b07f-bb6aee964acc	f	\N
92459511-b2b4-4065-93a6-aad337f292a7	2024-11-26 04:02:45.472445+00	2024-11-26 04:02:45.472454+00	Notukela Makohliso	notukela@gmail.com	\N	1	\N		https://www.bbgi.co.za/ticket-types/verify/BBGI2024117/92459511-b2b4-4065-93a6-aad337f292a7	tickets/qrcodes/BBGI2024117_qrcode.png	66c7a8ff-f95d-4303-82cf-c0a72f95a0fd	02efdcd1-b3bf-4979-9ee2-b64c62c4c1e2	f	\N
2235de75-9e68-4db0-b100-89d451a7707a	2024-11-26 04:02:45.472365+00	2024-11-26 04:02:45.472375+00	Notukela Makohliso	notukela@gmail.com	\N	1	\N		https://www.bbgi.co.za/ticket-types/verify/BBGI2024117/2235de75-9e68-4db0-b100-89d451a7707a	tickets/qrcodes/BBGI2024117_qrcode.png	66c7a8ff-f95d-4303-82cf-c0a72f95a0fd	02efdcd1-b3bf-4979-9ee2-b64c62c4c1e2	f	\N
ad726273-9a1f-428e-81b9-84dbfe8c729b	2024-11-26 04:02:45.47222+00	2024-11-26 04:02:45.472243+00	Notukela Makohliso	notukela@gmail.com	\N	1	\N		https://www.bbgi.co.za/ticket-types/verify/BBGI2024117/ad726273-9a1f-428e-81b9-84dbfe8c729b	tickets/qrcodes/BBGI2024117_qrcode.png	66c7a8ff-f95d-4303-82cf-c0a72f95a0fd	02efdcd1-b3bf-4979-9ee2-b64c62c4c1e2	f	\N
4dea3cd1-aa99-4c67-8bcd-f8ce2f74e8cc	2024-11-22 03:25:18.526468+00	2024-11-22 03:25:18.526486+00	Asiphe Kwaikwai	asiphekwaikwai@gmail.com	\N	1	\N		https://bbgi.co.za/ticket-types/verify/BBGI20241111/4dea3cd1-aa99-4c67-8bcd-f8ce2f74e8cc	tickets/qrcodes/BBGI20241111_qrcode.png	93b1880d-e7b8-4ce6-a140-6e0a6a42a6a2	02efdcd1-b3bf-4979-9ee2-b64c62c4c1e2	f	\N
ec5dd095-0d97-48c1-bd8e-08fc86201a91	2024-11-22 03:25:18.526603+00	2024-11-22 03:25:18.52661+00	Asiphe Kwaikwai	asiphekwaikwai@gmail.com	\N	1	\N		https://bbgi.co.za/ticket-types/verify/BBGI20241111/ec5dd095-0d97-48c1-bd8e-08fc86201a91	tickets/qrcodes/BBGI20241111_qrcode.png	93b1880d-e7b8-4ce6-a140-6e0a6a42a6a2	02efdcd1-b3bf-4979-9ee2-b64c62c4c1e2	f	\N
a28a0911-3b36-4a47-b588-d89d4bba18de	2024-11-26 05:18:26.05931+00	2024-11-26 05:18:26.059347+00	Namhla Mtandabuzo	qotoyina@gmail.com	\N	1	\N		https://bbgi.co.za/ticket-types/verify/BBGI2024119/a28a0911-3b36-4a47-b588-d89d4bba18de	tickets/qrcodes/BBGI2024119_qrcode.png	dd661daf-05a5-438d-9a4b-ab22003459b3	f8c7dfc4-cc7d-4efe-b16c-6a2f96815e3b	f	\N
148c622a-1f08-4f12-8e80-6c61376bec6c	2024-11-26 16:46:22.765392+00	2024-11-26 16:46:22.765438+00	Rosley Sibanda	opulentrosley@gmail.com	\N	1	\N		https://bbgi.co.za/ticket-types/verify/BBGI20241115/148c622a-1f08-4f12-8e80-6c61376bec6c	tickets/qrcodes/BBGI20241115_qrcode.png	6b9320ee-d6f9-4d6a-b65c-6a1570fbbed4	0d49e442-54c3-4f20-a977-312d46f1dfa6	f	\N
2222b728-c800-42a2-a40c-ea8f36124260	2024-11-26 12:18:20.839535+00	2024-11-26 12:18:20.839542+00	Thozamile Nyiki	thozamile.nyiki@gmail.com	\N	1	\N		https://bbgi.co.za/ticket-types/verify/BBGI20241110/2222b728-c800-42a2-a40c-ea8f36124260	tickets/qrcodes/BBGI20241110_qrcode.png	adf66d89-5d66-4034-b59d-b4b72685ed26	f8c7dfc4-cc7d-4efe-b16c-6a2f96815e3b	f	\N
e9c1ed42-e345-464d-bc76-17fdd379da54	2024-11-26 13:33:00.795145+00	2024-11-26 13:33:00.79516+00	Asive Sipondo	asive.sipondo@goldours.co.za	\N	1	\N		https://www.bbgi.co.za/ticket-types/verify/BBGI20241113/e9c1ed42-e345-464d-bc76-17fdd379da54	tickets/qrcodes/BBGI20241113_qrcode.png	0067cf93-6ee1-4b20-8c6a-955d669be86b	a12a498d-69a4-4fc1-b07f-bb6aee964acc	f	\N
80b86011-dd2a-4a6b-854b-bad3ff6ae25d	2024-11-26 13:42:34.5459+00	2024-11-26 13:42:34.545919+00	Owona Madlingozi	owonamadlingozi@gmail.com	\N	1	\N		https://bbgi.co.za/ticket-types/verify/BBGI20241114/80b86011-dd2a-4a6b-854b-bad3ff6ae25d	tickets/qrcodes/BBGI20241114_qrcode.png	f40eee04-ace1-44f4-ba78-fcdf6b0549ab	02efdcd1-b3bf-4979-9ee2-b64c62c4c1e2	f	\N
59c4267d-26cb-4841-9065-76d5f5c2709e	2024-11-26 17:53:29.801398+00	2024-11-26 17:53:29.80143+00	Phetheni Nconco	nconco.phetheni@gmail.com	\N	1	\N		https://www.bbgi.co.za/ticket-types/verify/BBGI20241118/59c4267d-26cb-4841-9065-76d5f5c2709e	tickets/qrcodes/BBGI20241118_qrcode.png	a8633f78-f25a-4d3c-8203-0341cfa5ec58	0d49e442-54c3-4f20-a977-312d46f1dfa6	f	\N
69e4336b-faba-4cc5-b875-42d18382eddb	2024-11-26 17:53:29.801571+00	2024-11-26 17:53:29.801585+00	Phetheni Nconco	nconco.phetheni@gmail.com	\N	1	\N		https://www.bbgi.co.za/ticket-types/verify/BBGI20241118/69e4336b-faba-4cc5-b875-42d18382eddb	tickets/qrcodes/BBGI20241118_qrcode.png	a8633f78-f25a-4d3c-8203-0341cfa5ec58	0d49e442-54c3-4f20-a977-312d46f1dfa6	f	\N
90934bfd-49a7-4778-be00-00f0186e2ae6	2024-11-27 09:56:54.445533+00	2024-11-27 09:56:54.445547+00	Siyabulela Msizi	msizi.siyabulela@gmail.com	\N	1	\N		https://bbgi.co.za/ticket-types/verify/BBGI20241118/90934bfd-49a7-4778-be00-00f0186e2ae6	tickets/qrcodes/BBGI20241118_qrcode.png	b9bcca9d-cbd8-4e77-81d4-bf532478212f	f8c7dfc4-cc7d-4efe-b16c-6a2f96815e3b	f	\N
0c5a7c37-c947-48bd-87bd-d4762cac1e68	2024-11-27 10:31:41.866474+00	2024-11-27 10:31:41.866499+00	Sazi Nyombolo	snyombolo@gmail.com	\N	1	\N		https://www.bbgi.co.za/ticket-types/verify/BBGI20241120/0c5a7c37-c947-48bd-87bd-d4762cac1e68	tickets/qrcodes/BBGI20241120_qrcode.png	8a027b12-cf7d-4440-955d-a96604931b46	02efdcd1-b3bf-4979-9ee2-b64c62c4c1e2	f	\N
324bfaf6-a8d6-4d4d-ae89-b2c447e951eb	2024-11-27 11:35:21.515283+00	2024-11-27 11:35:21.5153+00	Sinako Nyombolo	sinakonyombolo@outlook.com	\N	1	\N		https://bbgi.co.za/ticket-types/verify/BBGI20241121/324bfaf6-a8d6-4d4d-ae89-b2c447e951eb	tickets/qrcodes/BBGI20241121_qrcode.png	30ca9b21-1ae7-4cca-a3a9-6aa4b0717152	02efdcd1-b3bf-4979-9ee2-b64c62c4c1e2	f	\N
a4ebaf58-89c2-4a5c-aa44-08b291e396a5	2024-11-27 11:35:21.515411+00	2024-11-27 11:35:21.51542+00	Sinako Nyombolo	sinakonyombolo@outlook.com	\N	1	\N		https://bbgi.co.za/ticket-types/verify/BBGI20241121/a4ebaf58-89c2-4a5c-aa44-08b291e396a5	tickets/qrcodes/BBGI20241121_qrcode.png	30ca9b21-1ae7-4cca-a3a9-6aa4b0717152	02efdcd1-b3bf-4979-9ee2-b64c62c4c1e2	f	\N
f1aca840-ca57-4565-9e28-9b856dd54951	2024-11-27 11:39:46.743665+00	2024-11-27 11:39:46.743679+00	Salathiso Ndwandwa	Salathiso@gmail.com	\N	1	\N		https://www.bbgi.co.za/ticket-types/verify/BBGI20241122/f1aca840-ca57-4565-9e28-9b856dd54951	tickets/qrcodes/BBGI20241122_qrcode.png	6efe362e-bb39-4482-b9b0-c2ecaba66add	0d49e442-54c3-4f20-a977-312d46f1dfa6	f	\N
91787cd4-afd1-4360-b85f-7ae76dc161e9	2024-11-27 12:04:58.661176+00	2024-11-27 12:04:58.661189+00	Nandipha Tuku	nandiphalufuno.tuku@gmail.com	\N	1	\N		https://bbgi.co.za/ticket-types/verify/BBGI20241123/91787cd4-afd1-4360-b85f-7ae76dc161e9	tickets/qrcodes/BBGI20241123_qrcode.png	26bf1364-3ef2-41b8-be01-7cfae78f04b8	02efdcd1-b3bf-4979-9ee2-b64c62c4c1e2	f	\N
13bedd07-c0d4-448b-a65b-a18e5248c211	2024-11-27 12:04:58.66127+00	2024-11-27 12:04:58.661276+00	Bulelwa Lamfiti	nandiphalufuno.tuku@gmail.com	\N	1	\N		https://bbgi.co.za/ticket-types/verify/BBGI20241123/13bedd07-c0d4-448b-a65b-a18e5248c211	tickets/qrcodes/BBGI20241123_qrcode.png	26bf1364-3ef2-41b8-be01-7cfae78f04b8	02efdcd1-b3bf-4979-9ee2-b64c62c4c1e2	f	\N
a09a4fbf-98ed-4586-94ee-f6e04fc81066	2024-11-27 13:02:40.373613+00	2024-11-27 13:02:40.373652+00	Sihle Mtwa	Mtwalu@gmail.com	\N	1	\N		https://bbgi.co.za/ticket-types/verify/BBGI20241124/a09a4fbf-98ed-4586-94ee-f6e04fc81066	tickets/qrcodes/BBGI20241124_qrcode.png	51190392-b677-4d74-bb18-0a7875af5eba	02efdcd1-b3bf-4979-9ee2-b64c62c4c1e2	f	\N
b31baf6a-4d50-4488-8611-36702abb3061	2024-11-27 13:42:53.850484+00	2024-11-27 13:42:53.850498+00	Aidan Liggett	aidan.liggett@gmail.com	\N	1	\N		https://bbgi.co.za/ticket-types/verify/BBGI20241125/b31baf6a-4d50-4488-8611-36702abb3061	tickets/qrcodes/BBGI20241125_qrcode.png	28086732-5f65-4085-990c-f9e77f9369d6	f8c7dfc4-cc7d-4efe-b16c-6a2f96815e3b	f	\N
cf78c5aa-7a8e-478f-98e8-c3bcc3f20fde	2024-11-27 13:42:53.850576+00	2024-11-27 13:42:53.850582+00	Aidan Liggett	aidan.liggett@gmail.com	\N	1	\N		https://bbgi.co.za/ticket-types/verify/BBGI20241125/cf78c5aa-7a8e-478f-98e8-c3bcc3f20fde	tickets/qrcodes/BBGI20241125_qrcode.png	28086732-5f65-4085-990c-f9e77f9369d6	f8c7dfc4-cc7d-4efe-b16c-6a2f96815e3b	f	\N
17211574-33c0-4e23-8007-cd0804418fff	2025-02-24 11:04:18.685664+00	2025-02-24 11:04:18.685671+00	Ms Inga Sitoto	inga.sitoto@goldours.co.za	\N	1	\N		https://bbgi.co.za/ticket-types/verify/BBGI202527/17211574-33c0-4e23-8007-cd0804418fff	tickets/qrcodes/BBGI202527_qrcode.png	cc5a61cd-3a0c-4b64-a2da-d67e3420c93f	811588d6-68a4-4f34-9559-557e6d5b3bc9	f	\N
be13cb14-ea2a-436b-a6a3-375bc864ce17	2025-02-24 11:04:18.685725+00	2025-02-24 11:04:18.685733+00	Mr. Samuel Qalazive	samuel.qalazive@goldours.co.za	\N	1	\N		https://bbgi.co.za/ticket-types/verify/BBGI202527/be13cb14-ea2a-436b-a6a3-375bc864ce17	tickets/qrcodes/BBGI202527_qrcode.png	cc5a61cd-3a0c-4b64-a2da-d67e3420c93f	811588d6-68a4-4f34-9559-557e6d5b3bc9	f	\N
1752e97e-d2fe-46a1-a908-4782f0ba15b5	2025-02-26 09:20:18.692078+00	2025-02-26 09:20:18.69211+00	Busi Mgbemena	busi@reflectcoaching.co.za	\N	1	\N		https://bbgi.co.za/ticket-types/verify/BBGI202522/1752e97e-d2fe-46a1-a908-4782f0ba15b5	tickets/qrcodes/BBGI202522_qrcode.png	f4e65439-851c-4633-8d6f-3b5a54c43ef4	811588d6-68a4-4f34-9559-557e6d5b3bc9	f	\N
033b241b-84bd-4bf5-839d-a08798b575bb	2025-02-26 15:23:08.729755+00	2025-02-26 15:23:08.729785+00	Salathiso Ndwandwa	Salathiso@gmail.com	\N	1	\N		https://bbgi.co.za/ticket-types/verify/BBGI202529/033b241b-84bd-4bf5-839d-a08798b575bb	tickets/qrcodes/BBGI202529_qrcode.png	9751df41-8012-43ba-99c1-ec02a156535d	811588d6-68a4-4f34-9559-557e6d5b3bc9	f	\N
a1b4982f-dc27-4dfb-a9ec-8e8045b1081b	2025-02-09 13:55:15.637395+00	2025-02-09 13:55:15.637457+00	Victoria Machete	victoria@kudusigma.com	\N	1	\N		https://bbgi.co.za/ticket-types/verify/BBGI202521/a1b4982f-dc27-4dfb-a9ec-8e8045b1081b	tickets/qrcodes/BBGI202521_qrcode.png	c4d0bcd4-1225-4cff-9a1d-499648088d18	837bb246-a47f-4081-9f2f-5729f58d4446	f	\N
6234744f-e39f-4cf9-9d43-1c98d1bc512d	2025-02-26 11:33:52.158153+00	2025-02-26 11:33:52.158179+00	Nkosi Ndwandwa	nkosi.ndwandwa@gmail.com	\N	1	\N		https://www.bbgi.co.za/ticket-types/verify/BBGI202523/6234744f-e39f-4cf9-9d43-1c98d1bc512d	tickets/qrcodes/BBGI202523_qrcode.png	740ea4e6-b9ca-4a63-96c5-cbcb076c41a6	837bb246-a47f-4081-9f2f-5729f58d4446	f	\N
102e4221-3f6c-4f9c-8ed8-b13d0466a19a	2025-02-13 17:14:44.501975+00	2025-02-13 17:14:44.502006+00	Khethokuhle Ndimande	khethokuhlendimande98@gmail.com	\N	1	\N		https://www.bbgi.co.za/ticket-types/verify/BBGI202521/102e4221-3f6c-4f9c-8ed8-b13d0466a19a	tickets/qrcodes/BBGI202521_qrcode.png	6df30300-bd7a-4e21-9972-31550a33fa9b	811588d6-68a4-4f34-9559-557e6d5b3bc9	f	\N
f729e8fe-5d60-46ca-aa36-03990e73f374	2025-02-17 23:43:53.469542+00	2025-02-17 23:43:53.469563+00	Chuma Nombewu	chumaigh@gmail.com	\N	1	\N		https://bbgi.co.za/ticket-types/verify/BBGI202524/f729e8fe-5d60-46ca-aa36-03990e73f374	tickets/qrcodes/BBGI202524_qrcode.png	12921af1-bb96-494a-b0e3-04fd132bda0b	811588d6-68a4-4f34-9559-557e6d5b3bc9	f	\N
66221e08-4c42-49a2-8b71-59e4bd138261	2025-02-26 12:13:39.014275+00	2025-02-26 12:13:39.014297+00	Thulane Magoro	magoro.thulane@gmail.com	\N	1	\N		https://bbgi.co.za/ticket-types/verify/BBGI202524/66221e08-4c42-49a2-8b71-59e4bd138261	tickets/qrcodes/BBGI202524_qrcode.png	1a7a5c3e-0dde-4db7-8621-a46c4297a4d1	811588d6-68a4-4f34-9559-557e6d5b3bc9	f	\N
7f3b8e28-19bb-4f69-ac2f-acefee2a26e0	2025-02-26 12:13:39.014393+00	2025-02-26 12:13:39.014399+00	Thulane Magoro	magoro.thulane@gmail.com	\N	1	\N		https://bbgi.co.za/ticket-types/verify/BBGI202524/7f3b8e28-19bb-4f69-ac2f-acefee2a26e0	tickets/qrcodes/BBGI202524_qrcode.png	1a7a5c3e-0dde-4db7-8621-a46c4297a4d1	811588d6-68a4-4f34-9559-557e6d5b3bc9	f	\N
489cf9bf-7e82-4f7f-83f0-3107903c5c77	2025-02-24 11:04:18.685469+00	2025-02-24 11:04:18.685493+00	Mr S Ndwandwa	sazi.ndwandwa@gmail.com	\N	1	\N		https://bbgi.co.za/ticket-types/verify/BBGI202527/489cf9bf-7e82-4f7f-83f0-3107903c5c77	tickets/qrcodes/BBGI202527_qrcode.png	cc5a61cd-3a0c-4b64-a2da-d67e3420c93f	811588d6-68a4-4f34-9559-557e6d5b3bc9	f	\N
8558db7f-4a1d-49fc-b2c7-51ef9e8e91eb	2025-02-24 11:04:18.685599+00	2025-02-24 11:04:18.685607+00	Ms Pat Anderson	pat.anderson@goldours.co.za	\N	1	\N		https://bbgi.co.za/ticket-types/verify/BBGI202527/8558db7f-4a1d-49fc-b2c7-51ef9e8e91eb	tickets/qrcodes/BBGI202527_qrcode.png	cc5a61cd-3a0c-4b64-a2da-d67e3420c93f	811588d6-68a4-4f34-9559-557e6d5b3bc9	f	\N
01ae1b61-1334-42ff-9c00-d88dab89cc7e	2025-02-25 18:57:27.219418+00	2025-02-25 18:57:27.219438+00	Sonwabile Xwayi	xwayis@gmail.com	\N	1	\N		https://www.bbgi.co.za/ticket-types/verify/BBGI20252/01ae1b61-1334-42ff-9c00-d88dab89cc7e	tickets/qrcodes/BBGI20252_qrcode.png	954d4261-9035-4b83-a326-35bbc5592c4d	811588d6-68a4-4f34-9559-557e6d5b3bc9	f	\N
bdc1a91c-82ec-4cef-a183-699b3016d619	2025-02-25 18:57:27.219598+00	2025-02-25 18:57:27.219607+00	Sonwabile Xwayi	xwayis@gmail.com	\N	1	\N		https://www.bbgi.co.za/ticket-types/verify/BBGI20252/bdc1a91c-82ec-4cef-a183-699b3016d619	tickets/qrcodes/BBGI20252_qrcode.png	954d4261-9035-4b83-a326-35bbc5592c4d	811588d6-68a4-4f34-9559-557e6d5b3bc9	f	\N
283f948f-8fa2-4740-b5a1-eb98606ee25b	2025-02-26 15:01:07.421752+00	2025-02-26 15:01:07.421782+00	Lehlohonolo Tsotetsi	ltsotetsi4@gmail.com	\N	1	\N		https://bbgi.co.za/ticket-types/verify/BBGI202522/283f948f-8fa2-4740-b5a1-eb98606ee25b	tickets/qrcodes/BBGI202522_qrcode.png	bd723afa-3c5d-48b0-ad75-4b1bcb23692a	837bb246-a47f-4081-9f2f-5729f58d4446	f	\N
860fa3bd-7e2a-4e5a-9c4c-00410a804c35	2025-02-28 15:36:03.925761+00	2025-02-28 15:36:03.925785+00	Mr S Ndwandwa	sazi.ndwandwa@gmail.com	\N	1	\N		https://bbgi.co.za/ticket-types/verify/BBGI2025210/860fa3bd-7e2a-4e5a-9c4c-00410a804c35	tickets/qrcodes/BBGI2025210_qrcode.png	98b42d6f-3682-454f-8a0e-35594ee70e8d	706b7b26-0b98-4d6a-ad6a-4d47ba5a601b	f	\N
899b5fac-bd9e-4d4b-ad04-7744e070485e	2025-02-28 15:36:03.926006+00	2025-02-28 15:36:03.926011+00	Samuel Qalazive	samuel.qalazive@godours.co.za	\N	1	\N		https://bbgi.co.za/ticket-types/verify/BBGI2025210/899b5fac-bd9e-4d4b-ad04-7744e070485e	tickets/qrcodes/BBGI2025210_qrcode.png	98b42d6f-3682-454f-8a0e-35594ee70e8d	706b7b26-0b98-4d6a-ad6a-4d47ba5a601b	f	\N
f6d6dcc8-38d3-43cf-a9bb-14771dc0add8	2025-02-28 15:36:03.925894+00	2025-02-28 15:36:03.925903+00	Patience Anderson	pat.anderson@goldours.co.za	\N	1	\N		https://bbgi.co.za/ticket-types/verify/BBGI2025210/f6d6dcc8-38d3-43cf-a9bb-14771dc0add8	tickets/qrcodes/BBGI2025210_qrcode.png	98b42d6f-3682-454f-8a0e-35594ee70e8d	706b7b26-0b98-4d6a-ad6a-4d47ba5a601b	f	\N
e78abc94-2d2b-49a5-b5e7-430863103877	2025-02-28 15:36:03.925959+00	2025-02-28 15:36:03.925965+00	Inga Sitoto	inga.sitoto@goldours.co.za	\N	1	\N		https://bbgi.co.za/ticket-types/verify/BBGI2025210/e78abc94-2d2b-49a5-b5e7-430863103877	tickets/qrcodes/BBGI2025210_qrcode.png	98b42d6f-3682-454f-8a0e-35594ee70e8d	706b7b26-0b98-4d6a-ad6a-4d47ba5a601b	f	\N
28da683a-4cfd-4bfc-8895-ad6d14a2d668	2025-03-19 08:15:24.111454+00	2025-03-19 08:15:24.111482+00	Kgaugelo Hlaka	kgaugeloh@gmail.com	\N	1	9834905582	tickets/barcodes/BBGI20253.png	https://bbgi.co.za/ticket-types/verify/BBGI20253/28da683a-4cfd-4bfc-8895-ad6d14a2d668	tickets/qrcodes/BBGI20253_qrcode.png	5b63d862-cc0e-4198-b4c3-d79d968b5d30	925397ac-0384-4d87-8664-ad9160f5d2a3	f	\N
\.


--
-- Data for Name: events_ticketordermodel; Type: TABLE DATA; Schema: public; Owner: thomas
--

COPY public.events_ticketordermodel (id, created, updated, payment_method_type, payment_method_card_holder, payment_method_masked_card, payment_method_scheme, payment_date, order_number, checkout_id, email, quantity, subtotal, total_price, total_transaction_costs, tip, accepted_laws, reservation_time, paid, tickets_pdf_file, buyer_id, event_id, receipt, client_address_one, client_address_two, client_city, client_country, client_email, client_first_name, client_last_name, client_phone, client_province, client_zipcode, discount, coupon_code, order_note) FROM stdin;
322725c0-fa16-436d-b751-330165a178ad	2024-09-25 08:36:27.278367+00	2024-09-25 08:38:11.533765+00	-	-	************0116	visa	2024-09-25T08:37:33.535471Z	BBGI202493	ch_dg1eZ5BOYqpuM9NHPy3sbBgB	sazi.ndwandwa@gmail.com	1	120.00	123.60	3.60	0.00	t	09:01:27.264977	PAID	tickets/pdf/BBGI20249_tickets_1PqOr7I.pdf	2	717eaa58-7419-4917-9484-b1a96225a062	tickets/invoice/BBGI202493_invoice_2ctc8eg.pdf	\N	\N	Cape Town	South Africa	sazi.ndwandwa@gmail.com	Sazi	Ndwandwa	0792131566	Western Cape	7441	0.00	BBGICP202496	\N
a8633f78-f25a-4d3c-8203-0341cfa5ec58	2024-11-26 17:53:29.779142+00	2024-11-26 18:00:48.156928+00	-	-	************9375	visa	2024-11-26T17:59:04.723524Z	BBGI20241119	ch_9Ee7lm3DBW8f42U3KNTr5YxD	nconco.phetheni@gmail.com	2	400.00	412.00	12.00	0.00	t	18:18:29.698252	PAID	tickets/pdf/BBGI20241118_tickets.pdf	62	1d2ee013-c950-418b-8203-372c0dc6d29e	tickets/invoice/BBGI20241119_invoice.pdf	\N	\N	\N	South Africa	nconco.phetheni@gmail.com	Phetheni	Nconco	0797110006	\N	\N	0.00	BBGICP20241141	
b9bcca9d-cbd8-4e77-81d4-bf532478212f	2024-11-27 09:56:54.428627+00	2024-11-27 09:57:03.397699+00	\N	\N	\N	\N	\N	BBGI20241118	\N	msizi.siyabulela@gmail.com	1	0.00	0.00	0.00	0.00	t	10:21:54.350116	PAID	tickets/pdf/BBGI20241118_tickets_y93WSAL.pdf	60	1d2ee013-c950-418b-8203-372c0dc6d29e		\N	\N	\N	South Africa	\N	\N	\N	\N	\N	\N	0.00	BBGICP20241143	\N
30ca9b21-1ae7-4cca-a3a9-6aa4b0717152	2024-11-27 11:35:21.496542+00	2024-11-27 11:35:29.79072+00	\N	\N	\N	\N	\N	BBGI20241121	\N	sinakonyombolo@outlook.com	2	0.00	0.00	0.00	0.00	t	12:00:21.42025	PAID	tickets/pdf/BBGI20241121_tickets.pdf	40	1d2ee013-c950-418b-8203-372c0dc6d29e		\N	\N	\N	South Africa	\N	\N	\N	\N	\N	\N	0.00	BBGICP20241146	\N
fd3e42ea-eeb8-4b11-baea-8f754b7731da	2024-11-06 15:07:19.314607+00	2024-11-07 01:23:13.471722+00	-	-	************0116	visa	2024-11-06T15:08:02.489614Z	BBGI2024111	ch_4LVK69wmDB3tBrZUb3zH2njE	sazi.ndwandwa@gmail.com	1	200.00	206.00	6.00	0.00	t	15:32:19.30112	PAID	tickets/pdf/BBGI202411_tickets_4dR8lKp.pdf	2	1d2ee013-c950-418b-8203-372c0dc6d29e	tickets/invoice/BBGI2024111_invoice.pdf	\N	\N	Cape Town	South Africa	sazi.ndwandwa@gmail.com	Sazi	Ndwandwa	0792131566	Western Cape	7441	0.00	BBGICP2024111	
8a027b12-cf7d-4440-955d-a96604931b46	2024-11-27 10:31:41.849284+00	2024-11-27 10:31:52.683851+00	\N	\N	\N	\N	\N	BBGI20241120	\N	snyombolo@gmail.com	1	0.00	0.00	0.00	0.00	t	10:56:41.770114	PAID	tickets/pdf/BBGI20241120_tickets.pdf	66	1d2ee013-c950-418b-8203-372c0dc6d29e		\N	\N	\N	South Africa	\N	\N	\N	\N	\N	\N	0.00	BBGICP20241145	\N
adf66d89-5d66-4034-b59d-b4b72685ed26	2024-11-26 12:18:20.79926+00	2024-11-26 12:18:44.225162+00	\N	\N	\N	\N	\N	BBGI20241110	\N	thozamile.nyiki@gmail.com	2	0.00	0.00	0.00	0.00	t	12:43:20.742049	PAID	tickets/pdf/BBGI20241110_tickets.pdf	39	1d2ee013-c950-418b-8203-372c0dc6d29e		\N	\N	\N	South Africa	\N	\N	\N	\N	\N	\N	0.00	BBGICP20241134	\N
6efe362e-bb39-4482-b9b0-c2ecaba66add	2024-11-27 11:39:46.729311+00	2024-11-27 11:42:25.766624+00	\N	\N	\N	\N	\N	BBGI20241122	ch_8EDJG7kJ8wOH50mFaGktMyrx	Salathiso@gmail.com	1	200.00	206.00	6.00	0.00	t	12:04:46.650063	PENDING	tickets/pdf/BBGI20241122_tickets.pdf	33	1d2ee013-c950-418b-8203-372c0dc6d29e		\N	\N	\N	South Africa	Salathiso@gmail.com	Salathiso	Ndwandwa	0671329096	\N	\N	0.00	BBGICP20241147	
26bf1364-3ef2-41b8-be01-7cfae78f04b8	2024-11-27 12:04:58.647467+00	2024-11-27 12:05:19.433878+00	\N	\N	\N	\N	\N	BBGI20241123	\N	nandiphalufuno.tuku@gmail.com	2	0.00	0.00	0.00	0.00	t	12:29:58.568263	PAID	tickets/pdf/BBGI20241123_tickets.pdf	67	1d2ee013-c950-418b-8203-372c0dc6d29e		\N	\N	\N	South Africa	\N	\N	\N	\N	\N	\N	0.00	BBGICP20241148	\N
93b1880d-e7b8-4ce6-a140-6e0a6a42a6a2	2024-11-22 03:25:18.51+00	2024-11-22 03:25:30.881253+00	\N	\N	\N	\N	\N	BBGI20241111	\N	asiphekwaikwai@gmail.com	2	0.00	0.00	0.00	0.00	t	03:50:18.459488	PAID	tickets/pdf/BBGI20241111_tickets.pdf	48	1d2ee013-c950-418b-8203-372c0dc6d29e		\N	\N	\N	South Africa	\N	\N	\N	\N	\N	\N	0.00	BBGICP20241129	\N
02d6f76d-1bd6-477a-9453-b6469844c1ff	2024-11-15 13:03:08.864441+00	2024-11-15 13:03:16.533004+00	\N	\N	\N	\N	\N	BBGI2024114	\N	xwayis@gmail.com	1	0.00	0.00	0.00	0.00	t	13:28:08.830614	PAID	tickets/pdf/BBGI2024114_tickets.pdf	42	1d2ee013-c950-418b-8203-372c0dc6d29e		\N	\N	\N	South Africa	\N	\N	\N	\N	\N	\N	0.00	BBGICP20241116	\N
51190392-b677-4d74-bb18-0a7875af5eba	2024-11-27 13:02:40.355932+00	2024-11-27 13:02:56.771808+00	\N	\N	\N	\N	\N	BBGI20241124	\N	Mtwalu@gmail.com	1	0.00	0.00	0.00	0.00	t	13:27:40.269875	PAID	tickets/pdf/BBGI20241124_tickets.pdf	68	1d2ee013-c950-418b-8203-372c0dc6d29e		\N	\N	\N	South Africa	\N	\N	\N	\N	\N	\N	0.00	BBGICP20241149	\N
77009e6a-5d02-42f3-9917-b0dc80062093	2024-11-14 12:59:15.518425+00	2024-11-14 12:59:42.085383+00	\N	\N	\N	\N	\N	BBGI202411	\N	patphetido@gmail.com	1	0.00	0.00	0.00	0.00	t	13:24:15.486883	PAID	tickets/pdf/BBGI202411_tickets.pdf	18	1d2ee013-c950-418b-8203-372c0dc6d29e		\N	\N	\N	South Africa	\N	\N	\N	\N	\N	\N	0.00	BBGICP20241113	\N
7dc552bc-d3db-4674-9e06-37ba2b219fa5	2024-11-14 12:59:18.567085+00	2024-11-14 12:59:42.463414+00	\N	\N	\N	\N	\N	BBGI2024112	\N	zinziswamandobe@gmail.com	1	0.00	0.00	0.00	0.00	t	13:24:18.530403	PAID	tickets/pdf/BBGI2024112_tickets_xbwHSzX.pdf	19	1d2ee013-c950-418b-8203-372c0dc6d29e		\N	\N	\N	South Africa	\N	\N	\N	\N	\N	\N	0.00	BBGICP20241114	\N
f383c853-ae8e-4d6c-8c4e-a1c357048984	2024-11-14 12:59:40.63554+00	2024-11-14 12:59:59.981192+00	\N	\N	\N	\N	\N	BBGI2024113	\N	ingastoto@gmail.com	1	0.00	0.00	0.00	0.00	t	13:24:40.583487	PAID	tickets/pdf/BBGI2024113_tickets.pdf	20	1d2ee013-c950-418b-8203-372c0dc6d29e		\N	\N	\N	South Africa	\N	\N	\N	\N	\N	\N	0.00	BBGICP20241115	\N
246acb84-5d2c-46dd-ba4c-5c3a137316ac	2024-11-24 18:25:39.404564+00	2024-11-24 18:28:07.489714+00	-	-	************8685	visa	2024-11-24T18:26:32.279389Z	BBGI2024118	ch_0Ll1BPpwnpVfWzvspRvfKmEV	zwainomandla@gmail.com	1	200.00	206.00	6.00	0.00	t	18:50:39.351745	PAID	tickets/pdf/BBGI2024117_tickets.pdf	17	1d2ee013-c950-418b-8203-372c0dc6d29e	tickets/invoice/BBGI2024118_invoice.pdf	\N	\N	\N	South Africa	zwainomandla@gmail.com	Mzwandile	Nomandla	0725502788	\N	\N	0.00	BBGICP20241131	
66c7a8ff-f95d-4303-82cf-c0a72f95a0fd	2024-11-26 04:02:45.427584+00	2024-11-26 04:03:02.961491+00	\N	\N	\N	\N	\N	BBGI2024117	\N	notukela@gmail.com	3	0.00	0.00	0.00	0.00	t	04:27:45.366756	PAID	tickets/pdf/BBGI2024117_tickets_mHLcKAQ.pdf	53	1d2ee013-c950-418b-8203-372c0dc6d29e		\N	\N	\N	South Africa	\N	\N	\N	\N	\N	\N	0.00	BBGICP20241132	\N
c0adfa8c-42db-49f0-a357-812da9461273	2024-11-21 10:26:07.19579+00	2024-11-21 10:26:43.449229+00	\N	\N	\N	\N	\N	BBGI2024116	\N	Lebohang15@icloud.com	2	0.00	0.00	0.00	0.00	t	10:51:07.161818	PAID	tickets/pdf/BBGI2024116_tickets.pdf	47	1d2ee013-c950-418b-8203-372c0dc6d29e		\N	\N	\N	South Africa	\N	\N	\N	\N	\N	\N	0.00	BBGICP20241118	\N
dd661daf-05a5-438d-9a4b-ab22003459b3	2024-11-26 05:18:26.010567+00	2024-11-26 05:18:36.685516+00	\N	\N	\N	\N	\N	BBGI2024119	\N	qotoyina@gmail.com	1	0.00	0.00	0.00	0.00	t	05:43:25.955937	PAID	tickets/pdf/BBGI2024119_tickets.pdf	54	1d2ee013-c950-418b-8203-372c0dc6d29e		\N	\N	\N	South Africa	\N	\N	\N	\N	\N	\N	0.00	BBGICP20241133	\N
617199dd-2aba-41eb-b798-83a065ed3f95	2024-11-26 13:31:41.758638+00	2024-11-26 13:31:57.70267+00	\N	\N	\N	\N	\N	BBGI20241112	\N	siwa.afikile@goldours.co.za	1	0.00	0.00	0.00	0.00	t	13:56:41.700487	PAID	tickets/pdf/BBGI20241112_tickets.pdf	59	1d2ee013-c950-418b-8203-372c0dc6d29e		\N	\N	\N	South Africa	\N	\N	\N	\N	\N	\N	0.00	BBGICP20241135	\N
0067cf93-6ee1-4b20-8c6a-955d669be86b	2024-11-26 13:33:00.780068+00	2024-11-26 13:33:09.338793+00	\N	\N	\N	\N	\N	BBGI20241113	\N	asive.sipondo@goldours.co.za	1	0.00	0.00	0.00	0.00	t	13:58:00.719321	PAID	tickets/pdf/BBGI20241113_tickets.pdf	56	1d2ee013-c950-418b-8203-372c0dc6d29e		\N	\N	\N	South Africa	\N	\N	\N	\N	\N	\N	0.00	BBGICP20241136	\N
f40eee04-ace1-44f4-ba78-fcdf6b0549ab	2024-11-26 13:42:34.529702+00	2024-11-26 13:42:40.739188+00	\N	\N	\N	\N	\N	BBGI20241114	\N	owonamadlingozi@gmail.com	1	0.00	0.00	0.00	0.00	t	14:07:34.468002	PAID	tickets/pdf/BBGI20241114_tickets.pdf	55	1d2ee013-c950-418b-8203-372c0dc6d29e		\N	\N	\N	South Africa	\N	\N	\N	\N	\N	\N	0.00	BBGICP20241137	\N
83f12bce-4b26-46e3-af4e-dfa0394eb18c	2024-11-26 16:59:08.926265+00	2024-11-26 16:59:34.529152+00	\N	\N	\N	\N	\N	BBGI20241115	\N	msizi.siyabulela@gmail.com	0	0.00	0.00	0.00	0.00	t	17:24:08.860267	PAID	tickets/pdf/BBGI20241115_tickets_gFE0shW.pdf	60	1d2ee013-c950-418b-8203-372c0dc6d29e		\N	\N	\N	South Africa	\N	\N	\N	\N	\N	\N	0.00	BBGICP20241139	\N
6b9320ee-d6f9-4d6a-b65c-6a1570fbbed4	2024-11-26 16:46:22.748317+00	2024-11-26 16:49:21.538614+00	-	-	************3555	mastercard	2024-11-26T16:47:17.776936Z	BBGI20241116	ch_ax4bXa0ZD08UwKUyqBfY91Ej	opulentrosley@gmail.com	1	200.00	206.00	6.00	0.00	t	17:11:22.681779	PAID	tickets/pdf/BBGI20241115_tickets.pdf	49	1d2ee013-c950-418b-8203-372c0dc6d29e	tickets/invoice/BBGI20241116_invoice.pdf	\N	\N	\N	South Africa	opulentrosley@gmail.com	Rosley	Sibanda	0663072594	\N	\N	0.00	BBGICP20241138	
28086732-5f65-4085-990c-f9e77f9369d6	2024-11-27 13:42:53.836124+00	2024-11-27 13:43:02.836787+00	\N	\N	\N	\N	\N	BBGI20241125	\N	aidan.liggett@gmail.com	2	0.00	0.00	0.00	0.00	t	14:07:53.750802	PAID	tickets/pdf/BBGI20241125_tickets.pdf	69	1d2ee013-c950-418b-8203-372c0dc6d29e		\N	\N	\N	South Africa	\N	\N	\N	\N	\N	\N	0.00	BBGICP20241150	\N
9751df41-8012-43ba-99c1-ec02a156535d	2025-02-26 15:23:08.716228+00	2025-02-28 15:54:21.247708+00	\N	\N	\N	\N	\N	BBGI2025210	ch_Kg7b9Y1742ySDKNIq0Uz5QEp	Salathiso@gmail.com	1	100.00	103.00	3.00	0.00	t	15:48:08.698979	PAID	tickets/pdf/BBGI202529_tickets.pdf	33	37eb4c3f-58c3-4845-9d42-8ec91dc7452e		\N	\N	\N	South Africa	Salathiso@gmail.com	Salathiso	Ndwandwa	0738903982	\N	\N	0.00	\N	
5b63d862-cc0e-4198-b4c3-d79d968b5d30	2025-03-19 08:15:24.096634+00	2025-03-19 08:15:52.715804+00	\N	\N	\N	\N	\N	BBGI20253	\N	kgaugeloh@gmail.com	1	0.00	0.00	0.00	0.00	t	08:40:24.083748	PAID	tickets/pdf/BBGI20253_tickets.pdf	29	94595c09-fcef-49af-ae64-43d0cb29929f		\N	\N	\N	South Africa	\N	\N	\N	\N	\N	\N	0.00	\N	\N
98b42d6f-3682-454f-8a0e-35594ee70e8d	2025-02-28 15:36:03.909629+00	2025-02-28 15:54:28.23687+00	\N	\N	\N	\N	\N	BBGI202529	ch_Kx6mKwzjAVnfAv6tQ1WirQPg	sazi.ndwandwa@gmail.com	4	400.00	412.00	12.00	0.00	t	16:01:03.864878	PAID	tickets/pdf/BBGI2025210_tickets.pdf	2	94595c09-fcef-49af-ae64-43d0cb29929f	tickets/invoice/BBGI2025211_invoice.pdf	\N	\N	Cape Town	South Africa	sazi.ndwandwa@gmail.com	Sazi	Ndwandwa	0792131566	\N	7441	0.00	\N	
cc5a61cd-3a0c-4b64-a2da-d67e3420c93f	2025-02-24 11:04:18.645886+00	2025-02-25 15:45:57.546398+00	\N	\N	\N	\N	\N	BBGI202527	ch_1gGJm8ybN8qirkhQ5khAGeED	sazi.ndwandwa@gmail.com	4	400.00	412.00	12.00	0.00	t	11:29:18.620156	PAID	tickets/pdf/BBGI202527_tickets.pdf	2	37eb4c3f-58c3-4845-9d42-8ec91dc7452e	tickets/invoice/BBGI202528_invoice_nw8ozsa.pdf	\N	\N	Cape Town	South Africa	sazi.ndwandwa@gmail.com	Sazi	Ndwandwa	0792131566	\N	7441	0.00	\N	
12921af1-bb96-494a-b0e3-04fd132bda0b	2025-02-17 23:43:53.456774+00	2025-02-25 15:46:44.931395+00	\N	\N	\N	\N	2025-02-17T23:45:59.718907Z	BBGI202528	ch_agJkmzYqGO7Iw1YsX2NFDNx2	chumaigh@gmail.com	1	100.00	103.00	3.00	0.00	t	00:08:53.444205	PAID	tickets/pdf/BBGI202524_tickets.pdf	79	37eb4c3f-58c3-4845-9d42-8ec91dc7452e	tickets/invoice/BBGI202525_invoice_dNxejIe.pdf	\N	\N	\N	South Africa	chumaigh@gmail.com	Chuma	Nombewu	0745177864	\N	\N	0.00	\N	
6df30300-bd7a-4e21-9972-31550a33fa9b	2025-02-13 17:14:44.473199+00	2025-02-25 15:47:27.567992+00	\N	\N	\N	\N	\N	BBGI202525	ch_DLzArj7aK19tJK9TbdZUnaxa	khethokuhlendimande98@gmail.com	1	100.00	103.00	3.00	0.00	t	17:39:44.460392	PAID	tickets/pdf/BBGI202521_tickets_XSLmSGB.pdf	77	37eb4c3f-58c3-4845-9d42-8ec91dc7452e	tickets/invoice/BBGI202521_invoice.pdf	25	Luxor park	CapeTown	South Africa	khethokuhlendimande98@gmail.com	Khethokuhle	Ndimande	0746507251	Western Cape	7800	0.00	\N	
c4d0bcd4-1225-4cff-9a1d-499648088d18	2025-02-09 13:55:15.620392+00	2025-02-25 15:48:09.272869+00	\N	\N	\N	\N	2025-02-09T14:01:52.228696Z	BBGI202521	ch_PEPbRqG0javhpGntX9jh9Jx2	victoria@kudusigma.com	1	210.00	216.30	6.30	0.00	t	14:20:15.612049	PAID	tickets/pdf/BBGI202521_tickets.pdf	76	37eb4c3f-58c3-4845-9d42-8ec91dc7452e	tickets/invoice/BBGI202522_invoice_FADwj2T.pdf	16A Caledon, Norkem Park,	House	Johannesburg	South Africa	victoria@kudusigma.com	Victoria	Machete	0837765296	Gauteng	15000	0.00	\N	
f4e65439-851c-4633-8d6f-3b5a54c43ef4	2025-02-26 09:20:18.65983+00	2025-02-26 14:33:22.438356+00	\N	\N	\N	\N	\N	BBGI202526	ch_JL2nK6pro8QCOoudpmF7JZLZ	mgbemenab@gmail.com	1	100.00	103.00	3.00	0.00	t	09:45:18.641442	PAID	tickets/pdf/BBGI202522_tickets.pdf	83	37eb4c3f-58c3-4845-9d42-8ec91dc7452e	tickets/invoice/BBGI202523_invoice.pdf	2 Ixia Street	Milpark, Milnerton	Cape Town	South Africa	mgbemenab@gmail.com	Busi	Mgbemena	0736769452	Western Cape	7741	0.00	\N	
1a7a5c3e-0dde-4db7-8621-a46c4297a4d1	2025-02-26 12:13:38.990215+00	2025-02-26 14:33:32.849545+00	\N	\N	\N	\N	\N	BBGI202523	ch_DLzArOp3Klriq2jH130FoNxa	magoro.thulane@gmail.com	2	200.00	206.00	6.00	0.00	t	12:38:38.976977	PAID	tickets/pdf/BBGI202524_tickets_a3p5ImC.pdf	78	37eb4c3f-58c3-4845-9d42-8ec91dc7452e	tickets/invoice/BBGI202522_invoice_d6Pgn1i.pdf	24 Newington Street	Parkland North	Cape town	South Africa	magoro.thulane@gmail.com	Thulane	Magoro	0828554077	South Africa	7441	0.00	\N	
740ea4e6-b9ca-4a63-96c5-cbcb076c41a6	2025-02-26 11:33:52.142646+00	2025-02-26 14:33:00.863633+00	\N	\N	\N	\N	\N	BBGI202524	ch_XEwO18eNrrmTyD4sXoRHAJjE	nkosi.ndwandwa@gmail.com	1	210.00	216.30	6.30	0.00	t	11:58:52.131224	PAID	tickets/pdf/BBGI202523_tickets.pdf	85	37eb4c3f-58c3-4845-9d42-8ec91dc7452e		\N	\N	\N	South Africa	nkosi.ndwandwa@gmail.com	Nkosi	Ndwandwa	0796586377	\N	\N	0.00	\N	
bd723afa-3c5d-48b0-ad75-4b1bcb23692a	2025-02-26 15:01:07.371727+00	2025-02-26 15:15:34.989126+00	\N	\N	\N	\N	\N	BBGI202522	ch_VgakR0A5o8Ytekmiy5VFMlwL	ltsotetsi4@gmail.com	1	210.00	216.30	6.30	0.00	t	15:26:07.358253	PAID	tickets/pdf/BBGI202522_tickets_4uhv1iV.pdf	87	37eb4c3f-58c3-4845-9d42-8ec91dc7452e	tickets/invoice/BBGI202529_invoice.pdf	24 Newington Street	\N	Cape Town	South Africa	ltsotetsi4@gmail.com	Lehlohonolo	Tsotetsi	0835332078	South Africa	7441	0.00	\N	
954d4261-9035-4b83-a326-35bbc5592c4d	2025-02-25 18:57:27.199928+00	2025-02-26 15:16:20.385259+00	\N	\N	\N	\N	\N	BBGI20252	ch_1gGJm8WwPXQiyqkF21cyyZED	xwayis@gmail.com	2	200.00	206.00	6.00	0.00	t	19:22:27.183952	PAID	tickets/pdf/BBGI20252_tickets.pdf	42	37eb4c3f-58c3-4845-9d42-8ec91dc7452e	tickets/invoice/BBGI202529_invoice_7RZqbRR.pdf	\N	\N	\N	South Africa	xwayis@gmail.com	Sonwabile	Xwayi	0823324843	\N	\N	0.00	\N	
\.


--
-- Data for Name: listings_business; Type: TABLE DATA; Schema: public; Owner: thomas
--

COPY public.listings_business (province, phone, facebook, twitter, instagram, "linkedIn", id, created, updated, background_image, logo, title, slogan, slug, details, map_coordinates, website, email, bbbee_level, status, category_id, owner_id, is_completed, main_address, alternative_phone) FROM stdin;
wc	0658622202	\N	\N	\N	\N	be4f0d25-f2d4-4cbd-a274-b4f3d0348dc2	2024-09-20 17:05:15.763665+00	2024-12-23 00:43:37.792732+00	business/957f9a00d6794420a40c0b538e30fd61.jpg	business/dd7e707680dd4fd8979ae2e9ab2c43a3.jpg	Bespwoke Clothing Design	Think Smart	bespwoke-clothing-design	We help you make or customize clothes that fit your uniqueness.\r\n\r\nFormal, traditional, casual.\r\n\r\nWe make clothes from design or adjust what you already have.\r\n\r\nWe can come to you fir measurements and fittings.	\N	\N	sazanda@gmail.com	BEL1	APPROVED	012f8ad8-ea4a-4d21-9d9e-388b03a917fc	2	f	Century City Cape Town	\N
wc	0646831340	https://www.facebook.com/revitalisingh2o	\N	https://www.instagram.com/revitalisingh2o	\N	b2bbb504-05a0-44de-bc2e-20448c0ab8bc	2024-10-22 12:24:28.636034+00	2024-12-23 00:32:21.765303+00	business/3fd4720760e64b9aaa66604494781090.jpg	business/4564972764654adfbcd7bd28e0f5afa0.jpg	Mamputa Holdings Pty	Place your order and we'll deliver, nomakanjani	mamputa-holdings-pty	Mamputa Holdings has a division that supplies with purified bottled water in the township and suburban areas, our aim is to deliver quality water for all consumers and promote a healthy lifestyle. We offer our service to individuals, businesses and companies.	\N	\N	lunga@mamputaholdings.co.za	BEL1	APPROVED	b35c3e66-2991-481d-8ebf-ee1815c5f0b4	26	f	Ny 115 no 23	\N
wc	0793239690	https://www.facebook.com/AviweBeingHeard?mibextid=ZbWKwL	\N	https://www.instagram.com/aviwe_being_heard?igsh=MWg1ZGEyeGwzZDFtZQ==	\N	6933ed46-acc8-4abf-936d-73af4100532c	2024-09-18 07:43:22.330747+00	2024-12-23 00:33:53.409732+00	business/feccdcb6d9974ff98e1048ab33570002.jpg	business/25342512a15c492e845ab1550b08319b.png	Aviwe band	\N	aviwe-band	We are an up and coming afro soul band who is obsessed with music and performance.	\N	https://www.instagram.com/aviwe_being_heard?igsh=MWg1ZGEyeGwzZDFtZQ==	aviwepanya@gmail.com	NOT	APPROVED	5036d526-1ed8-42e6-a1e8-08da460951d5	6	t	402 Mountbow Court, 24 Bower Road, Wynberg	\N
wc	0215259188	\N	\N	\N	\N	4e41552b-fa41-4956-b1df-81ea86dc86f8	2024-08-06 20:55:59.104606+00	2024-12-23 00:41:04.589842+00	business/a68dfefb05ee4d9489fbd8ed37150c27.png	business/bcc8dcbd988a43cf82d195eee1016857.jpg	GoldOurs Organisational Growth Consultants	Partnering to unearth your optimal value	goldours-organisational-growth-consultants	<p>We help organisations to grow through&nbsp;</p>\r\n<p>&nbsp;</p>\r\n<p>1. Governance and leadership</p>\r\n<p>a) Strategy Facilitation</p>\r\n<p>b) Risk Management&nbsp;</p>\r\n<p>c) Organisational Performance Management&nbsp;</p>\r\n<p>d) Board Induction and Training</p>\r\n<p>e) Board Evaluations</p>\r\n<p>f) Board Secretarial Services</p>\r\n<p>&nbsp;</p>\r\n<p>2. Talent and leadership development&nbsp;</p>\r\n<p>a) Leadership Coaching</p>\r\n<p>b) Professional Skills Training&nbsp;</p>\r\n<p>c) Accredited Training Courses&nbsp;</p>\r\n<p>d) Succession Planning</p>\r\n<p>e) B-BBEE Consulting&nbsp;</p>\r\n<p>&nbsp;</p>\r\n<p>3. Tax, Accounting, and Assurance</p>\r\n<p>a) Accounting Services</p>\r\n<p>b) Tax Services</p>\r\n<p>c) Assurance Services</p>\r\n<p>i) Internal Audit&nbsp;</p>\r\n<p>ii) External Audit</p>\r\n<p>iii) Financial Statements Reviews</p>\r\n<p>d) Systems Review and design</p>\r\n<p>e)&nbsp; Systems Training</p>	\N	https://www.goldours.co.za	info@goldours.co.za	BEL1	APPROVED	300ddcb3-0f08-4164-b8e8-d76bcb165454	2	t	19 Edison Way, Millenium Business Park, Unit 108, Century City, Cape Town, Western Cape, South Africa	\N
wc	+27797925513	https://www.facebook.com/profile.php?id=61557560116010	\N	\N	\N	4d985c09-41fe-46fe-8d96-489f4102268f	2024-09-24 00:27:46.303793+00	2025-01-11 16:20:40.464756+00	business/13ebd96a8ea64545b0623623c63cb3df.png	business/168b23de47984714aadcf254be7f3bf5.png	Sako Electricians	Fast, reliable, easy	sako-electricians	SAKO ELECTRICIANS is a South African company based in Western Cape, Cape Town, offering expert electrical solutions. Our team of trained electricians takes pride in delivering exceptional workmanship and continuously pushes to exceed expectations. We specialize in new electrical installations, maintenance, power backup solutions, fault finding and fixing, consulting, rewiring, and reviews. Our commitment to excellence and reliability sets us apart.	-33.8917793,18.5151097	https://sakoelectricians.co.za	info@sakoelectricians.co.za	NOT	APPROVED	9e8f9ab4-a014-47c8-9e57-20e8321f05e5	1	f	Century City Drive, Cape Town, WC, 7441, South Africa	\N
wc	+27679930891	https://www.facebook.com/trustkamuto	\N	\N	http://www.linkedin.com/in/trust-kamuto-07548b195	573a757b-2233-4885-9a3c-41965af5b4cb	2024-10-22 10:36:52.529334+00	2025-03-03 20:33:09.387367+00	business/258c0d6b18be4557b181a1f1f6312a60.jpg	business/8edf7777dcc94e739548267e90667b60.jpg	TSK International Photography	Excellence in design, printing & perfomance	tsk-international-photography	We provide Photography, graphic design, Video filming, Drone Footage	\N	\N	trustkamuto@gmail.com	NOT	APPROVED	5036d526-1ed8-42e6-a1e8-08da460951d5	24	f	4 Harmonie Street, Hazendal	\N
	0663409363	\N	\N	\N	\N	7e1e74ad-4953-4830-acc3-f984198be1a4	2025-07-12 21:56:10.680519+00	2025-07-12 21:56:56.248565+00	business/6769caf5d0494115a5c3d129768d60bb.jpeg	business/9c213bcab9f246f5b46cf82421e3185c.png	BS Attorneys	We Dream Big	bs-attorneys	We do	-28.7504686,32.0491783	\N	info@bs.co.za	BEL1	NOT APPROVED	c9cc596a-f618-4659-936e-3cb5bd0ab891	1	f	Shilling Swing, Richards Bay, KZN, 3900, South Africa	\N
\.


--
-- Data for Name: listings_businesscontent; Type: TABLE DATA; Schema: public; Owner: thomas
--

COPY public.listings_businesscontent (id, created, updated, image, business_id) FROM stdin;
\.


--
-- Data for Name: listings_businesshour; Type: TABLE DATA; Schema: public; Owner: thomas
--

COPY public.listings_businesshour (id, created, updated, day, operating, open_time, close_time, business_id) FROM stdin;
84c9cc93-70ad-4408-a6c3-31914249fc7b	2024-08-06 20:55:59.109687+00	2024-08-06 20:55:59.109702+00	MO	t	00:00:00	00:00:00	4e41552b-fa41-4956-b1df-81ea86dc86f8
6c4988b3-3fb3-4c40-8819-c0cf4965f28a	2024-08-06 20:55:59.11313+00	2024-08-06 20:55:59.113144+00	TU	t	00:00:00	00:00:00	4e41552b-fa41-4956-b1df-81ea86dc86f8
2147855a-9f0a-42f3-a9e8-7c35260ec0af	2024-08-06 20:55:59.116289+00	2024-08-06 20:55:59.116301+00	WE	t	00:00:00	00:00:00	4e41552b-fa41-4956-b1df-81ea86dc86f8
f2196230-16c4-47d5-9bf8-14beb4dd4348	2024-08-06 20:55:59.119111+00	2024-08-06 20:55:59.119123+00	TH	t	00:00:00	00:00:00	4e41552b-fa41-4956-b1df-81ea86dc86f8
d994352f-0587-4cb9-96ae-2f76bac3756a	2024-08-06 20:55:59.124197+00	2024-08-06 20:55:59.12421+00	FR	t	00:00:00	00:00:00	4e41552b-fa41-4956-b1df-81ea86dc86f8
b0143691-5903-4ff9-93f2-88f184493399	2024-08-06 20:55:59.127125+00	2024-08-06 20:55:59.127137+00	SA	t	00:00:00	00:00:00	4e41552b-fa41-4956-b1df-81ea86dc86f8
5bc5b885-eb66-4864-b4e3-5e26489db2ed	2024-08-06 20:55:59.130045+00	2024-08-06 20:55:59.130058+00	SU	t	00:00:00	00:00:00	4e41552b-fa41-4956-b1df-81ea86dc86f8
6c8d12e7-be05-4229-9d41-f469314584f1	2024-09-18 07:43:22.338999+00	2024-09-18 07:43:22.339016+00	MO	t	17:00:00	00:00:00	6933ed46-acc8-4abf-936d-73af4100532c
6adeeb84-1a4a-4c7a-a0fb-1d84714bd922	2024-09-18 07:43:22.342499+00	2024-09-18 07:43:22.342514+00	TU	t	17:00:00	00:00:00	6933ed46-acc8-4abf-936d-73af4100532c
cab34ddd-bdea-4c59-b17e-8eeb7d1c48d1	2024-09-18 07:43:22.345338+00	2024-09-18 07:43:22.345362+00	WE	t	17:00:00	00:00:00	6933ed46-acc8-4abf-936d-73af4100532c
716728d6-028d-4bee-8b04-8757a30b1d19	2024-09-18 07:43:22.350036+00	2024-09-18 07:43:22.350049+00	TH	t	17:00:00	00:00:00	6933ed46-acc8-4abf-936d-73af4100532c
e9fef672-82c9-460f-9b89-1d90e3c3f210	2024-09-18 07:43:22.352856+00	2024-09-18 07:43:22.352869+00	FR	t	17:00:00	00:00:00	6933ed46-acc8-4abf-936d-73af4100532c
27bf0199-6081-4b46-b816-89fcd3e80017	2024-09-18 07:43:22.355691+00	2024-09-18 07:43:22.355702+00	SA	t	00:00:00	00:00:00	6933ed46-acc8-4abf-936d-73af4100532c
742fd6f7-0af7-4605-9d81-733df69b9131	2024-09-18 07:43:22.358933+00	2024-09-18 07:43:22.358944+00	SU	t	00:00:00	00:00:00	6933ed46-acc8-4abf-936d-73af4100532c
d9546581-e708-4f22-8eda-31f29cdf6797	2024-09-20 17:05:15.769801+00	2024-09-20 17:05:15.769819+00	MO	t	00:00:00	00:00:00	be4f0d25-f2d4-4cbd-a274-b4f3d0348dc2
894bff63-3a0e-4109-93b2-f56e751418e5	2024-09-20 17:05:15.774499+00	2024-09-20 17:05:15.774516+00	TU	t	00:00:00	00:00:00	be4f0d25-f2d4-4cbd-a274-b4f3d0348dc2
65a01dbd-ae7e-44d0-bd22-ba5f329fff0a	2024-09-20 17:05:15.777904+00	2024-09-20 17:05:15.777919+00	WE	t	00:00:00	00:00:00	be4f0d25-f2d4-4cbd-a274-b4f3d0348dc2
262707cd-2f01-4038-bcaf-1c3c2d22d1ef	2024-09-20 17:05:15.780386+00	2024-09-20 17:05:15.780398+00	TH	t	00:00:00	00:00:00	be4f0d25-f2d4-4cbd-a274-b4f3d0348dc2
a420573d-aa9a-4376-881c-adfe0477e14b	2024-09-20 17:05:15.783014+00	2024-09-20 17:05:15.783028+00	FR	t	00:00:00	00:00:00	be4f0d25-f2d4-4cbd-a274-b4f3d0348dc2
bdafa801-4209-47d5-a40a-070b1b94f5c3	2024-09-20 17:05:15.786041+00	2024-09-20 17:05:15.786063+00	SA	t	00:00:00	00:00:00	be4f0d25-f2d4-4cbd-a274-b4f3d0348dc2
52b198b8-a025-4b02-85f7-6ddb6b01bb90	2024-09-20 17:05:15.789294+00	2024-09-20 17:05:15.789315+00	SU	t	00:00:00	00:00:00	be4f0d25-f2d4-4cbd-a274-b4f3d0348dc2
88269a3b-d76e-4d31-89d6-fc0f30a74e92	2024-09-24 00:33:35.478547+00	2024-10-22 10:24:52.253771+00	MO	t	06:00:00	18:00:00	4d985c09-41fe-46fe-8d96-489f4102268f
b3af6268-675a-475d-9882-403e54e97c28	2024-09-24 00:33:35.482834+00	2024-10-22 10:25:00.869636+00	TU	t	06:00:00	18:00:00	4d985c09-41fe-46fe-8d96-489f4102268f
77582a1d-5956-4927-bf4a-ea6226c782e3	2024-09-24 00:33:35.485852+00	2024-10-22 10:25:08.437529+00	WE	t	06:00:00	18:00:00	4d985c09-41fe-46fe-8d96-489f4102268f
25237eb4-20e2-461c-bef4-626cfd2e7273	2024-09-24 00:33:35.489556+00	2024-10-22 10:25:14.555662+00	TH	t	06:00:00	18:00:00	4d985c09-41fe-46fe-8d96-489f4102268f
263af224-b1a2-41b5-8427-c136ea3b29f0	2024-09-24 00:33:35.495856+00	2024-10-22 10:25:21.151756+00	FR	t	06:00:00	18:00:00	4d985c09-41fe-46fe-8d96-489f4102268f
782a07c1-0992-4e34-83a7-19f187ced4d2	2024-09-24 00:33:35.500938+00	2024-10-22 10:25:27.555225+00	SA	t	06:00:00	18:00:00	4d985c09-41fe-46fe-8d96-489f4102268f
fb3e4dd5-8fa0-4851-89b9-dfc29f5e2242	2024-09-24 00:33:35.504047+00	2024-10-22 10:25:33.553919+00	SU	t	06:00:00	18:00:00	4d985c09-41fe-46fe-8d96-489f4102268f
670c603a-4339-4b1b-a170-3ed75dbb9608	2024-10-22 10:38:28.822854+00	2024-10-22 10:38:28.822879+00	MO	t	08:00:00	18:00:00	573a757b-2233-4885-9a3c-41965af5b4cb
ef134aa3-7bdc-4249-a6d2-4359cc8e8ed7	2024-10-22 10:38:28.832127+00	2024-10-22 10:38:28.832158+00	TU	t	08:00:00	18:00:00	573a757b-2233-4885-9a3c-41965af5b4cb
b6182241-ec42-4d9e-bfaa-4179d9a2850e	2024-10-22 10:38:28.836557+00	2024-10-22 10:38:28.836584+00	WE	t	08:00:00	18:00:00	573a757b-2233-4885-9a3c-41965af5b4cb
8a1bd6b5-eb08-4556-9f19-2baef0b9b371	2024-10-22 10:38:28.841203+00	2024-10-22 10:38:28.841226+00	TH	t	08:00:00	18:00:00	573a757b-2233-4885-9a3c-41965af5b4cb
4585a76e-d737-48b2-b0d9-b7d15231aeee	2024-10-22 10:38:28.845147+00	2024-10-22 10:38:28.845179+00	FR	t	08:00:00	18:00:00	573a757b-2233-4885-9a3c-41965af5b4cb
f023dfbe-a7d1-4bd4-9b56-49fd55a4cf65	2024-10-22 10:38:28.849069+00	2024-10-22 10:38:28.849113+00	SA	t	08:00:00	18:00:00	573a757b-2233-4885-9a3c-41965af5b4cb
9b7a96cd-4ee0-405f-9a6b-7e74f32a60f3	2024-10-22 10:38:28.852784+00	2024-10-22 10:38:28.852804+00	SU	t	08:00:00	18:00:00	573a757b-2233-4885-9a3c-41965af5b4cb
38cd5ee6-0934-40d0-b05c-388cda9cc3fa	2024-10-22 12:27:06.507026+00	2024-10-22 12:27:06.50706+00	MO	t	09:00:00	17:00:00	b2bbb504-05a0-44de-bc2e-20448c0ab8bc
0fc8c058-eb2a-4ea3-8bb2-b484f1aa2fb6	2024-10-22 12:27:06.513196+00	2024-10-22 12:27:06.513227+00	TU	t	09:00:00	17:00:00	b2bbb504-05a0-44de-bc2e-20448c0ab8bc
26dc6f32-74a2-4773-a551-a6a014dd7fcd	2024-10-22 12:27:06.517376+00	2024-10-22 12:27:06.517403+00	WE	t	09:00:00	17:00:00	b2bbb504-05a0-44de-bc2e-20448c0ab8bc
3cb4e379-2190-4790-9f49-8517b8a0abd7	2024-10-22 12:27:06.521869+00	2024-10-22 12:27:06.5219+00	TH	t	09:00:00	17:00:00	b2bbb504-05a0-44de-bc2e-20448c0ab8bc
e79bf172-e87a-4082-93c3-ca85c3b4fa84	2024-10-22 12:27:06.528409+00	2024-10-22 12:27:06.528432+00	FR	t	09:00:00	17:00:00	b2bbb504-05a0-44de-bc2e-20448c0ab8bc
d081e931-e20c-45f2-9334-ddf854eaecca	2024-10-22 12:27:06.531756+00	2024-10-22 12:27:06.531778+00	SA	t	08:00:00	18:00:00	b2bbb504-05a0-44de-bc2e-20448c0ab8bc
7b6d21bc-5f51-4261-9a2a-419139f15c2a	2024-10-22 12:27:06.534961+00	2024-10-22 12:27:06.534985+00	SU	t	10:00:00	16:00:00	b2bbb504-05a0-44de-bc2e-20448c0ab8bc
b8a22f0a-6beb-4bcf-8a96-38c2b54497b9	2025-07-12 21:56:35.165403+00	2025-07-12 21:56:35.165425+00	MO	t	00:00:00	00:00:00	7e1e74ad-4953-4830-acc3-f984198be1a4
c940fc7f-27b6-4f95-8f87-8d23e8a8f30b	2025-07-12 21:56:35.175816+00	2025-07-12 21:56:35.17584+00	TU	t	00:00:00	00:00:00	7e1e74ad-4953-4830-acc3-f984198be1a4
4b12b387-8019-4787-82a6-8c4032e71bb5	2025-07-12 21:56:35.179345+00	2025-07-12 21:56:35.179361+00	WE	t	00:00:00	00:00:00	7e1e74ad-4953-4830-acc3-f984198be1a4
073a3757-2096-428f-b799-9f77ca854ff8	2025-07-12 21:56:35.182387+00	2025-07-12 21:56:35.1824+00	TH	t	00:00:00	00:00:00	7e1e74ad-4953-4830-acc3-f984198be1a4
c60f1ddc-8293-4ea9-8e12-c762cffb4615	2025-07-12 21:56:35.185135+00	2025-07-12 21:56:35.185148+00	FR	t	00:00:00	00:00:00	7e1e74ad-4953-4830-acc3-f984198be1a4
100847da-cbfb-435c-a9c2-f594660e18a5	2025-07-12 21:56:35.188377+00	2025-07-12 21:56:35.188393+00	SA	t	00:00:00	00:00:00	7e1e74ad-4953-4830-acc3-f984198be1a4
7d16c536-d0a7-415d-9c7e-9f2dd98aa0da	2025-07-12 21:56:35.191583+00	2025-07-12 21:56:35.191598+00	SU	t	00:00:00	00:00:00	7e1e74ad-4953-4830-acc3-f984198be1a4
\.


--
-- Data for Name: listings_businesslocation; Type: TABLE DATA; Schema: public; Owner: thomas
--

COPY public.listings_businesslocation (id, created, updated, map_coordinates, address_id, address, business_id, email, location_title, phone) FROM stdin;
f1c5a13c-d383-4577-82c4-e1ad95475813	2025-01-11 16:16:50.996388+00	2025-01-11 16:16:50.99641+00	-29.8815205,30.980781	\N	Dirk Uys Street, Durban, KZN, 4001, South Africa	4d985c09-41fe-46fe-8d96-489f4102268f	\N	\N	\N
9ec74b6b-a834-437c-855e-a471f8053230	2025-01-11 16:18:51.458031+00	2025-01-11 16:18:51.458052+00	-30.1817829,30.77524439999999	\N	, eMkhomazi, KZN, 4170, South Africa	4d985c09-41fe-46fe-8d96-489f4102268f	\N	\N	\N
\.


--
-- Data for Name: listings_businessreview; Type: TABLE DATA; Schema: public; Owner: thomas
--

COPY public.listings_businessreview (id, created, updated, rating_value, commenter_email, commenter_full_names, comment_title, comment, business_id, commenter_id) FROM stdin;
6a994a62-b836-4de4-b9c1-0d90ccde1a7c	2024-08-15 09:12:05.336967+00	2024-08-15 09:12:05.33698+00	4	gumedethomas12@gmail.com	Thomas Gumede	Testing Review	Testing review	4e41552b-fa41-4956-b1df-81ea86dc86f8	1
524f5d25-3c3a-4f22-bff5-2cdc751ad3a8	2024-09-25 08:42:48.023314+00	2024-09-25 08:42:48.023336+00	4	sazi.ndwandwa@gmail.com	Sazi Ndwandwa	Great responsiveness	I enjoyed the good communication and responsiveness via WhatsApp.\r\n\r\nThe appointment made was kept punctually.\r\n\r\nThe problem was explained.\r\nI was given a quote and the issue was explained.\r\n\r\nI am happy with the service.\r\n\r\nI installed an extractor fan for the bathroom and a ceiling fan for the bedroom.	4d985c09-41fe-46fe-8d96-489f4102268f	2
1d110ddb-a780-4884-89a3-d1f292f5563a	2024-09-27 05:33:55.716239+00	2024-09-27 05:33:55.716252+00	4	sazi.ndwandwa@gmail.com	Sazi Ndwandwa	Excellent	We enjoyed listening to the band during the 5 year year celebration for BBGI in May 2024.\r\n\r\nProfessional. Punctual. Poised.\r\n\r\nThe music had variety and catered for the occasion and was aligned to the program.\r\n\r\nI recommend this band. Highly.	6933ed46-acc8-4abf-936d-73af4100532c	2
0b1e0030-f804-40c9-a1c0-64be7c14f44a	2024-11-24 00:27:59.941632+00	2024-11-24 00:27:59.94165+00	5	sazi.ndwandwa@gmail.com	Sazi Ndwandwa	Reliable high quality service	Professional. \r\nReliable.\r\nHigh quality.\r\nEvery time.\r\n\r\nWe used this company during a golf day.\r\n\r\nThe communication upfront was consistent and clear. The team were proactive and made sure they were prepared. They also arrived very early to be part of the set up and events management team.\r\n\r\nDefinitely recommended!	573a757b-2233-4885-9a3c-41965af5b4cb	2
01e616f6-8c2d-41d3-8300-f2a8d0a168af	2024-11-24 00:30:16.90976+00	2024-11-24 00:30:16.909777+00	5	sazi.ndwandwa@gmail.com	Sazi Ndwandwa	Good time and high quality. Goes the extra mile.	We relied on this company for our branded water that we used for events and golf days. \r\n\r\nGood communication.\r\n\r\nDelivered when promised and went the extra mile.	b2bbb504-05a0-44de-bc2e-20448c0ab8bc	2
\.


--
-- Data for Name: listings_category; Type: TABLE DATA; Schema: public; Owner: thomas
--

COPY public.listings_category (id, created, updated, thumbnail, slug, label, icon) FROM stdin;
b35c3e66-2991-481d-8ebf-ee1815c5f0b4	2024-09-25 02:16:52.855567+00	2024-09-25 02:16:52.855585+00		food-other-consumables	Food & Other Consumables	none
0c07b980-2257-4aec-88e8-709fd1bdf07f	2024-09-25 02:21:12.712789+00	2024-09-25 02:21:12.712807+00		professional-servives-for-homes	Professional Servives for Homes	none
a7f0657b-1b36-4d34-a5b7-86f72799245a	2024-09-25 02:21:48.755582+00	2024-09-25 02:21:57.392934+00		beauty-cosmetics	Beauty & Cosmetics	none
ccb4e41f-ee53-46a5-8546-a23454d5a181	2024-09-25 02:22:27.833123+00	2024-09-25 02:22:27.833142+00		energy-fuel	Energy & Fuel	none
ed758709-d94f-4d61-8341-0ebbb42cc265	2024-08-06 19:46:42.986888+00	2024-10-22 20:43:22.964955+00	category/business/Financial-removebg-preview.png	financial-insurance-services	Financial & Insurance Services	none
c9cc596a-f618-4659-936e-3cb5bd0ab891	2024-08-06 19:45:09.290567+00	2024-10-22 20:43:53.293185+00	category/business/Marketing-removebg-preview_1.png	professionals-services-for-businesses	Professionals Services for Businesses	none
aa5acc39-5617-470b-86ae-7601bfdf6246	2024-08-06 19:47:16.948147+00	2024-10-22 20:45:03.982736+00	category/business/Security-removebg-preview.png	security-systems-protection	Security Systems & Protection	none
a50cd364-2852-469d-91fa-212255813489	2024-08-06 19:46:07.404901+00	2024-10-22 20:45:43.51255+00	category/business/Hospitality-removebg-preview.png	hotels-accommodations	Hotels & Accommodations	none
9e8f9ab4-a014-47c8-9e57-20e8321f05e5	2024-08-06 19:45:43.37613+00	2024-10-22 20:46:12.37493+00	category/business/IT-removebg-preview.png	it-computer-technology	IT, Computer & Technology	none
83f25dd3-d96a-4499-9b1a-89e9e36180c0	2024-08-06 19:53:16.151319+00	2024-10-22 20:46:48.005616+00	category/business/Medical-removebg-preview.png	medical-healthcare	Medical & Healthcare	none
66c6f357-c6fe-44cb-8d45-4957f590dbd1	2024-08-06 19:44:20.430139+00	2024-10-22 20:47:32.518668+00	category/business/Transport-removebg-preview.png	transport-courier	Transport & Courier	none
5036d526-1ed8-42e6-a1e8-08da460951d5	2024-08-06 19:47:00.16926+00	2024-10-22 20:48:14.727646+00	category/business/Events-removebg-preview.png	events-entertainment	Events & Entertainment	none
300ddcb3-0f08-4164-b8e8-d76bcb165454	2024-08-06 19:51:42.67703+00	2024-10-22 20:48:35.389331+00	category/business/Education-removebg-preview.png	education-training	Education & Training	none
2135b159-3a9e-462e-a577-0905d0ba4950	2024-08-06 19:46:25.781225+00	2024-10-22 20:49:08.021607+00	category/business/Cars_and_automobile-removebg-preview.png	cars-automotive	Cars & Automotive	none
1d4bcafc-fad9-4ab5-9dd3-2cf3f19ec4cf	2024-08-06 19:43:54.604138+00	2024-10-22 20:49:31.829708+00	category/business/Home-removebg-preview.png	building-construction-maintanance	Building Construction & Maintanance	none
012f8ad8-ea4a-4d21-9d9e-388b03a917fc	2024-09-25 02:15:59.598179+00	2024-10-22 20:49:51.039656+00		clothing-textiles	Clothing & Textiles	none
98f7b8ff-bd36-4fbb-9c43-bd6330b3583c	2025-01-21 12:42:28.019793+00	2025-01-21 12:42:28.019813+00		restaurants-cafes	Restaurants & Cafes	<i class="fas fa-utensils"></i>
caba5ae4-36f5-4138-b4ca-36047cc17133	2025-01-21 12:43:33.794852+00	2025-01-21 12:43:33.794871+00		health-wellness	Health & Wellness	<i class="fas fa-heartbeat"></i>
\.


--
-- Data for Name: listings_listingorder; Type: TABLE DATA; Schema: public; Owner: thomas
--

COPY public.listings_listingorder (id, created, updated, payment_method_type, payment_method_card_holder, payment_method_masked_card, payment_method_scheme, payment_date, order_id, client_first_name, client_last_name, client_phone, client_email, client_address_one, client_address_two, client_city, client_province, checkout_details, client_country, client_zipcode, hide_client, vat, total_amount, discount, checkout_id, payment_status, subscription_starts, subscription_ends, listing_id, subscriber_id) FROM stdin;
d6aad9fa-d28f-4c59-af15-da400eb35950	2025-07-12 21:57:45.596616+00	2025-07-12 21:57:54.492866+00	\N	\N	\N	\N	\N	BBGI20257	Thomas	Gumede	0663409363	gumedewandile18@gmail.com	None	Suite 4	Cape Town	\N	\N	South Africa	7441	t	140.00	1000.00	0.00	ch_8EjYKK52GolfqKaFVN7uak8L	PENDING	\N	\N	7e1e74ad-4953-4830-acc3-f984198be1a4	1
\.


--
-- Data for Name: markets_qoutation; Type: TABLE DATA; Schema: public; Owner: thomas
--

COPY public.markets_qoutation (id, created, updated, file, full_names, phone, email, description, is_location_based, location, call_at, "time", date, client_id, service_id) FROM stdin;
149facbb-a85a-4488-882d-f331528990b1	2024-10-19 11:07:13.155214+00	2024-10-19 11:07:13.155233+00		Sazi Ndwandwa	0792131566	sazi.ndwandwa@gmail.com	I want a suit for my brother's wedding on 01 November 2024.	f	Cape Town	Morning(7am - 12pm)	As soon as possible	\N	2	1e1ceee1-1e05-4267-8266-0611a2e5b9ec
\.


--
-- Data for Name: markets_requestservice; Type: TABLE DATA; Schema: public; Owner: thomas
--

COPY public.markets_requestservice (id, created, updated, service_title, file, full_names, phone, email, description, is_location_based, location, call_at, "time", date) FROM stdin;
5711d087-e35d-44cf-b483-2151dbb317fc	2025-03-04 21:41:28.626511+00	2025-03-04 21:41:28.626541+00	Looking Plumber	business/qoutation/Screenshot_2025-01-07_03-10-25.png	Thomas Gumede	0663409363	gumedethomas12@gmail.com	Just Checking if this works.	f	Richefond Circle, uMhlanga, KZN, 4319, South Africa	Afternoon (12pm - 5pm)	Approved Payout	\N
616298f8-8b78-426e-8057-4d17326a1ba1	2025-03-04 21:48:37.499132+00	2025-03-04 21:48:37.49916+00	Wedodev		gghgh	0663409363	gumedethomas12@gmail.com	iii	f	gghhghg	Morning(7am - 12pm)	I'm flexible	\N
f8cbcd17-6840-414c-8225-9d3d843cfd24	2025-03-04 21:49:51.295702+00	2025-03-04 21:49:51.295726+00	Wedodev		gghgh	0663409363	gumedethomas12@gmail.com	iii	f	gghhghg	Late (5pm - till late)	It an emergency	\N
0f35d62d-2678-4612-9e37-2361f8a80105	2025-05-12 10:31:40.745634+00	2025-05-12 10:31:40.745691+00	looking  foward to joining your free mentorship program and growth with bbgi		Petrus Kanyolo	0812781368	kanyolopetrus2222@gmail.com		f	NAMIBIA	Afternoon (12pm - 5pm)	I'm flexible	\N
\.


--
-- Data for Name: markets_service; Type: TABLE DATA; Schema: public; Owner: thomas
--

COPY public.markets_service (id, created, updated, image, title, slug, description, price_decription, price, on_discount, discount_percentage, discount_description, is_popular, business_id) FROM stdin;
0b0233a9-f8b3-4fe1-acd8-8cc3fabd04f6	2024-09-25 14:03:02.456406+00	2024-09-25 14:03:02.456439+00		Electrical installation	electrical-installation	At Sako electrians, we specialize in providing top-notch new electrical installations for various properties. Our team of trained electrians ensures that every installation is carried out efficiently and safely, adhering to all relevant regulations and standards	Callout fee	300.00	f	\N	\N	f	4d985c09-41fe-46fe-8d96-489f4102268f
1e1ceee1-1e05-4267-8266-0611a2e5b9ec	2024-10-19 10:59:09.743217+00	2024-10-19 11:02:32.09757+00		Bespoke Clothing Design - Men's Suits	bespoke-clothing-design-mens-suits	We help you build your formal or informal suits from scratch:\r\n\r\n1. Design\r\n\r\n2. Measurements\r\n\r\n3. Choosing materials\r\n\r\n4. Fitting\r\n\r\n5. Delivery\r\n\r\n6. Photography and videos to share with you people	Design to completion - men's 3 piece suit	10000.00	f	\N	\N	f	be4f0d25-f2d4-4cbd-a274-b4f3d0348dc2
6fabe9d3-6267-4dcf-bba8-c6111d0882f3	2024-10-22 18:49:20.815444+00	2024-10-22 18:49:20.815471+00	business/d4eacf782882402ba7fd779ecf9cecf3.jpg	Photography	photography	For all your Studio Photography\r\nWedding Photography\r\nCorporate Portraits\r\nEvents\r\nReal Estate, Architecture\r\nInterior Design\r\nAerial Photography (Drone)\r\nMaternity Shoots \r\nBirthday Photography\r\nBirth Photography\r\nOutdoor & On location Shoots\r\nPrivate Functions and Events	Our prices are from 850 per hour depending on events...	850.00	f	\N	\N	f	573a757b-2233-4885-9a3c-41965af5b4cb
8c513e4b-5bb7-4a1d-b204-36643b717dbf	2024-10-22 18:57:15.917573+00	2024-10-22 18:57:15.917592+00	business/8041ccb79fca4544b72876f19521f429.jpg	Branding	branding	Personalized Gifts\r\nMug Printing\r\nWater bottles\r\nFlasks\r\nTshirts printing	Ours services are from	100.00	f	\N	\N	f	573a757b-2233-4885-9a3c-41965af5b4cb
5efa8f01-9f60-4aad-8329-7fb9b6be20bb	2024-10-22 18:52:22.648556+00	2024-10-22 18:59:02.094812+00	business/9e73c309373543f5a56cc5611c76b01a.JPG	Video Filming	video-filming	Events\r\nWeddings\r\nAdverts\r\nMusic Videos\r\nDrone Footage	Ours services are from	2000.00	f	\N	\N	f	573a757b-2233-4885-9a3c-41965af5b4cb
9852824e-4f3c-44b5-a009-c0a7ddd0607f	2024-10-22 18:53:51.758486+00	2024-10-23 10:07:43.724345+00		Graphic Design	graphic-design	Poster design\r\nLogo Design\r\nBanners\r\netc	From	500.00	f	\N	\N	t	573a757b-2233-4885-9a3c-41965af5b4cb
425cb855-8915-40db-a916-9e8807d8d4f0	2024-09-25 14:03:45.074378+00	2024-10-23 10:07:51.651395+00		Electrical Maintanance	electrical-maintanance	We understand the importance of keeping your electrical systems in optimal condition. Our comprehensive electrical maintanance services help prevent potential issues, ensuring the smooth operation of your electrical infrastructure. From routine inspections to proactive repairs, we've got you covered.	Callout fee	250.00	f	\N	\N	t	4d985c09-41fe-46fe-8d96-489f4102268f
8714e01e-75da-45ec-b5f4-80810acaf71c	2024-10-19 11:08:20.364531+00	2024-10-23 10:07:58.36311+00		Strategy Facilitation	strategy-facilitation	1. Strategy Facilitation\r\n\r\n Governing Board/ Council Strategy Facilitation\r\n Reviewing current strategic documents and performance areas\r\n Identifying key strategic drivers\r\n Identifying and setting Key performance objectives	Information Gathering, facilitation and final strategy plan and report	120000.00	f	\N	\N	t	4e41552b-fa41-4956-b1df-81ea86dc86f8
061dc136-300a-47bf-8811-22b7abcd9b95	2025-07-12 21:57:45.245489+00	2025-07-12 21:57:45.245513+00	business/fe055f4551a045ed9db079526bb8bc78.png	Criminal Law	criminal-law	We offer law services	Consult	300.00	f	\N	\N	f	7e1e74ad-4953-4830-acc3-f984198be1a4
\.


--
-- Data for Name: payments_bbgibankmodel; Type: TABLE DATA; Schema: public; Owner: thomas
--

COPY public.payments_bbgibankmodel (id, created, updated, balance, order_uuid, order_id, tip, received_at) FROM stdin;
b5a90c90-5273-4b7e-bc0c-83a11228d983	2024-08-22 14:19:50.25596+00	2024-08-22 14:19:50.255997+00	15.96	0ec7c7ea-c1fd-43c3-8ee9-9ea3a3a42e63	BBGI202488	\N	2024-08-22 14:19:50.256032+00
bf52207b-2f8a-4dec-b164-97edd0f46ea8	2024-08-22 21:06:06.105159+00	2024-08-22 21:06:06.105179+00	5.00	0fea627f-a923-4d3b-bdfb-4ee642d60156	BBGI202481	\N	2024-08-22 21:06:06.105198+00
f03c7cbb-7d0c-40ff-9e2c-541951110299	2024-08-23 12:53:40.309923+00	2024-08-23 12:53:40.309954+00	3.60	c35a454a-b555-47d8-adc1-b04f8de8e9e7	BBGI202484	\N	2024-08-23 12:53:40.30999+00
8c5a8001-e541-4e57-877b-5103298a62e7	2024-08-23 14:15:36.591456+00	2024-08-23 14:15:36.591488+00	14.40	d1b04af4-aa85-4a56-87f2-b5c965859b89	BBGI202487	\N	2024-08-23 14:15:36.591572+00
bf798aa1-7732-4a87-b828-7a8166efedae	2024-08-23 16:41:36.748508+00	2024-08-23 16:41:36.748545+00	7.20	2800f192-347a-4826-8afc-d57b6d3661bd	BBGI202488	\N	2024-08-23 16:41:36.748589+00
5cd6289a-52b0-4a85-b544-a702d2d1dc70	2024-08-23 17:01:57.695112+00	2024-08-23 17:01:57.695153+00	7.20	d7009b54-0ff2-4c63-b327-a42604e076d7	BBGI202489	\N	2024-08-23 17:01:57.695206+00
6e09c487-575e-4bca-8d00-e45d99fe288d	2024-08-23 17:42:58.507756+00	2024-08-23 17:42:58.507778+00	7.20	a429321e-53e4-4038-9dd8-f0930f25291c	BBGI2024810	\N	2024-08-23 17:42:58.507798+00
b50857fd-182e-4e39-a958-e00016de4ab0	2024-08-23 18:01:46.646638+00	2024-08-23 18:01:46.646668+00	7.20	e3984089-b95d-4054-8dc8-d0542340f338	BBGI2024811	\N	2024-08-23 18:01:46.646702+00
22aaa8f2-5185-4e05-ba3f-80fd798f1a75	2024-08-23 18:34:39.412114+00	2024-08-23 18:34:39.412142+00	3.60	0de5bb84-428e-4d14-9b54-e1c0ecbfd970	BBGI2024812	\N	2024-08-23 18:34:39.412174+00
ad1bc995-1fcd-4fb6-b043-67701684516a	2024-08-24 04:36:09.287739+00	2024-08-24 04:36:09.28777+00	3.60	95248911-b176-47e1-b90b-5eb352ef0c34	BBGI2024813	\N	2024-08-24 04:36:09.287789+00
dd8dc9ec-a32a-4eb9-96bd-84b074b3a3fa	2024-08-25 14:02:33.981327+00	2024-08-25 14:02:33.981345+00	7.20	fdaf45ed-dde8-4fb4-9eca-e3a8312f006b	BBGI2024814	\N	2024-08-25 14:02:33.981363+00
b1b8b0c2-2857-4b64-b9d2-20a3335676af	2024-08-31 06:48:31.406447+00	2024-08-31 06:48:31.406468+00	3.60	03115bfa-f4ea-413a-8362-976a33f3ced2	BBGI202481	\N	2024-08-31 06:48:31.406492+00
f3c8c630-1989-469c-bf3b-63522903b5c7	2024-09-18 17:17:23.297512+00	2024-09-18 17:17:23.297534+00	7.20	850deb1a-329d-4ff0-aa74-8c6fa7284c3e	BBGI202491	\N	2024-09-18 17:17:23.297553+00
aabeda70-c072-4efd-be4a-3457e0b8cf82	2024-09-18 17:55:30.720073+00	2024-09-18 17:55:30.720093+00	3.60	91ba89ca-c47b-4093-9d07-226456dfc687	BBGI202496	\N	2024-09-18 17:55:30.720115+00
210fc538-fd40-47f7-a278-61999ed5de40	2024-09-18 18:03:07.263578+00	2024-09-18 18:03:07.263606+00	3.60	1f74d217-e99d-4e29-b733-8eaace1ef72b	BBGI20249	\N	2024-09-18 18:03:07.263632+00
419328ab-26c1-4b10-9f82-cf7e6e10032b	2024-09-18 18:05:26.23931+00	2024-09-18 18:05:26.239329+00	3.60	a9c76e4b-89ea-4cfd-9e93-a59454fa596b	BBGI202492	\N	2024-09-18 18:05:26.239348+00
7aeb5338-26b5-4c86-8713-70f7f0607bb4	2024-09-18 18:26:01.702452+00	2024-09-18 18:26:01.702472+00	3.60	36169bf3-ac9f-438e-a183-bcc856cfd58c	BBGI20249	\N	2024-09-18 18:26:01.702492+00
a39e6609-53b5-4cc2-948f-ad27b66090d6	2024-09-25 08:38:10.61789+00	2024-09-25 08:38:10.617922+00	3.60	322725c0-fa16-436d-b751-330165a178ad	BBGI20249	\N	2024-09-25 08:38:10.617949+00
916a46b2-4ce9-48f0-a5ab-07ac2c9987f5	2024-11-07 01:23:12.406357+00	2024-11-07 01:23:12.40638+00	6.00	fd3e42ea-eeb8-4b11-baea-8f754b7731da	BBGI202411	\N	2024-11-07 01:23:12.406408+00
f23bcea1-f686-4f6c-be0e-f7ad3b624f79	2024-11-07 03:04:44.674427+00	2024-11-07 03:04:44.674457+00	6.00	95657954-8d03-43b6-9aea-dfb7177f5df0	BBGI2024116	\N	2024-11-07 03:04:44.674488+00
92cc4f1c-24ee-49e3-86c1-66703e2dc0d8	2024-11-07 03:56:30.516938+00	2024-11-07 03:56:30.516959+00	6.00	ee853407-6153-4f1e-b696-1d52c47821fd	BBGI202411	\N	2024-11-07 03:56:30.516991+00
c7c8a6a7-6b9d-4874-abe0-dfd3f277b9ff	2024-11-07 04:00:32.404753+00	2024-11-07 04:00:32.404782+00	6.00	8c400b35-4c1e-4ce3-a678-db1d7aa53856	BBGI202411	\N	2024-11-07 04:00:32.404812+00
4394a1c7-79bf-4c9d-9ebc-de73fed88870	2024-11-07 07:13:06.63729+00	2024-11-07 07:13:06.637316+00	6.00	b4ed6a79-c4a9-448f-a6a9-ad3fabeaa281	BBGI202411	\N	2024-11-07 07:13:06.637341+00
21a412d9-765b-43c2-85ff-c30fdba93b38	2024-11-07 07:35:59.699096+00	2024-11-07 07:35:59.69912+00	6.00	c58e0781-6a28-4038-81b3-181ecbfb9880	BBGI202411	\N	2024-11-07 07:35:59.699145+00
0bb4ef76-2115-4683-bb15-7f024e622f37	2024-11-24 18:28:06.617562+00	2024-11-24 18:28:06.617593+00	6.00	246acb84-5d2c-46dd-ba4c-5c3a137316ac	BBGI2024117	\N	2024-11-24 18:28:06.617627+00
39103bdb-2eeb-4d7e-9c77-a81e39851929	2024-11-26 16:49:19.931145+00	2024-11-26 16:49:19.93117+00	6.00	6b9320ee-d6f9-4d6a-b65c-6a1570fbbed4	BBGI20241115	\N	2024-11-26 16:49:19.931201+00
0c350966-5c33-42ed-8cde-c3de1a70c50e	2024-11-26 18:00:47.258336+00	2024-11-26 18:00:47.25836+00	12.00	a8633f78-f25a-4d3c-8203-0341cfa5ec58	BBGI20241118	\N	2024-11-26 18:00:47.258384+00
fe90e53c-45bf-47fd-b94f-be5271502b1c	2025-02-09 14:10:33.940366+00	2025-02-09 14:10:33.94039+00	6.30	c4d0bcd4-1225-4cff-9a1d-499648088d18	BBGI202521	\N	2025-02-09 14:10:33.940419+00
6f7eadf1-05e1-4073-8fc8-46cd187d3bad	2025-02-13 17:17:03.101358+00	2025-02-13 17:17:03.101459+00	3.00	6df30300-bd7a-4e21-9972-31550a33fa9b	BBGI202521	\N	2025-02-13 17:17:03.101502+00
83aaf61f-5a03-4d05-8d74-0010fb02447d	2025-02-17 23:46:19.728805+00	2025-02-17 23:46:19.728869+00	3.00	12921af1-bb96-494a-b0e3-04fd132bda0b	BBGI202524	\N	2025-02-17 23:46:19.728943+00
e4dc8349-8d2d-4d5c-bab6-5734f4fbdcdd	2025-03-09 02:13:15.559941+00	2025-03-09 02:13:15.55997+00	9.00	d49ad6b8-9453-494b-a8ad-4ea3f70085e3	BBGI20253	\N	2025-03-09 02:13:15.56+00
7e2a5c0d-af9d-402d-bdfe-919b09410da5	2025-03-09 03:05:58.296706+00	2025-03-09 03:05:58.296739+00	15.00	292beff6-09fe-42c1-b15e-d9b8b50532f8	BBGI20253	\N	2025-03-09 03:05:58.296805+00
6ed74a71-c705-45f3-afae-d9dc688f60fc	2025-03-09 03:21:04.096251+00	2025-03-09 03:21:04.096279+00	12.00	9a4bc339-1ef5-4bf2-9e8b-f9487f39dce8	BBGI20253	\N	2025-03-09 03:21:04.096327+00
66aeef9f-9fa0-46e9-b180-1c3c50de3ddb	2025-03-09 04:16:16.338504+00	2025-03-09 04:16:16.338541+00	12.00	17d255b2-7a83-47da-ba99-72950cd25b0e	BBGI20253	\N	2025-03-09 04:16:16.33858+00
\.


--
-- Data for Name: payments_paymentinformation; Type: TABLE DATA; Schema: public; Owner: thomas
--

COPY public.payments_paymentinformation (id, data, order_number, order_updated, created, updated) FROM stdin;
ch_DLzAwaYDjmOIp4qTKO3t7l7x	"{\\"createdDate\\": \\"2024-08-11T18:22:45.384781Z\\", \\"id\\": \\"evt_1gGJN4bR4m1CV4uQ73FJbJED\\", \\"payload\\": {\\"amount\\": 10300, \\"createdDate\\": \\"2024-08-11T18:17:25.115863Z\\", \\"currency\\": \\"ZAR\\", \\"id\\": \\"p_pLpJpQG78ovTljXtZZTPbXgZ\\", \\"metadata\\": {\\"checkoutId\\": \\"ch_DLzAwaYDjmOIp4qTKO3t7l7x\\", \\"productType\\": \\"checkout\\"}, \\"mode\\": \\"test\\", \\"paymentMethodDetails\\": {\\"card\\": {\\"expiryMonth\\": 4, \\"expiryYear\\": 26, \\"maskedCard\\": \\"************1111\\", \\"scheme\\": \\"visa\\"}, \\"type\\": \\"card\\"}, \\"status\\": \\"succeeded\\", \\"type\\": \\"payment\\"}, \\"type\\": \\"payment.succeeded\\"}"	\N	f	2024-08-11 18:22:46.48935+00	2024-08-11 18:22:46.489377+00
ch_2xYWoYGwnZkTKpGhy5au8wZE	"{\\"createdDate\\": \\"2024-08-11T18:27:02.536812Z\\", \\"id\\": \\"evt_wxMZN8kKrQ4fKrlhb6NcobeL\\", \\"payload\\": {\\"amount\\": 24000, \\"createdDate\\": \\"2024-08-11T18:24:59.024658Z\\", \\"currency\\": \\"ZAR\\", \\"id\\": \\"p_8EjYV6OrvKlfkzBtePDC0jmL\\", \\"metadata\\": {\\"checkoutId\\": \\"ch_2xYWoYGwnZkTKpGhy5au8wZE\\", \\"productType\\": \\"checkout\\"}, \\"mode\\": \\"test\\", \\"paymentMethodDetails\\": {\\"card\\": {\\"expiryMonth\\": 4, \\"expiryYear\\": 26, \\"maskedCard\\": \\"************1111\\", \\"scheme\\": \\"visa\\"}, \\"type\\": \\"card\\"}, \\"status\\": \\"succeeded\\", \\"type\\": \\"payment\\"}, \\"type\\": \\"payment.succeeded\\"}"	\N	f	2024-08-11 18:27:03.420956+00	2024-08-11 18:27:03.42101+00
ch_QLOBRJjq0X4SvRRcDZfBX6xb	"{\\"createdDate\\": \\"2024-08-22T13:11:07.059564Z\\", \\"id\\": \\"evt_Vgakjm9d5wYsNzRU6e5UKkLd\\", \\"payload\\": {\\"amount\\": 60000, \\"createdDate\\": \\"2024-08-22T13:10:47.879824Z\\", \\"currency\\": \\"ZAR\\", \\"id\\": \\"p_Kg7b4ZBmB43Fn2YhARFzyjEp\\", \\"metadata\\": {\\"checkoutId\\": \\"ch_QLOBRJjq0X4SvRRcDZfBX6xb\\", \\"domain\\": \\"www.bbgi.co.za\\", \\"productType\\": \\"checkout\\"}, \\"mode\\": \\"test\\", \\"paymentMethodDetails\\": {\\"card\\": {\\"expiryMonth\\": 4, \\"expiryYear\\": 26, \\"maskedCard\\": \\"************1111\\", \\"scheme\\": \\"visa\\"}, \\"type\\": \\"card\\"}, \\"status\\": \\"succeeded\\", \\"type\\": \\"payment\\"}, \\"type\\": \\"payment.succeeded\\"}"	\N	f	2024-08-22 13:11:08.160527+00	2024-08-22 13:11:08.160547+00
ch_eLB3Nk5b3GouBWnF62jFzzEj	"{\\"createdDate\\": \\"2024-08-22T13:11:47.443207Z\\", \\"id\\": \\"evt_XEwO75zJV0ncqXDUJqGsZZaE\\", \\"payload\\": {\\"amount\\": 12360, \\"createdDate\\": \\"2024-08-22T13:08:26.959894Z\\", \\"currency\\": \\"ZAR\\", \\"id\\": \\"p_Kg7b4ZBNeZVs6OmCyj2hjwPE\\", \\"metadata\\": {\\"checkoutId\\": \\"ch_eLB3Nk5b3GouBWnF62jFzzEj\\", \\"domain\\": \\"www.bbgi.co.za\\", \\"productType\\": \\"checkout\\"}, \\"mode\\": \\"test\\", \\"paymentMethodDetails\\": {\\"card\\": {\\"expiryMonth\\": 4, \\"expiryYear\\": 26, \\"maskedCard\\": \\"************1111\\", \\"scheme\\": \\"visa\\"}, \\"type\\": \\"card\\"}, \\"status\\": \\"succeeded\\", \\"type\\": \\"payment\\"}, \\"type\\": \\"payment.succeeded\\"}"	\N	f	2024-08-22 13:11:48.49016+00	2024-08-22 13:11:48.490184+00
ch_XwxMZN0W2pmWCqDTYncoDaLe	"{\\"createdDate\\": \\"2024-08-22T14:18:10.885737Z\\", \\"id\\": \\"evt_Vgakjmo4eP2hMMQhkbqse4Ld\\", \\"payload\\": {\\"amount\\": 123600, \\"createdDate\\": \\"2024-08-22T14:17:47.132036Z\\", \\"currency\\": \\"ZAR\\", \\"id\\": \\"p_aEqGV9WZQb9foZvUo6jFV3mx\\", \\"metadata\\": {\\"checkoutId\\": \\"ch_XwxMZN0W2pmWCqDTYncoDaLe\\", \\"productType\\": \\"checkout\\"}, \\"mode\\": \\"test\\", \\"paymentMethodDetails\\": {\\"card\\": {\\"expiryMonth\\": 4, \\"expiryYear\\": 26, \\"maskedCard\\": \\"************1111\\", \\"scheme\\": \\"visa\\"}, \\"type\\": \\"card\\"}, \\"status\\": \\"succeeded\\", \\"type\\": \\"payment\\"}, \\"type\\": \\"payment.succeeded\\"}"	\N	f	2024-08-22 14:18:12.781947+00	2024-08-22 14:18:12.78199+00
ch_VgakjmomOyBhMeWikymCMNOL	"{\\"createdDate\\": \\"2024-08-22T14:19:47.647968Z\\", \\"id\\": \\"evt_9g0y4n2n4RdheYZCAMSyB4xV\\", \\"payload\\": {\\"amount\\": 12360, \\"createdDate\\": \\"2024-08-22T14:19:31.936191Z\\", \\"currency\\": \\"ZAR\\", \\"id\\": \\"p_ogkYVX1Xd4AHd51c5G5IvmL9\\", \\"metadata\\": {\\"checkoutId\\": \\"ch_VgakjmomOyBhMeWikymCMNOL\\", \\"domain\\": \\"www.bbgi.co.za\\", \\"productType\\": \\"checkout\\"}, \\"mode\\": \\"test\\", \\"paymentMethodDetails\\": {\\"card\\": {\\"expiryMonth\\": 4, \\"expiryYear\\": 26, \\"maskedCard\\": \\"************1111\\", \\"scheme\\": \\"visa\\"}, \\"type\\": \\"card\\"}, \\"status\\": \\"succeeded\\", \\"type\\": \\"payment\\"}, \\"type\\": \\"payment.succeeded\\"}"	BBGI202481	t	2024-08-22 14:19:49.328509+00	2024-08-22 14:19:49.328537+00
ch_aEqGV9WNzJkiD60TyeatvzZx	"{\\"createdDate\\": \\"2024-08-22T14:24:51.492704Z\\", \\"id\\": \\"evt_QLOBRJbYMlvfX3Rf64YCY5yx\\", \\"payload\\": {\\"amount\\": 60000, \\"createdDate\\": \\"2024-08-22T14:24:38.428098Z\\", \\"currency\\": \\"ZAR\\", \\"id\\": \\"p_ogkYVX1NkWJhJzjSGvOtdGqL\\", \\"metadata\\": {\\"checkoutId\\": \\"ch_aEqGV9WNzJkiD60TyeatvzZx\\", \\"domain\\": \\"www.bbgi.co.za\\", \\"productType\\": \\"checkout\\"}, \\"mode\\": \\"test\\", \\"paymentMethodDetails\\": {\\"card\\": {\\"expiryMonth\\": 4, \\"expiryYear\\": 26, \\"maskedCard\\": \\"************1111\\", \\"scheme\\": \\"visa\\"}, \\"type\\": \\"card\\"}, \\"status\\": \\"succeeded\\", \\"type\\": \\"payment\\"}, \\"type\\": \\"payment.succeeded\\"}"	BBGI20248	t	2024-08-22 14:24:52.725694+00	2024-08-22 14:24:52.725726+00
ch_4LVKAWqKv0KSBQVcP3wh5bKE	"{\\"createdDate\\": \\"2024-08-22T21:06:02.768708Z\\", \\"id\\": \\"evt_PEPbN1Kbp05Sp5ACA7eIwZnx\\", \\"payload\\": {\\"amount\\": 5500, \\"createdDate\\": \\"2024-08-22T21:05:30.876530Z\\", \\"currency\\": \\"ZAR\\", \\"id\\": \\"p_yxvq5Oaq9rltjm6i45GF3wMg\\", \\"metadata\\": {\\"checkoutId\\": \\"ch_4LVKAWqKv0KSBQVcP3wh5bKE\\", \\"domain\\": \\"bbgi.co.za\\", \\"productType\\": \\"checkout\\"}, \\"mode\\": \\"test\\", \\"paymentMethodDetails\\": {\\"card\\": {\\"expiryMonth\\": 2, \\"expiryYear\\": 27, \\"maskedCard\\": \\"************1111\\", \\"scheme\\": \\"visa\\"}, \\"type\\": \\"card\\"}, \\"status\\": \\"succeeded\\", \\"type\\": \\"payment\\"}, \\"type\\": \\"payment.succeeded\\"}"	BBGI202481	t	2024-08-22 21:06:04.23728+00	2024-08-22 21:06:04.2373+00
ch_yL8Y4wdzJWvUNGpC2VRCr73E	"{\\"createdDate\\": \\"2024-08-23T12:53:36.620007Z\\", \\"id\\": \\"evt_JL2n4qDemyqcAGdFqQwFlYQL\\", \\"payload\\": {\\"amount\\": 12360, \\"createdDate\\": \\"2024-08-23T12:53:19.567568Z\\", \\"currency\\": \\"ZAR\\", \\"id\\": \\"p_7x3Y4Odvp5DF6G1iYQBH6vXE\\", \\"metadata\\": {\\"checkoutId\\": \\"ch_yL8Y4wdzJWvUNGpC2VRCr73E\\", \\"domain\\": \\"www.bbgi.co.za\\", \\"productType\\": \\"checkout\\"}, \\"mode\\": \\"test\\", \\"paymentMethodDetails\\": {\\"card\\": {\\"expiryMonth\\": 4, \\"expiryYear\\": 26, \\"maskedCard\\": \\"************1111\\", \\"scheme\\": \\"visa\\"}, \\"type\\": \\"card\\"}, \\"status\\": \\"succeeded\\", \\"type\\": \\"payment\\"}, \\"type\\": \\"payment.succeeded\\"}"	BBGI202483	t	2024-08-23 12:53:37.690452+00	2024-08-23 12:53:37.690481+00
ch_maEqGVo3qkp6UklCyGhvnNxD	"{\\"createdDate\\": \\"2024-08-23T14:15:32.613663Z\\", \\"id\\": \\"evt_Kx6mzA1Pjl2ck8Ub4ltjplg8\\", \\"payload\\": {\\"amount\\": 49440, \\"createdDate\\": \\"2024-08-23T14:15:13.483257Z\\", \\"currency\\": \\"ZAR\\", \\"id\\": \\"p_2xYWoQa4XOwFM8mUvvPUGBEd\\", \\"metadata\\": {\\"checkoutId\\": \\"ch_maEqGVo3qkp6UklCyGhvnNxD\\", \\"domain\\": \\"www.bbgi.co.za\\", \\"productType\\": \\"checkout\\"}, \\"mode\\": \\"test\\", \\"paymentMethodDetails\\": {\\"card\\": {\\"expiryMonth\\": 4, \\"expiryYear\\": 26, \\"maskedCard\\": \\"************1111\\", \\"scheme\\": \\"visa\\"}, \\"type\\": \\"card\\"}, \\"status\\": \\"succeeded\\", \\"type\\": \\"payment\\"}, \\"type\\": \\"payment.succeeded\\"}"	BBGI202486	t	2024-08-23 14:15:33.696303+00	2024-08-23 14:15:33.696344+00
ch_ogkYVOVW4OQIwmMfv6DhXoeL	"{\\"createdDate\\": \\"2024-08-23T16:41:32.393152Z\\", \\"id\\": \\"evt_rLQQN7No5zOF6vwFXqVibWpL\\", \\"payload\\": {\\"amount\\": 24720, \\"createdDate\\": \\"2024-08-23T16:40:16.674578Z\\", \\"currency\\": \\"ZAR\\", \\"id\\": \\"p_4LVKAeA5WeaCyQZH2DAhXDEB\\", \\"metadata\\": {\\"checkoutId\\": \\"ch_ogkYVOVW4OQIwmMfv6DhXoeL\\", \\"domain\\": \\"www.bbgi.co.za\\", \\"productType\\": \\"checkout\\"}, \\"mode\\": \\"test\\", \\"paymentMethodDetails\\": {\\"card\\": {\\"expiryMonth\\": 4, \\"expiryYear\\": 26, \\"maskedCard\\": \\"************1111\\", \\"scheme\\": \\"visa\\"}, \\"type\\": \\"card\\"}, \\"status\\": \\"succeeded\\", \\"type\\": \\"payment\\"}, \\"type\\": \\"payment.succeeded\\"}"	BBGI202486	t	2024-08-23 16:41:33.656898+00	2024-08-23 16:41:33.656932+00
ch_2LNQrqdoZMlUeXAiAq2uQJ0x	"{\\"createdDate\\": \\"2024-08-23T16:47:07.828733Z\\", \\"id\\": \\"evt_agJkN3GAXA4TVjnsGwwTX0Vx\\", \\"payload\\": {\\"amount\\": 50000, \\"createdDate\\": \\"2024-08-23T16:46:54.968339Z\\", \\"currency\\": \\"ZAR\\", \\"id\\": \\"p_7x3Y4OZ52aosXmTenOimByEr\\", \\"metadata\\": {\\"checkoutId\\": \\"ch_2LNQrqdoZMlUeXAiAq2uQJ0x\\", \\"domain\\": \\"www.bbgi.co.za\\", \\"productType\\": \\"checkout\\"}, \\"mode\\": \\"test\\", \\"paymentMethodDetails\\": {\\"card\\": {\\"expiryMonth\\": 4, \\"expiryYear\\": 26, \\"maskedCard\\": \\"************1111\\", \\"scheme\\": \\"visa\\"}, \\"type\\": \\"card\\"}, \\"status\\": \\"succeeded\\", \\"type\\": \\"payment\\"}, \\"type\\": \\"payment.succeeded\\"}"	BBGI20248	t	2024-08-23 16:47:08.913648+00	2024-08-23 16:47:08.91368+00
ch_4xbqJp1vV3aUaOjH1Dh4mdgy	"{\\"createdDate\\": \\"2024-08-23T17:01:54.418167Z\\", \\"id\\": \\"evt_wxMZNGlY6ppSKZphOmDcKaDL\\", \\"payload\\": {\\"amount\\": 24720, \\"createdDate\\": \\"2024-08-23T17:01:40.978413Z\\", \\"currency\\": \\"ZAR\\", \\"id\\": \\"p_PgrMVea7ovkhPQNFRqyiKZ1E\\", \\"metadata\\": {\\"checkoutId\\": \\"ch_4xbqJp1vV3aUaOjH1Dh4mdgy\\", \\"domain\\": \\"www.bbgi.co.za\\", \\"productType\\": \\"checkout\\"}, \\"mode\\": \\"test\\", \\"paymentMethodDetails\\": {\\"card\\": {\\"expiryMonth\\": 4, \\"expiryYear\\": 26, \\"maskedCard\\": \\"************1111\\", \\"scheme\\": \\"visa\\"}, \\"type\\": \\"card\\"}, \\"status\\": \\"succeeded\\", \\"type\\": \\"payment\\"}, \\"type\\": \\"payment.succeeded\\"}"	BBGI202486	t	2024-08-23 17:01:55.490085+00	2024-08-23 17:01:55.490122+00
ch_PLmQVkabwpOuG8VSqv6h1J1L	"{\\"createdDate\\": \\"2024-08-23T17:42:55.086424Z\\", \\"id\\": \\"evt_agJkN3G2PZOtV2mcpGGhrnBx\\", \\"payload\\": {\\"amount\\": 24720, \\"createdDate\\": \\"2024-08-23T17:42:38.207185Z\\", \\"currency\\": \\"ZAR\\", \\"id\\": \\"p_rEy76jkPDYeuGyt1m1T6PoxK\\", \\"metadata\\": {\\"checkoutId\\": \\"ch_PLmQVkabwpOuG8VSqv6h1J1L\\", \\"domain\\": \\"www.bbgi.co.za\\", \\"productType\\": \\"checkout\\"}, \\"mode\\": \\"test\\", \\"paymentMethodDetails\\": {\\"card\\": {\\"expiryMonth\\": 4, \\"expiryYear\\": 26, \\"maskedCard\\": \\"************1111\\", \\"scheme\\": \\"visa\\"}, \\"type\\": \\"card\\"}, \\"status\\": \\"succeeded\\", \\"type\\": \\"payment\\"}, \\"type\\": \\"payment.succeeded\\"}"	BBGI202486	t	2024-08-23 17:42:55.95061+00	2024-08-23 17:42:55.95063+00
ch_JQLOBROryzMaHX4eCw0SKvxb	"{\\"createdDate\\": \\"2024-08-23T18:01:42.262199Z\\", \\"id\\": \\"evt_2LNQrqmyGb9IY8GhekRt4MQx\\", \\"payload\\": {\\"amount\\": 24720, \\"createdDate\\": \\"2024-08-23T18:01:26.082851Z\\", \\"currency\\": \\"ZAR\\", \\"id\\": \\"p_Kx6mzAKnWZoUmrntQ42cXk2g\\", \\"metadata\\": {\\"checkoutId\\": \\"ch_JQLOBROryzMaHX4eCw0SKvxb\\", \\"domain\\": \\"www.bbgi.co.za\\", \\"productType\\": \\"checkout\\"}, \\"mode\\": \\"test\\", \\"paymentMethodDetails\\": {\\"card\\": {\\"expiryMonth\\": 4, \\"expiryYear\\": 26, \\"maskedCard\\": \\"************1111\\", \\"scheme\\": \\"visa\\"}, \\"type\\": \\"card\\"}, \\"status\\": \\"succeeded\\", \\"type\\": \\"payment\\"}, \\"type\\": \\"payment.succeeded\\"}"	BBGI202486	t	2024-08-23 18:01:43.517282+00	2024-08-23 18:01:43.517312+00
ch_GEZ1knRPwomF087TMKBUvQRL	"{\\"createdDate\\": \\"2024-08-23T18:34:36.423691Z\\", \\"id\\": \\"evt_ax4b45Klye0TDGaIDmInO9Ej\\", \\"payload\\": {\\"amount\\": 12360, \\"createdDate\\": \\"2024-08-23T18:34:18.659197Z\\", \\"currency\\": \\"ZAR\\", \\"id\\": \\"p_PLmQVko6m6aSDptqGMs8A3Lm\\", \\"metadata\\": {\\"checkoutId\\": \\"ch_GEZ1knRPwomF087TMKBUvQRL\\", \\"domain\\": \\"www.bbgi.co.za\\", \\"productType\\": \\"checkout\\"}, \\"mode\\": \\"test\\", \\"paymentMethodDetails\\": {\\"card\\": {\\"expiryMonth\\": 4, \\"expiryYear\\": 26, \\"maskedCard\\": \\"************1111\\", \\"scheme\\": \\"visa\\"}, \\"type\\": \\"card\\"}, \\"status\\": \\"succeeded\\", \\"type\\": \\"payment\\"}, \\"type\\": \\"payment.succeeded\\"}"	BBGI202486	t	2024-08-23 18:34:37.47749+00	2024-08-23 18:34:37.477512+00
ch_QLOBROlQqkGuXqZu2rASBdWx	"{\\"createdDate\\": \\"2024-08-24T04:36:07.694691Z\\", \\"id\\": \\"evt_OpLpJpwPn75KikmCd40CO0gZ\\", \\"payload\\": {\\"amount\\": 12360, \\"createdDate\\": \\"2024-08-24T04:35:41.137404Z\\", \\"currency\\": \\"ZAR\\", \\"id\\": \\"p_1gGJNap797zH6JXs63ycvlED\\", \\"metadata\\": {\\"checkoutId\\": \\"ch_QLOBROlQqkGuXqZu2rASBdWx\\", \\"domain\\": \\"bbgi.co.za\\", \\"productType\\": \\"checkout\\"}, \\"mode\\": \\"test\\", \\"paymentMethodDetails\\": {\\"card\\": {\\"expiryMonth\\": 5, \\"expiryYear\\": 27, \\"maskedCard\\": \\"************1111\\", \\"scheme\\": \\"visa\\"}, \\"type\\": \\"card\\"}, \\"status\\": \\"succeeded\\", \\"type\\": \\"payment\\"}, \\"type\\": \\"payment.succeeded\\"}"	BBGI2024812	t	2024-08-24 04:36:08.624501+00	2024-08-24 04:36:08.62452+00
ch_PgrMVPVXeN6HJoeT6PrSKn4E	"{\\"createdDate\\": \\"2024-08-25T14:02:29.940547Z\\", \\"id\\": \\"evt_8EDJN1NKaB8SMk5ubOIkk6xO\\", \\"payload\\": {\\"amount\\": 24720, \\"createdDate\\": \\"2024-08-25T14:01:58.216746Z\\", \\"currency\\": \\"ZAR\\", \\"id\\": \\"p_3LRQq5q85ZXSQ3ms9nouqDQx\\", \\"metadata\\": {\\"checkoutId\\": \\"ch_PgrMVPVXeN6HJoeT6PrSKn4E\\", \\"domain\\": \\"www.bbgi.co.za\\", \\"productType\\": \\"checkout\\"}, \\"mode\\": \\"test\\", \\"paymentMethodDetails\\": {\\"card\\": {\\"expiryMonth\\": 4, \\"expiryYear\\": 26, \\"maskedCard\\": \\"************1111\\", \\"scheme\\": \\"visa\\"}, \\"type\\": \\"card\\"}, \\"status\\": \\"succeeded\\", \\"type\\": \\"payment\\"}, \\"type\\": \\"payment.succeeded\\"}"	BBGI2024813	t	2024-08-25 14:02:31.366517+00	2024-08-25 14:02:31.366537+00
ch_aPgrMVY0674OUYQCm0SR7VEb	"{\\"createdDate\\": \\"2024-08-31T06:48:29.133424Z\\", \\"id\\": \\"evt_pLpJpen7vmJTRqbsRzwU462g\\", \\"payload\\": {\\"amount\\": 12360, \\"createdDate\\": \\"2024-08-31T06:47:28.203301Z\\", \\"currency\\": \\"ZAR\\", \\"id\\": \\"p_yxvq50MvpV4UjqNUBdH3P7gB\\", \\"metadata\\": {\\"checkoutId\\": \\"ch_aPgrMVY0674OUYQCm0SR7VEb\\", \\"domain\\": \\"bbgi.co.za\\", \\"productType\\": \\"checkout\\"}, \\"mode\\": \\"live\\", \\"paymentMethodDetails\\": {\\"card\\": {\\"expiryMonth\\": 12, \\"expiryYear\\": 2025, \\"maskedCard\\": \\"************0116\\", \\"scheme\\": \\"visa\\"}, \\"type\\": \\"card\\"}, \\"status\\": \\"succeeded\\", \\"type\\": \\"payment\\"}, \\"type\\": \\"payment.succeeded\\"}"	BBGI20248	t	2024-08-31 06:48:30.268227+00	2024-08-31 06:48:30.268246+00
ch_J4EX8wKQPVlmcX9ptd9UpkEN	"{\\"createdDate\\": \\"2024-09-18T17:10:10.698651Z\\", \\"id\\": \\"evt_2xYWoyAPm5YuKKYcy1KU8k3E\\", \\"payload\\": {\\"amount\\": 24720, \\"createdDate\\": \\"2024-09-18T17:09:19.554292Z\\", \\"currency\\": \\"ZAR\\", \\"id\\": \\"p_J4EX8wKQPGlBfKWf6mcdKbEN\\", \\"metadata\\": {\\"checkoutId\\": \\"ch_J4EX8wKQPVlmcX9ptd9UpkEN\\", \\"domain\\": \\"bbgi.co.za\\", \\"productType\\": \\"checkout\\"}, \\"mode\\": \\"test\\", \\"paymentMethodDetails\\": {\\"card\\": {\\"expiryMonth\\": 2, \\"expiryYear\\": 26, \\"maskedCard\\": \\"************1111\\", \\"scheme\\": \\"visa\\"}, \\"type\\": \\"card\\"}, \\"status\\": \\"succeeded\\", \\"type\\": \\"payment\\"}, \\"type\\": \\"payment.succeeded\\"}"	\N	f	2024-09-18 17:10:11.801764+00	2024-09-18 17:10:11.801812+00
ch_4EX8wK7XdvNiXD6sWWqf43OE	"{\\"createdDate\\": \\"2024-09-18T17:55:28.092928Z\\", \\"id\\": \\"evt_1gGJN0qPK4PCnbXFKM7H7AoE\\", \\"payload\\": {\\"amount\\": 12360, \\"createdDate\\": \\"2024-09-18T17:55:12.316879Z\\", \\"currency\\": \\"ZAR\\", \\"id\\": \\"p_4xbqJXObr60T5wHBVlc4ydgy\\", \\"metadata\\": {\\"checkoutId\\": \\"ch_4EX8wK7XdvNiXD6sWWqf43OE\\", \\"domain\\": \\"bbgi.co.za\\", \\"productType\\": \\"checkout\\"}, \\"mode\\": \\"test\\", \\"paymentMethodDetails\\": {\\"card\\": {\\"expiryMonth\\": 2, \\"expiryYear\\": 26, \\"maskedCard\\": \\"************1111\\", \\"scheme\\": \\"visa\\"}, \\"type\\": \\"card\\"}, \\"status\\": \\"succeeded\\", \\"type\\": \\"payment\\"}, \\"type\\": \\"payment.succeeded\\"}"	BBGI202497	t	2024-09-18 17:55:29.17149+00	2024-09-18 17:55:29.171517+00
ch_ngopVnR15njFXYMcQ65tpOGx	"{\\"createdDate\\": \\"2024-09-18T18:03:03.962478Z\\", \\"id\\": \\"evt_PgrMVjdOADWS1kwSVGKfK11E\\", \\"payload\\": {\\"amount\\": 12360, \\"createdDate\\": \\"2024-09-18T18:02:46.549058Z\\", \\"currency\\": \\"ZAR\\", \\"id\\": \\"p_9g0y49Or7YaUpVsJO3Ia5VxV\\", \\"metadata\\": {\\"checkoutId\\": \\"ch_ngopVnR15njFXYMcQ65tpOGx\\", \\"domain\\": \\"bbgi.co.za\\", \\"productType\\": \\"checkout\\"}, \\"mode\\": \\"test\\", \\"paymentMethodDetails\\": {\\"card\\": {\\"expiryMonth\\": 2, \\"expiryYear\\": 26, \\"maskedCard\\": \\"************1111\\", \\"scheme\\": \\"visa\\"}, \\"type\\": \\"card\\"}, \\"status\\": \\"succeeded\\", \\"type\\": \\"payment\\"}, \\"type\\": \\"payment.succeeded\\"}"	BBGI202491	t	2024-09-18 18:03:05.040348+00	2024-09-18 18:03:05.040369+00
ch_ogkYVeQXw2bsOlMu5bwu3AL9	"{\\"createdDate\\": \\"2024-09-18T18:05:24.554047Z\\", \\"id\\": \\"evt_4xbqJXOmP41FD86ty2ds4Mag\\", \\"payload\\": {\\"amount\\": 12360, \\"createdDate\\": \\"2024-09-18T18:05:06.696240Z\\", \\"currency\\": \\"ZAR\\", \\"id\\": \\"p_yL8Y4XOpMAmcNAPF2wKirGvE\\", \\"metadata\\": {\\"checkoutId\\": \\"ch_ogkYVeQXw2bsOlMu5bwu3AL9\\", \\"domain\\": \\"bbgi.co.za\\", \\"productType\\": \\"checkout\\"}, \\"mode\\": \\"test\\", \\"paymentMethodDetails\\": {\\"card\\": {\\"expiryMonth\\": 2, \\"expiryYear\\": 26, \\"maskedCard\\": \\"************1111\\", \\"scheme\\": \\"visa\\"}, \\"type\\": \\"card\\"}, \\"status\\": \\"succeeded\\", \\"type\\": \\"payment\\"}, \\"type\\": \\"payment.succeeded\\"}"	\N	f	2024-09-18 18:05:25.463085+00	2024-09-18 18:05:25.463116+00
ch_kgKDNVJV6GYubbjHrPvTm05x	"{\\"createdDate\\": \\"2024-09-18T18:25:58.702230Z\\", \\"id\\": \\"evt_eLB3NvovdAdHpZlClk2FnZ7E\\", \\"payload\\": {\\"amount\\": 12360, \\"createdDate\\": \\"2024-09-18T18:25:44.596201Z\\", \\"currency\\": \\"ZAR\\", \\"id\\": \\"p_8EDJNQaQa76s5wNsYRYuR1jx\\", \\"metadata\\": {\\"checkoutId\\": \\"ch_kgKDNVJV6GYubbjHrPvTm05x\\", \\"domain\\": \\"bbgi.co.za\\", \\"productType\\": \\"checkout\\"}, \\"mode\\": \\"test\\", \\"paymentMethodDetails\\": {\\"card\\": {\\"expiryMonth\\": 2, \\"expiryYear\\": 26, \\"maskedCard\\": \\"************1111\\", \\"scheme\\": \\"visa\\"}, \\"type\\": \\"card\\"}, \\"status\\": \\"succeeded\\", \\"type\\": \\"payment\\"}, \\"type\\": \\"payment.succeeded\\"}"	BBGI202493	t	2024-09-18 18:25:59.74817+00	2024-09-18 18:25:59.74819+00
ch_XEwO7pbWokdFWDnfXoBsZwXE	"{\\"createdDate\\": \\"2024-09-18T18:27:38.026401Z\\", \\"id\\": \\"evt_8EDJNQaoNqkCM81f3DmFeQVx\\", \\"payload\\": {\\"amount\\": 50000, \\"createdDate\\": \\"2024-09-18T18:27:21.589141Z\\", \\"currency\\": \\"ZAR\\", \\"id\\": \\"p_QLOBRMedvK4SeW3cy8vuPp8x\\", \\"metadata\\": {\\"checkoutId\\": \\"ch_XEwO7pbWokdFWDnfXoBsZwXE\\", \\"domain\\": \\"bbgi.co.za\\", \\"productType\\": \\"checkout\\"}, \\"mode\\": \\"test\\", \\"paymentMethodDetails\\": {\\"card\\": {\\"expiryMonth\\": 2, \\"expiryYear\\": 26, \\"maskedCard\\": \\"************1111\\", \\"scheme\\": \\"visa\\"}, \\"type\\": \\"card\\"}, \\"status\\": \\"succeeded\\", \\"type\\": \\"payment\\"}, \\"type\\": \\"payment.succeeded\\"}"	BBGI20249	t	2024-09-18 18:27:39.165702+00	2024-09-18 18:27:39.165723+00
ch_yL8Y4XDYVbKt9B1hyDJS1alE	"{\\"createdDate\\": \\"2024-09-18T18:36:09.200578Z\\", \\"id\\": \\"evt_9Ee7Z5w7Zl6fvzAh3rkS4vpx\\", \\"payload\\": {\\"amount\\": 50000, \\"createdDate\\": \\"2024-09-18T18:35:54.671276Z\\", \\"currency\\": \\"ZAR\\", \\"id\\": \\"p_pLpJpDrJjbvUMQiwMaF401gZ\\", \\"metadata\\": {\\"checkoutId\\": \\"ch_yL8Y4XDYVbKt9B1hyDJS1alE\\", \\"domain\\": \\"bbgi.co.za\\", \\"productType\\": \\"checkout\\"}, \\"mode\\": \\"test\\", \\"paymentMethodDetails\\": {\\"card\\": {\\"expiryMonth\\": 2, \\"expiryYear\\": 26, \\"maskedCard\\": \\"************1111\\", \\"scheme\\": \\"visa\\"}, \\"type\\": \\"card\\"}, \\"status\\": \\"succeeded\\", \\"type\\": \\"payment\\"}, \\"type\\": \\"payment.succeeded\\"}"	BBGI20249	t	2024-09-18 18:36:10.114446+00	2024-09-18 18:36:10.114485+00
ch_dg1eZ5BOYqpuM9NHPy3sbBgB	"{\\"createdDate\\": \\"2024-09-25T08:38:09.367703Z\\", \\"id\\": \\"evt_4xbq1aZ0qq3clYaFpAPi4kqg\\", \\"payload\\": {\\"amount\\": 12360, \\"createdDate\\": \\"2024-09-25T08:37:33.535471Z\\", \\"currency\\": \\"ZAR\\", \\"id\\": \\"p_3LRQO67NDZZIQKquy8oIrbox\\", \\"metadata\\": {\\"checkoutId\\": \\"ch_dg1eZ5BOYqpuM9NHPy3sbBgB\\", \\"domain\\": \\"bbgi.co.za\\", \\"productType\\": \\"checkout\\"}, \\"mode\\": \\"live\\", \\"paymentMethodDetails\\": {\\"card\\": {\\"expiryMonth\\": 12, \\"expiryYear\\": 25, \\"maskedCard\\": \\"************0116\\", \\"scheme\\": \\"visa\\"}, \\"type\\": \\"card\\"}, \\"status\\": \\"succeeded\\", \\"type\\": \\"payment\\"}, \\"type\\": \\"payment.succeeded\\"}"	BBGI202493	t	2024-09-25 08:38:10.340347+00	2024-09-25 08:38:10.340441+00
ch_GPEPbGMRD0G4IpOs0X3TRZx2	"{\\"createdDate\\": \\"2024-10-20T00:23:32.061058Z\\", \\"id\\": \\"evt_2LNQdBmZ1dwTeKAubnriQ8bx\\", \\"payload\\": {\\"amount\\": 50000, \\"createdDate\\": \\"2024-10-20T00:22:57.595180Z\\", \\"currency\\": \\"ZAR\\", \\"id\\": \\"p_PgrMaRnb59kI0OIRGKtyAyEb\\", \\"metadata\\": {\\"checkoutId\\": \\"ch_GPEPbGMRD0G4IpOs0X3TRZx2\\", \\"domain\\": \\"bbgi.co.za\\", \\"productType\\": \\"checkout\\"}, \\"mode\\": \\"test\\", \\"paymentMethodDetails\\": {\\"card\\": {\\"expiryMonth\\": 10, \\"expiryYear\\": 29, \\"maskedCard\\": \\"************1111\\", \\"scheme\\": \\"visa\\"}, \\"type\\": \\"card\\"}, \\"status\\": \\"succeeded\\", \\"type\\": \\"payment\\"}, \\"type\\": \\"payment.succeeded\\"}"	BBGI202410	t	2024-10-20 00:23:33.156134+00	2024-10-20 00:23:33.156184+00
ch_ogWYwadnpwzhGbKtMXmteo0L	"{\\"createdDate\\": \\"2024-10-22T02:20:32.082156Z\\", \\"id\\": \\"evt_QLOBGa9nZlqSXw6i6mQuBY9x\\", \\"payload\\": {\\"amount\\": 50000, \\"createdDate\\": \\"2024-10-22T02:20:10.353648Z\\", \\"currency\\": \\"ZAR\\", \\"id\\": \\"p_4LVK6N9pj4wF3K4iPJaH00ZE\\", \\"metadata\\": {\\"checkoutId\\": \\"ch_ogWYwadnpwzhGbKtMXmteo0L\\", \\"domain\\": \\"bbgi.co.za\\", \\"productType\\": \\"checkout\\"}, \\"mode\\": \\"test\\", \\"paymentMethodDetails\\": {\\"card\\": {\\"expiryMonth\\": 11, \\"expiryYear\\": 25, \\"maskedCard\\": \\"************1111\\", \\"scheme\\": \\"visa\\"}, \\"type\\": \\"card\\"}, \\"status\\": \\"succeeded\\", \\"type\\": \\"payment\\"}, \\"type\\": \\"payment.succeeded\\"}"	BBGI202410	t	2024-10-22 02:20:33.050739+00	2024-10-22 02:20:33.050765+00
ch_4LVK69wmDB3tBrZUb3zH2njE	"{\\"createdDate\\": \\"2024-11-06T15:08:50.578601Z\\", \\"id\\": \\"evt_wxMZlrB36vqS58ZhqDaF2oBL\\", \\"payload\\": {\\"amount\\": 20600, \\"createdDate\\": \\"2024-11-06T15:08:02.489614Z\\", \\"currency\\": \\"ZAR\\", \\"id\\": \\"p_GEZ1vdYMGd1tpPcYZli3b1Lw\\", \\"metadata\\": {\\"checkoutId\\": \\"ch_4LVK69wmDB3tBrZUb3zH2njE\\", \\"domain\\": \\"bbgi.co.za\\", \\"productType\\": \\"checkout\\"}, \\"mode\\": \\"live\\", \\"paymentMethodDetails\\": {\\"card\\": {\\"expiryMonth\\": 12, \\"expiryYear\\": 25, \\"maskedCard\\": \\"************0116\\", \\"scheme\\": \\"visa\\"}, \\"type\\": \\"card\\"}, \\"status\\": \\"succeeded\\", \\"type\\": \\"payment\\"}, \\"type\\": \\"payment.succeeded\\"}"	BBGI2024111	t	2024-11-06 15:08:51.586013+00	2024-11-06 15:08:51.586069+00
ch_8EjYa7Mm508fKXhrMRcaBmLa	"{\\"createdDate\\": \\"2024-11-07T03:04:41.393203Z\\", \\"id\\": \\"evt_PEPbGd8JYQwHD1ty39h3aax2\\", \\"payload\\": {\\"amount\\": 20600, \\"createdDate\\": \\"2024-11-07T03:04:15.062854Z\\", \\"currency\\": \\"ZAR\\", \\"id\\": \\"p_rEy7kVPm8JpcDRIPyotnoKxK\\", \\"metadata\\": {\\"checkoutId\\": \\"ch_8EjYa7Mm508fKXhrMRcaBmLa\\", \\"domain\\": \\"bbgi.co.za\\", \\"productType\\": \\"checkout\\"}, \\"mode\\": \\"test\\", \\"paymentMethodDetails\\": {\\"card\\": {\\"expiryMonth\\": 11, \\"expiryYear\\": 25, \\"maskedCard\\": \\"************1111\\", \\"scheme\\": \\"visa\\"}, \\"type\\": \\"card\\"}, \\"status\\": \\"succeeded\\", \\"type\\": \\"payment\\"}, \\"type\\": \\"payment.succeeded\\"}"	BBGI2024117	t	2024-11-07 03:04:42.500943+00	2024-11-07 03:04:42.500965+00
ch_4LVK69nWK8WFbZAsb0qcBJEB	"{\\"createdDate\\": \\"2024-11-07T03:56:20.576005Z\\", \\"id\\": \\"evt_0Ll1B6N9wo3toors6oVFRerE\\", \\"payload\\": {\\"amount\\": 20600, \\"createdDate\\": \\"2024-11-07T03:55:55.012720Z\\", \\"currency\\": \\"ZAR\\", \\"id\\": \\"p_PLmQawm9Aybho6H4Xdc82KLm\\", \\"metadata\\": {\\"checkoutId\\": \\"ch_4LVK69nWK8WFbZAsb0qcBJEB\\", \\"domain\\": \\"bbgi.co.za\\", \\"productType\\": \\"checkout\\"}, \\"mode\\": \\"test\\", \\"paymentMethodDetails\\": {\\"card\\": {\\"expiryMonth\\": 11, \\"expiryYear\\": 25, \\"maskedCard\\": \\"************1111\\", \\"scheme\\": \\"visa\\"}, \\"type\\": \\"card\\"}, \\"status\\": \\"succeeded\\", \\"type\\": \\"payment\\"}, \\"type\\": \\"payment.succeeded\\"}"	BBGI2024112	t	2024-11-07 03:56:21.691025+00	2024-11-07 03:56:21.691052+00
ch_kGEZ1vdJaKjns2BUKvi3okLw	"{\\"createdDate\\": \\"2024-11-07T04:00:28.267456Z\\", \\"id\\": \\"evt_VgakJdWlANeuqAyuO6JskmzL\\", \\"payload\\": {\\"amount\\": 20600, \\"createdDate\\": \\"2024-11-07T04:00:04.480553Z\\", \\"currency\\": \\"ZAR\\", \\"id\\": \\"p_BEd5ydBNWQMibwUpY1UWX8go\\", \\"metadata\\": {\\"checkoutId\\": \\"ch_kGEZ1vdJaKjns2BUKvi3okLw\\", \\"domain\\": \\"bbgi.co.za\\", \\"productType\\": \\"checkout\\"}, \\"mode\\": \\"test\\", \\"paymentMethodDetails\\": {\\"card\\": {\\"expiryMonth\\": 11, \\"expiryYear\\": 25, \\"maskedCard\\": \\"************1111\\", \\"scheme\\": \\"visa\\"}, \\"type\\": \\"card\\"}, \\"status\\": \\"succeeded\\", \\"type\\": \\"payment\\"}, \\"type\\": \\"payment.succeeded\\"}"	BBGI2024113	t	2024-11-07 04:00:30.241275+00	2024-11-07 04:00:30.24131+00
ch_J4EX8od0Obq2h4iz6kIBeoEN	"{\\"createdDate\\": \\"2024-11-07T04:14:16.179219Z\\", \\"id\\": \\"evt_9g0ym0jAk5KtyRU6RaSyVpxV\\", \\"payload\\": {\\"amount\\": 50000, \\"createdDate\\": \\"2024-11-07T04:13:39.329139Z\\", \\"currency\\": \\"ZAR\\", \\"id\\": \\"p_QLOBG96KOemu4Xt60ZiPjVxb\\", \\"metadata\\": {\\"checkoutId\\": \\"ch_J4EX8od0Obq2h4iz6kIBeoEN\\", \\"domain\\": \\"bbgi.co.za\\", \\"productType\\": \\"checkout\\"}, \\"mode\\": \\"test\\", \\"paymentMethodDetails\\": {\\"card\\": {\\"expiryMonth\\": 11, \\"expiryYear\\": 25, \\"maskedCard\\": \\"************1111\\", \\"scheme\\": \\"visa\\"}, \\"type\\": \\"card\\"}, \\"status\\": \\"succeeded\\", \\"type\\": \\"payment\\"}, \\"type\\": \\"payment.succeeded\\"}"	BBGI202411	t	2024-11-07 04:14:17.091417+00	2024-11-07 04:14:17.091441+00
ch_8EDJGeBlVl7C5Q6iKnXfeapx	"{\\"createdDate\\": \\"2024-11-07T07:12:47.414870Z\\", \\"id\\": \\"evt_JL2nNG7BaBPtelGHdlPi41LZ\\", \\"payload\\": {\\"amount\\": 20600, \\"createdDate\\": \\"2024-11-07T07:11:10.542005Z\\", \\"currency\\": \\"ZAR\\", \\"id\\": \\"p_4xbq1r7PVMkSPqOspNDIpmOg\\", \\"metadata\\": {\\"checkoutId\\": \\"ch_8EDJGeBlVl7C5Q6iKnXfeapx\\", \\"domain\\": \\"bbgi.co.za\\", \\"productType\\": \\"checkout\\"}, \\"mode\\": \\"test\\", \\"paymentMethodDetails\\": {\\"card\\": {\\"expiryMonth\\": 11, \\"expiryYear\\": 25, \\"maskedCard\\": \\"************1111\\", \\"scheme\\": \\"visa\\"}, \\"type\\": \\"card\\"}, \\"status\\": \\"succeeded\\", \\"type\\": \\"payment\\"}, \\"type\\": \\"payment.succeeded\\"}"	BBGI2024112	t	2024-11-07 07:12:49.583492+00	2024-11-07 07:12:49.583521+00
ch_yL8YZmjY5qDS2qaTbDmHrVpE	"{\\"createdDate\\": \\"2024-11-07T07:35:56.760177Z\\", \\"id\\": \\"evt_PLmQaOnAQVksGanf4nmt1plL\\", \\"payload\\": {\\"amount\\": 20600, \\"createdDate\\": \\"2024-11-07T07:35:32.923115Z\\", \\"currency\\": \\"ZAR\\", \\"id\\": \\"p_yxvqGYyqvemizGfb1ZtP77gB\\", \\"metadata\\": {\\"checkoutId\\": \\"ch_yL8YZmjY5qDS2qaTbDmHrVpE\\", \\"domain\\": \\"bbgi.co.za\\", \\"productType\\": \\"checkout\\"}, \\"mode\\": \\"test\\", \\"paymentMethodDetails\\": {\\"card\\": {\\"expiryMonth\\": 11, \\"expiryYear\\": 25, \\"maskedCard\\": \\"************1111\\", \\"scheme\\": \\"visa\\"}, \\"type\\": \\"card\\"}, \\"status\\": \\"succeeded\\", \\"type\\": \\"payment\\"}, \\"type\\": \\"payment.succeeded\\"}"	BBGI2024113	t	2024-11-07 07:35:57.903599+00	2024-11-07 07:35:57.903625+00
ch_0Ll1BPpwnpVfWzvspRvfKmEV	"{\\"createdDate\\": \\"2024-11-24T18:28:04.103611Z\\", \\"id\\": \\"evt_ogkYa8jbY2XtwqXU5D5hQ89L\\", \\"payload\\": {\\"amount\\": 20600, \\"createdDate\\": \\"2024-11-24T18:26:32.279389Z\\", \\"currency\\": \\"ZAR\\", \\"id\\": \\"p_1EAwGzJmooRuJA3s6laSnylx\\", \\"metadata\\": {\\"checkoutId\\": \\"ch_0Ll1BPpwnpVfWzvspRvfKmEV\\", \\"domain\\": \\"www.bbgi.co.za\\", \\"productType\\": \\"checkout\\"}, \\"mode\\": \\"live\\", \\"paymentMethodDetails\\": {\\"card\\": {\\"expiryMonth\\": 11, \\"expiryYear\\": 25, \\"maskedCard\\": \\"************8685\\", \\"scheme\\": \\"visa\\"}, \\"type\\": \\"card\\"}, \\"status\\": \\"succeeded\\", \\"type\\": \\"payment\\"}, \\"type\\": \\"payment.succeeded\\"}"	BBGI2024118	t	2024-11-24 18:28:05.123359+00	2024-11-24 18:28:05.123385+00
ch_ax4bXa0ZD08UwKUyqBfY91Ej	"{\\"createdDate\\": \\"2024-11-26T16:49:18.301280Z\\", \\"id\\": \\"evt_Kx6mkWyMQZeCApeubq2Hypg8\\", \\"payload\\": {\\"amount\\": 20600, \\"createdDate\\": \\"2024-11-26T16:47:17.776936Z\\", \\"currency\\": \\"ZAR\\", \\"id\\": \\"p_ax4bXa0ZDrNu9KF54AtYlXEj\\", \\"metadata\\": {\\"checkoutId\\": \\"ch_ax4bXa0ZD08UwKUyqBfY91Ej\\", \\"domain\\": \\"bbgi.co.za\\", \\"productType\\": \\"checkout\\"}, \\"mode\\": \\"live\\", \\"paymentMethodDetails\\": {\\"card\\": {\\"expiryMonth\\": 10, \\"expiryYear\\": 26, \\"maskedCard\\": \\"************3555\\", \\"scheme\\": \\"mastercard\\"}, \\"type\\": \\"card\\"}, \\"status\\": \\"succeeded\\", \\"type\\": \\"payment\\"}, \\"type\\": \\"payment.succeeded\\"}"	BBGI20241116	t	2024-11-26 16:49:19.142739+00	2024-11-26 16:49:19.142764+00
ch_9Ee7lm3DBW8f42U3KNTr5YxD	"{\\"createdDate\\": \\"2024-11-26T18:00:39.027675Z\\", \\"id\\": \\"evt_PEPbGj4baWrTKo5UXpKt3YBx\\", \\"payload\\": {\\"amount\\": 41200, \\"createdDate\\": \\"2024-11-26T17:59:04.723524Z\\", \\"currency\\": \\"ZAR\\", \\"id\\": \\"p_ogkYaPdlJRzCw80F58yFpzL9\\", \\"metadata\\": {\\"checkoutId\\": \\"ch_9Ee7lm3DBW8f42U3KNTr5YxD\\", \\"domain\\": \\"www.bbgi.co.za\\", \\"productType\\": \\"checkout\\"}, \\"mode\\": \\"live\\", \\"paymentMethodDetails\\": {\\"card\\": {\\"expiryMonth\\": 2, \\"expiryYear\\": 29, \\"maskedCard\\": \\"************9375\\", \\"scheme\\": \\"visa\\"}, \\"type\\": \\"card\\"}, \\"status\\": \\"succeeded\\", \\"type\\": \\"payment\\"}, \\"type\\": \\"payment.succeeded\\"}"	BBGI20241119	t	2024-11-26 18:00:39.905907+00	2024-11-26 18:00:39.905931+00
ch_dg1e8wyMJdGtMNWFWoCP4AgB	"{\\"createdDate\\": \\"2025-01-03T19:05:39.829602Z\\", \\"id\\": \\"evt_0Ll1wW7144lhZM1i5YJC1kQE\\", \\"payload\\": {\\"amount\\": 20600, \\"createdDate\\": \\"2025-01-03T19:03:21.145549Z\\", \\"currency\\": \\"ZAR\\", \\"id\\": \\"p_VgakRKvQrr8hNe0tyX6Cw6Ld\\", \\"metadata\\": {\\"checkoutId\\": \\"ch_dg1e8wyMJdGtMNWFWoCP4AgB\\", \\"productType\\": \\"checkout\\"}, \\"mode\\": \\"test\\", \\"paymentMethodDetails\\": {\\"card\\": {\\"expiryMonth\\": 2, \\"expiryYear\\": 27, \\"maskedCard\\": \\"************1111\\", \\"scheme\\": \\"visa\\"}, \\"type\\": \\"card\\"}, \\"status\\": \\"succeeded\\", \\"type\\": \\"payment\\"}, \\"type\\": \\"payment.succeeded\\"}"	\N	f	2025-01-03 19:05:40.843565+00	2025-01-03 19:05:40.843694+00
ch_PEPbRqG0javhpGntX9jh9Jx2	"{\\"createdDate\\": \\"2025-02-09T14:10:30.087401Z\\", \\"id\\": \\"evt_PgrMnPayKPDi0qAsR17tRb5E\\", \\"payload\\": {\\"amount\\": 21630, \\"createdDate\\": \\"2025-02-09T14:01:52.228696Z\\", \\"currency\\": \\"ZAR\\", \\"id\\": \\"p_yxvqJPG9zwAF0v5S4Vls3JYg\\", \\"metadata\\": {\\"checkoutId\\": \\"ch_PEPbRqG0javhpGntX9jh9Jx2\\", \\"domain\\": \\"bbgi.co.za\\", \\"productType\\": \\"checkout\\"}, \\"mode\\": \\"live\\", \\"paymentMethodDetails\\": {\\"type\\": \\"instant_eft\\"}, \\"status\\": \\"succeeded\\", \\"type\\": \\"payment\\"}, \\"type\\": \\"payment.succeeded\\"}"	BBGI202522	t	2025-02-09 14:10:31.426728+00	2025-02-09 14:10:31.426755+00
ch_DLzArj7aK19tJK9TbdZUnaxa	"{\\"createdDate\\": \\"2025-02-13T17:17:01.357458Z\\", \\"id\\": \\"evt_8EDJXRrKydMFv7ZiYb8fjopx\\", \\"payload\\": {\\"amount\\": 10300, \\"createdDate\\": \\"2025-02-13T17:16:46.422261Z\\", \\"currency\\": \\"ZAR\\", \\"id\\": \\"p_1EAwmRrWJOoh621c0jTAzNxm\\", \\"metadata\\": {\\"checkoutId\\": \\"ch_DLzArj7aK19tJK9TbdZUnaxa\\", \\"domain\\": \\"www.bbgi.co.za\\", \\"productType\\": \\"checkout\\"}, \\"mode\\": \\"live\\", \\"paymentMethodDetails\\": {\\"type\\": \\"apple_pay\\"}, \\"status\\": \\"succeeded\\", \\"type\\": \\"payment\\"}, \\"type\\": \\"payment.succeeded\\"}"	\N	f	2025-02-13 17:17:02.739897+00	2025-02-13 17:17:02.739923+00
ch_agJkmzYqGO7Iw1YsX2NFDNx2	"{\\"createdDate\\": \\"2025-02-17T23:46:17.641324Z\\", \\"id\\": \\"evt_kgKDmzQObvrTD4KSOybFm3qx\\", \\"payload\\": {\\"amount\\": 10300, \\"createdDate\\": \\"2025-02-17T23:45:59.718907Z\\", \\"currency\\": \\"ZAR\\", \\"id\\": \\"p_8EjYA8zyApRtRbACV8Gf0q6L\\", \\"metadata\\": {\\"checkoutId\\": \\"ch_agJkmzYqGO7Iw1YsX2NFDNx2\\", \\"domain\\": \\"bbgi.co.za\\", \\"productType\\": \\"checkout\\"}, \\"mode\\": \\"live\\", \\"paymentMethodDetails\\": {\\"type\\": \\"apple_pay\\"}, \\"status\\": \\"succeeded\\", \\"type\\": \\"payment\\"}, \\"type\\": \\"payment.succeeded\\"}"	BBGI202525	t	2025-02-17 23:46:18.881084+00	2025-02-17 23:46:18.881123+00
ch_VgakRMoeyAXCN77ckG0ckaGL	"{\\"createdDate\\": \\"2025-03-09T02:13:09.132635Z\\", \\"id\\": \\"evt_PEPbRKBDVp5SoNwuXeJHPymx\\", \\"payload\\": {\\"amount\\": 30900, \\"createdDate\\": \\"2025-03-09T02:12:26.221364Z\\", \\"currency\\": \\"ZAR\\", \\"id\\": \\"p_aEqGkQW5zVDUl1dIPMkfA4Yx\\", \\"metadata\\": {\\"checkoutId\\": \\"ch_VgakRMoeyAXCN77ckG0ckaGL\\", \\"domain\\": \\"bbgi.co.za\\", \\"productType\\": \\"checkout\\"}, \\"mode\\": \\"test\\", \\"paymentMethodDetails\\": {\\"card\\": {\\"expiryMonth\\": 11, \\"expiryYear\\": 26, \\"maskedCard\\": \\"************1111\\", \\"scheme\\": \\"visa\\"}, \\"type\\": \\"card\\"}, \\"status\\": \\"succeeded\\", \\"type\\": \\"payment\\"}, \\"type\\": \\"payment.succeeded\\"}"	BBGI202531	t	2025-03-09 02:13:10.354634+00	2025-03-09 02:13:10.354686+00
ch_ZgnMe6OqVW9tAbMUqXPI0VEn	"{\\"createdDate\\": \\"2025-03-09T03:05:42.062654Z\\", \\"id\\": \\"evt_y0Ll1wO81K77ImpCwVDIp8EV\\", \\"payload\\": {\\"amount\\": 51500, \\"createdDate\\": \\"2025-03-09T03:04:26.335712Z\\", \\"currency\\": \\"ZAR\\", \\"id\\": \\"p_kgKDma7pm6lTbVwHZddhKzax\\", \\"metadata\\": {\\"checkoutId\\": \\"ch_ZgnMe6OqVW9tAbMUqXPI0VEn\\", \\"domain\\": \\"bbgi.co.za\\", \\"productType\\": \\"checkout\\"}, \\"mode\\": \\"test\\", \\"paymentMethodDetails\\": {\\"card\\": {\\"expiryMonth\\": 11, \\"expiryYear\\": 28, \\"maskedCard\\": \\"************1111\\", \\"scheme\\": \\"visa\\"}, \\"type\\": \\"card\\"}, \\"status\\": \\"succeeded\\", \\"type\\": \\"payment\\"}, \\"type\\": \\"payment.succeeded\\"}"	BBGI202532	t	2025-03-09 03:05:43.554227+00	2025-03-09 03:05:43.554254+00
ch_rLQQm9v44kQH6RVFQqXhQ7mL	"{\\"createdDate\\": \\"2025-03-09T03:20:47.220814Z\\", \\"id\\": \\"evt_ax4bKV1MZOeiDVQt8eqiYQJE\\", \\"payload\\": {\\"amount\\": 41200, \\"createdDate\\": \\"2025-03-09T03:19:59.468484Z\\", \\"currency\\": \\"ZAR\\", \\"id\\": \\"p_4LVK4q0NAQeumoT2bMh5RoEB\\", \\"metadata\\": {\\"checkoutId\\": \\"ch_rLQQm9v44kQH6RVFQqXhQ7mL\\", \\"domain\\": \\"bbgi.co.za\\", \\"productType\\": \\"checkout\\"}, \\"mode\\": \\"test\\", \\"paymentMethodDetails\\": {\\"card\\": {\\"expiryMonth\\": 11, \\"expiryYear\\": 28, \\"maskedCard\\": \\"************1111\\", \\"scheme\\": \\"visa\\"}, \\"type\\": \\"card\\"}, \\"status\\": \\"succeeded\\", \\"type\\": \\"payment\\"}, \\"type\\": \\"payment.succeeded\\"}"	BBGI202533	t	2025-03-09 03:20:48.381636+00	2025-03-09 03:20:48.381665+00
ch_4EX8RAJb2V6CX7nSwYds4JPE	"{\\"createdDate\\": \\"2025-03-09T03:38:00.226952Z\\", \\"id\\": \\"evt_yL8YKBawDq2s2MDT16MS940E\\", \\"payload\\": {\\"amount\\": 30900, \\"createdDate\\": \\"2025-03-09T03:37:19.947268Z\\", \\"currency\\": \\"ZAR\\", \\"id\\": \\"p_2LNQmGwj1m9ueXahAMJHbw9x\\", \\"metadata\\": {\\"checkoutId\\": \\"ch_4EX8RAJb2V6CX7nSwYds4JPE\\", \\"productType\\": \\"checkout\\"}, \\"mode\\": \\"test\\", \\"paymentMethodDetails\\": {\\"card\\": {\\"expiryMonth\\": 11, \\"expiryYear\\": 27, \\"maskedCard\\": \\"************1111\\", \\"scheme\\": \\"visa\\"}, \\"type\\": \\"card\\"}, \\"status\\": \\"succeeded\\", \\"type\\": \\"payment\\"}, \\"type\\": \\"payment.succeeded\\"}"	\N	f	2025-03-09 03:38:01.18559+00	2025-03-09 03:38:01.185633+00
ch_agJkmZdOJ7Pcp2ycGM2cqmax	"{\\"createdDate\\": \\"2025-03-09T04:15:58.159977Z\\", \\"id\\": \\"evt_8kgKDma25Q2jtoB2sZeXf6xV\\", \\"payload\\": {\\"amount\\": 41200, \\"createdDate\\": \\"2025-03-09T04:14:55.366801Z\\", \\"currency\\": \\"ZAR\\", \\"id\\": \\"p_VgakRM0KQRJuqwBSyKXUPKXL\\", \\"metadata\\": {\\"checkoutId\\": \\"ch_agJkmZdOJ7Pcp2ycGM2cqmax\\", \\"domain\\": \\"bbgi.co.za\\", \\"productType\\": \\"checkout\\"}, \\"mode\\": \\"test\\", \\"paymentMethodDetails\\": {\\"card\\": {\\"expiryMonth\\": 11, \\"expiryYear\\": 27, \\"maskedCard\\": \\"************1111\\", \\"scheme\\": \\"visa\\"}, \\"type\\": \\"card\\"}, \\"status\\": \\"succeeded\\", \\"type\\": \\"payment\\"}, \\"type\\": \\"payment.succeeded\\"}"	BBGI202534	t	2025-03-09 04:15:59.315374+00	2025-03-09 04:15:59.315404+00
\.


--
-- Name: accounts_account_groups_id_seq; Type: SEQUENCE SET; Schema: public; Owner: thomas
--

SELECT pg_catalog.setval('public.accounts_account_groups_id_seq', 1, false);


--
-- Name: accounts_account_id_seq; Type: SEQUENCE SET; Schema: public; Owner: thomas
--

SELECT pg_catalog.setval('public.accounts_account_id_seq', 97, true);


--
-- Name: accounts_account_user_permissions_id_seq; Type: SEQUENCE SET; Schema: public; Owner: thomas
--

SELECT pg_catalog.setval('public.accounts_account_user_permissions_id_seq', 1, false);


--
-- Name: auth_group_id_seq; Type: SEQUENCE SET; Schema: public; Owner: thomas
--

SELECT pg_catalog.setval('public.auth_group_id_seq', 1, false);


--
-- Name: auth_group_permissions_id_seq; Type: SEQUENCE SET; Schema: public; Owner: thomas
--

SELECT pg_catalog.setval('public.auth_group_permissions_id_seq', 1, false);


--
-- Name: auth_permission_id_seq; Type: SEQUENCE SET; Schema: public; Owner: thomas
--

SELECT pg_catalog.setval('public.auth_permission_id_seq', 220, true);


--
-- Name: django_admin_log_id_seq; Type: SEQUENCE SET; Schema: public; Owner: thomas
--

SELECT pg_catalog.setval('public.django_admin_log_id_seq', 349, true);


--
-- Name: django_celery_beat_clockedschedule_id_seq; Type: SEQUENCE SET; Schema: public; Owner: thomas
--

SELECT pg_catalog.setval('public.django_celery_beat_clockedschedule_id_seq', 1, false);


--
-- Name: django_celery_beat_crontabschedule_id_seq; Type: SEQUENCE SET; Schema: public; Owner: thomas
--

SELECT pg_catalog.setval('public.django_celery_beat_crontabschedule_id_seq', 2, true);


--
-- Name: django_celery_beat_intervalschedule_id_seq; Type: SEQUENCE SET; Schema: public; Owner: thomas
--

SELECT pg_catalog.setval('public.django_celery_beat_intervalschedule_id_seq', 1, false);


--
-- Name: django_celery_beat_periodictask_id_seq; Type: SEQUENCE SET; Schema: public; Owner: thomas
--

SELECT pg_catalog.setval('public.django_celery_beat_periodictask_id_seq', 3, true);


--
-- Name: django_celery_beat_solarschedule_id_seq; Type: SEQUENCE SET; Schema: public; Owner: thomas
--

SELECT pg_catalog.setval('public.django_celery_beat_solarschedule_id_seq', 1, false);


--
-- Name: django_celery_results_chordcounter_id_seq; Type: SEQUENCE SET; Schema: public; Owner: thomas
--

SELECT pg_catalog.setval('public.django_celery_results_chordcounter_id_seq', 1, false);


--
-- Name: django_celery_results_groupresult_id_seq; Type: SEQUENCE SET; Schema: public; Owner: thomas
--

SELECT pg_catalog.setval('public.django_celery_results_groupresult_id_seq', 1, false);


--
-- Name: django_celery_results_taskresult_id_seq; Type: SEQUENCE SET; Schema: public; Owner: thomas
--

SELECT pg_catalog.setval('public.django_celery_results_taskresult_id_seq', 238, true);


--
-- Name: django_content_type_id_seq; Type: SEQUENCE SET; Schema: public; Owner: thomas
--

SELECT pg_catalog.setval('public.django_content_type_id_seq', 55, true);


--
-- Name: django_migrations_id_seq; Type: SEQUENCE SET; Schema: public; Owner: thomas
--

SELECT pg_catalog.setval('public.django_migrations_id_seq', 125, true);


--
-- Name: accounts_aboutcompany accounts_aboutcompany_mission_key; Type: CONSTRAINT; Schema: public; Owner: thomas
--

ALTER TABLE ONLY public.accounts_aboutcompany
    ADD CONSTRAINT accounts_aboutcompany_mission_key UNIQUE (mission);


--
-- Name: accounts_aboutcompany accounts_aboutcompany_phone_key; Type: CONSTRAINT; Schema: public; Owner: thomas
--

ALTER TABLE ONLY public.accounts_aboutcompany
    ADD CONSTRAINT accounts_aboutcompany_phone_key UNIQUE (phone);


--
-- Name: accounts_aboutcompany accounts_aboutcompany_pkey; Type: CONSTRAINT; Schema: public; Owner: thomas
--

ALTER TABLE ONLY public.accounts_aboutcompany
    ADD CONSTRAINT accounts_aboutcompany_pkey PRIMARY KEY (id);


--
-- Name: accounts_aboutcompany accounts_aboutcompany_slogan_key; Type: CONSTRAINT; Schema: public; Owner: thomas
--

ALTER TABLE ONLY public.accounts_aboutcompany
    ADD CONSTRAINT accounts_aboutcompany_slogan_key UNIQUE (slogan);


--
-- Name: accounts_aboutcompany accounts_aboutcompany_slug_key; Type: CONSTRAINT; Schema: public; Owner: thomas
--

ALTER TABLE ONLY public.accounts_aboutcompany
    ADD CONSTRAINT accounts_aboutcompany_slug_key UNIQUE (slug);


--
-- Name: accounts_aboutcompany accounts_aboutcompany_title_key; Type: CONSTRAINT; Schema: public; Owner: thomas
--

ALTER TABLE ONLY public.accounts_aboutcompany
    ADD CONSTRAINT accounts_aboutcompany_title_key UNIQUE (title);


--
-- Name: accounts_aboutcompany accounts_aboutcompany_vision_key; Type: CONSTRAINT; Schema: public; Owner: thomas
--

ALTER TABLE ONLY public.accounts_aboutcompany
    ADD CONSTRAINT accounts_aboutcompany_vision_key UNIQUE (vision);


--
-- Name: accounts_account_groups accounts_account_groups_account_id_group_id_f64165b0_uniq; Type: CONSTRAINT; Schema: public; Owner: thomas
--

ALTER TABLE ONLY public.accounts_account_groups
    ADD CONSTRAINT accounts_account_groups_account_id_group_id_f64165b0_uniq UNIQUE (account_id, group_id);


--
-- Name: accounts_account_groups accounts_account_groups_pkey; Type: CONSTRAINT; Schema: public; Owner: thomas
--

ALTER TABLE ONLY public.accounts_account_groups
    ADD CONSTRAINT accounts_account_groups_pkey PRIMARY KEY (id);


--
-- Name: accounts_account accounts_account_phone_key; Type: CONSTRAINT; Schema: public; Owner: thomas
--

ALTER TABLE ONLY public.accounts_account
    ADD CONSTRAINT accounts_account_phone_key UNIQUE (phone);


--
-- Name: accounts_account accounts_account_pkey; Type: CONSTRAINT; Schema: public; Owner: thomas
--

ALTER TABLE ONLY public.accounts_account
    ADD CONSTRAINT accounts_account_pkey PRIMARY KEY (id);


--
-- Name: accounts_account_user_permissions accounts_account_user_pe_account_id_permission_id_9af93c14_uniq; Type: CONSTRAINT; Schema: public; Owner: thomas
--

ALTER TABLE ONLY public.accounts_account_user_permissions
    ADD CONSTRAINT accounts_account_user_pe_account_id_permission_id_9af93c14_uniq UNIQUE (account_id, permission_id);


--
-- Name: accounts_account_user_permissions accounts_account_user_permissions_pkey; Type: CONSTRAINT; Schema: public; Owner: thomas
--

ALTER TABLE ONLY public.accounts_account_user_permissions
    ADD CONSTRAINT accounts_account_user_permissions_pkey PRIMARY KEY (id);


--
-- Name: accounts_account accounts_account_username_key; Type: CONSTRAINT; Schema: public; Owner: thomas
--

ALTER TABLE ONLY public.accounts_account
    ADD CONSTRAINT accounts_account_username_key UNIQUE (username);


--
-- Name: accounts_subscriptionorder accounts_subscriptionorder_checkout_id_key; Type: CONSTRAINT; Schema: public; Owner: thomas
--

ALTER TABLE ONLY public.accounts_subscriptionorder
    ADD CONSTRAINT accounts_subscriptionorder_checkout_id_key UNIQUE (checkout_id);


--
-- Name: accounts_subscriptionorder accounts_subscriptionorder_order_id_key; Type: CONSTRAINT; Schema: public; Owner: thomas
--

ALTER TABLE ONLY public.accounts_subscriptionorder
    ADD CONSTRAINT accounts_subscriptionorder_order_id_key UNIQUE (order_id);


--
-- Name: accounts_subscriptionorder accounts_subscriptionorder_pkey; Type: CONSTRAINT; Schema: public; Owner: thomas
--

ALTER TABLE ONLY public.accounts_subscriptionorder
    ADD CONSTRAINT accounts_subscriptionorder_pkey PRIMARY KEY (id);


--
-- Name: accounts_subscriptionorder accounts_subscriptionorder_subscriber_id_key; Type: CONSTRAINT; Schema: public; Owner: thomas
--

ALTER TABLE ONLY public.accounts_subscriptionorder
    ADD CONSTRAINT accounts_subscriptionorder_subscriber_id_key UNIQUE (subscriber_id);


--
-- Name: accounts_subscriptionpackage accounts_subscriptionpackage_pkey; Type: CONSTRAINT; Schema: public; Owner: thomas
--

ALTER TABLE ONLY public.accounts_subscriptionpackage
    ADD CONSTRAINT accounts_subscriptionpackage_pkey PRIMARY KEY (id);


--
-- Name: accounts_walletmodel accounts_walletmodel_owner_id_key; Type: CONSTRAINT; Schema: public; Owner: thomas
--

ALTER TABLE ONLY public.accounts_walletmodel
    ADD CONSTRAINT accounts_walletmodel_owner_id_key UNIQUE (owner_id);


--
-- Name: accounts_walletmodel accounts_walletmodel_pkey; Type: CONSTRAINT; Schema: public; Owner: thomas
--

ALTER TABLE ONLY public.accounts_walletmodel
    ADD CONSTRAINT accounts_walletmodel_pkey PRIMARY KEY (id);


--
-- Name: auth_group auth_group_name_key; Type: CONSTRAINT; Schema: public; Owner: thomas
--

ALTER TABLE ONLY public.auth_group
    ADD CONSTRAINT auth_group_name_key UNIQUE (name);


--
-- Name: auth_group_permissions auth_group_permissions_group_id_permission_id_0cd325b0_uniq; Type: CONSTRAINT; Schema: public; Owner: thomas
--

ALTER TABLE ONLY public.auth_group_permissions
    ADD CONSTRAINT auth_group_permissions_group_id_permission_id_0cd325b0_uniq UNIQUE (group_id, permission_id);


--
-- Name: auth_group_permissions auth_group_permissions_pkey; Type: CONSTRAINT; Schema: public; Owner: thomas
--

ALTER TABLE ONLY public.auth_group_permissions
    ADD CONSTRAINT auth_group_permissions_pkey PRIMARY KEY (id);


--
-- Name: auth_group auth_group_pkey; Type: CONSTRAINT; Schema: public; Owner: thomas
--

ALTER TABLE ONLY public.auth_group
    ADD CONSTRAINT auth_group_pkey PRIMARY KEY (id);


--
-- Name: auth_permission auth_permission_content_type_id_codename_01ab375a_uniq; Type: CONSTRAINT; Schema: public; Owner: thomas
--

ALTER TABLE ONLY public.auth_permission
    ADD CONSTRAINT auth_permission_content_type_id_codename_01ab375a_uniq UNIQUE (content_type_id, codename);


--
-- Name: auth_permission auth_permission_pkey; Type: CONSTRAINT; Schema: public; Owner: thomas
--

ALTER TABLE ONLY public.auth_permission
    ADD CONSTRAINT auth_permission_pkey PRIMARY KEY (id);


--
-- Name: bbgi_home_accreditation bbgi_home_accreditation_pkey; Type: CONSTRAINT; Schema: public; Owner: thomas
--

ALTER TABLE ONLY public.bbgi_home_accreditation
    ADD CONSTRAINT bbgi_home_accreditation_pkey PRIMARY KEY (id);


--
-- Name: bbgi_home_blog bbgi_home_blog_pkey; Type: CONSTRAINT; Schema: public; Owner: thomas
--

ALTER TABLE ONLY public.bbgi_home_blog
    ADD CONSTRAINT bbgi_home_blog_pkey PRIMARY KEY (id);


--
-- Name: bbgi_home_blog bbgi_home_blog_slug_key; Type: CONSTRAINT; Schema: public; Owner: thomas
--

ALTER TABLE ONLY public.bbgi_home_blog
    ADD CONSTRAINT bbgi_home_blog_slug_key UNIQUE (slug);


--
-- Name: bbgi_home_blogcategory bbgi_home_blogcategory_label_key; Type: CONSTRAINT; Schema: public; Owner: thomas
--

ALTER TABLE ONLY public.bbgi_home_blogcategory
    ADD CONSTRAINT bbgi_home_blogcategory_label_key UNIQUE (label);


--
-- Name: bbgi_home_blogcategory bbgi_home_blogcategory_pkey; Type: CONSTRAINT; Schema: public; Owner: thomas
--

ALTER TABLE ONLY public.bbgi_home_blogcategory
    ADD CONSTRAINT bbgi_home_blogcategory_pkey PRIMARY KEY (id);


--
-- Name: bbgi_home_blogcategory bbgi_home_blogcategory_slug_key; Type: CONSTRAINT; Schema: public; Owner: thomas
--

ALTER TABLE ONLY public.bbgi_home_blogcategory
    ADD CONSTRAINT bbgi_home_blogcategory_slug_key UNIQUE (slug);


--
-- Name: bbgi_home_comment bbgi_home_comment_pkey; Type: CONSTRAINT; Schema: public; Owner: thomas
--

ALTER TABLE ONLY public.bbgi_home_comment
    ADD CONSTRAINT bbgi_home_comment_pkey PRIMARY KEY (id);


--
-- Name: bbgi_home_emailmodel bbgi_home_emailmodel_pkey; Type: CONSTRAINT; Schema: public; Owner: thomas
--

ALTER TABLE ONLY public.bbgi_home_emailmodel
    ADD CONSTRAINT bbgi_home_emailmodel_pkey PRIMARY KEY (id);


--
-- Name: bbgi_home_faq bbgi_home_faq_pkey; Type: CONSTRAINT; Schema: public; Owner: thomas
--

ALTER TABLE ONLY public.bbgi_home_faq
    ADD CONSTRAINT bbgi_home_faq_pkey PRIMARY KEY (id);


--
-- Name: bbgi_home_member bbgi_home_member_pkey; Type: CONSTRAINT; Schema: public; Owner: thomas
--

ALTER TABLE ONLY public.bbgi_home_member
    ADD CONSTRAINT bbgi_home_member_pkey PRIMARY KEY (id);


--
-- Name: bbgi_home_privacy bbgi_home_privacy_pkey; Type: CONSTRAINT; Schema: public; Owner: thomas
--

ALTER TABLE ONLY public.bbgi_home_privacy
    ADD CONSTRAINT bbgi_home_privacy_pkey PRIMARY KEY (id);


--
-- Name: bbgi_home_privacy bbgi_home_privacy_slug_key; Type: CONSTRAINT; Schema: public; Owner: thomas
--

ALTER TABLE ONLY public.bbgi_home_privacy
    ADD CONSTRAINT bbgi_home_privacy_slug_key UNIQUE (slug);


--
-- Name: bbgi_home_privacy bbgi_home_privacy_title_key; Type: CONSTRAINT; Schema: public; Owner: thomas
--

ALTER TABLE ONLY public.bbgi_home_privacy
    ADD CONSTRAINT bbgi_home_privacy_title_key UNIQUE (title);


--
-- Name: bbgi_home_review bbgi_home_review_pkey; Type: CONSTRAINT; Schema: public; Owner: thomas
--

ALTER TABLE ONLY public.bbgi_home_review
    ADD CONSTRAINT bbgi_home_review_pkey PRIMARY KEY (id);


--
-- Name: bbgi_home_sponsor bbgi_home_sponsor_pkey; Type: CONSTRAINT; Schema: public; Owner: thomas
--

ALTER TABLE ONLY public.bbgi_home_sponsor
    ADD CONSTRAINT bbgi_home_sponsor_pkey PRIMARY KEY (id);


--
-- Name: campaigns_campaigncontent campaigns_campaigncontent_pkey; Type: CONSTRAINT; Schema: public; Owner: thomas
--

ALTER TABLE ONLY public.campaigns_campaigncontent
    ADD CONSTRAINT campaigns_campaigncontent_pkey PRIMARY KEY (id);


--
-- Name: campaigns_campaignmodel campaigns_campaignmodel_pkey; Type: CONSTRAINT; Schema: public; Owner: thomas
--

ALTER TABLE ONLY public.campaigns_campaignmodel
    ADD CONSTRAINT campaigns_campaignmodel_pkey PRIMARY KEY (id);


--
-- Name: campaigns_campaignreview campaigns_campaignreview_pkey; Type: CONSTRAINT; Schema: public; Owner: thomas
--

ALTER TABLE ONLY public.campaigns_campaignreview
    ADD CONSTRAINT campaigns_campaignreview_pkey PRIMARY KEY (id);


--
-- Name: campaigns_campaignupdatemodel campaigns_campaignupdatemodel_pkey; Type: CONSTRAINT; Schema: public; Owner: thomas
--

ALTER TABLE ONLY public.campaigns_campaignupdatemodel
    ADD CONSTRAINT campaigns_campaignupdatemodel_pkey PRIMARY KEY (id);


--
-- Name: campaigns_contributionmodel campaigns_contributionmodel_checkout_id_key; Type: CONSTRAINT; Schema: public; Owner: thomas
--

ALTER TABLE ONLY public.campaigns_contributionmodel
    ADD CONSTRAINT campaigns_contributionmodel_checkout_id_key UNIQUE (checkout_id);


--
-- Name: campaigns_contributionmodel campaigns_contributionmodel_order_number_key; Type: CONSTRAINT; Schema: public; Owner: thomas
--

ALTER TABLE ONLY public.campaigns_contributionmodel
    ADD CONSTRAINT campaigns_contributionmodel_order_number_key UNIQUE (order_number);


--
-- Name: campaigns_contributionmodel campaigns_contributionmodel_pkey; Type: CONSTRAINT; Schema: public; Owner: thomas
--

ALTER TABLE ONLY public.campaigns_contributionmodel
    ADD CONSTRAINT campaigns_contributionmodel_pkey PRIMARY KEY (id);


--
-- Name: coupons_coupon coupons_coupon_code_key; Type: CONSTRAINT; Schema: public; Owner: thomas
--

ALTER TABLE ONLY public.coupons_coupon
    ADD CONSTRAINT coupons_coupon_code_key UNIQUE (code);


--
-- Name: coupons_coupon coupons_coupon_order_id_key; Type: CONSTRAINT; Schema: public; Owner: thomas
--

ALTER TABLE ONLY public.coupons_coupon
    ADD CONSTRAINT coupons_coupon_order_id_key UNIQUE (order_id);


--
-- Name: coupons_coupon coupons_coupon_pkey; Type: CONSTRAINT; Schema: public; Owner: thomas
--

ALTER TABLE ONLY public.coupons_coupon
    ADD CONSTRAINT coupons_coupon_pkey PRIMARY KEY (id);


--
-- Name: django_admin_log django_admin_log_pkey; Type: CONSTRAINT; Schema: public; Owner: thomas
--

ALTER TABLE ONLY public.django_admin_log
    ADD CONSTRAINT django_admin_log_pkey PRIMARY KEY (id);


--
-- Name: django_celery_beat_clockedschedule django_celery_beat_clockedschedule_pkey; Type: CONSTRAINT; Schema: public; Owner: thomas
--

ALTER TABLE ONLY public.django_celery_beat_clockedschedule
    ADD CONSTRAINT django_celery_beat_clockedschedule_pkey PRIMARY KEY (id);


--
-- Name: django_celery_beat_crontabschedule django_celery_beat_crontabschedule_pkey; Type: CONSTRAINT; Schema: public; Owner: thomas
--

ALTER TABLE ONLY public.django_celery_beat_crontabschedule
    ADD CONSTRAINT django_celery_beat_crontabschedule_pkey PRIMARY KEY (id);


--
-- Name: django_celery_beat_intervalschedule django_celery_beat_intervalschedule_pkey; Type: CONSTRAINT; Schema: public; Owner: thomas
--

ALTER TABLE ONLY public.django_celery_beat_intervalschedule
    ADD CONSTRAINT django_celery_beat_intervalschedule_pkey PRIMARY KEY (id);


--
-- Name: django_celery_beat_periodictask django_celery_beat_periodictask_name_key; Type: CONSTRAINT; Schema: public; Owner: thomas
--

ALTER TABLE ONLY public.django_celery_beat_periodictask
    ADD CONSTRAINT django_celery_beat_periodictask_name_key UNIQUE (name);


--
-- Name: django_celery_beat_periodictask django_celery_beat_periodictask_pkey; Type: CONSTRAINT; Schema: public; Owner: thomas
--

ALTER TABLE ONLY public.django_celery_beat_periodictask
    ADD CONSTRAINT django_celery_beat_periodictask_pkey PRIMARY KEY (id);


--
-- Name: django_celery_beat_periodictasks django_celery_beat_periodictasks_pkey; Type: CONSTRAINT; Schema: public; Owner: thomas
--

ALTER TABLE ONLY public.django_celery_beat_periodictasks
    ADD CONSTRAINT django_celery_beat_periodictasks_pkey PRIMARY KEY (ident);


--
-- Name: django_celery_beat_solarschedule django_celery_beat_solar_event_latitude_longitude_ba64999a_uniq; Type: CONSTRAINT; Schema: public; Owner: thomas
--

ALTER TABLE ONLY public.django_celery_beat_solarschedule
    ADD CONSTRAINT django_celery_beat_solar_event_latitude_longitude_ba64999a_uniq UNIQUE (event, latitude, longitude);


--
-- Name: django_celery_beat_solarschedule django_celery_beat_solarschedule_pkey; Type: CONSTRAINT; Schema: public; Owner: thomas
--

ALTER TABLE ONLY public.django_celery_beat_solarschedule
    ADD CONSTRAINT django_celery_beat_solarschedule_pkey PRIMARY KEY (id);


--
-- Name: django_celery_results_chordcounter django_celery_results_chordcounter_group_id_key; Type: CONSTRAINT; Schema: public; Owner: thomas
--

ALTER TABLE ONLY public.django_celery_results_chordcounter
    ADD CONSTRAINT django_celery_results_chordcounter_group_id_key UNIQUE (group_id);


--
-- Name: django_celery_results_chordcounter django_celery_results_chordcounter_pkey; Type: CONSTRAINT; Schema: public; Owner: thomas
--

ALTER TABLE ONLY public.django_celery_results_chordcounter
    ADD CONSTRAINT django_celery_results_chordcounter_pkey PRIMARY KEY (id);


--
-- Name: django_celery_results_groupresult django_celery_results_groupresult_group_id_key; Type: CONSTRAINT; Schema: public; Owner: thomas
--

ALTER TABLE ONLY public.django_celery_results_groupresult
    ADD CONSTRAINT django_celery_results_groupresult_group_id_key UNIQUE (group_id);


--
-- Name: django_celery_results_groupresult django_celery_results_groupresult_pkey; Type: CONSTRAINT; Schema: public; Owner: thomas
--

ALTER TABLE ONLY public.django_celery_results_groupresult
    ADD CONSTRAINT django_celery_results_groupresult_pkey PRIMARY KEY (id);


--
-- Name: django_celery_results_taskresult django_celery_results_taskresult_pkey; Type: CONSTRAINT; Schema: public; Owner: thomas
--

ALTER TABLE ONLY public.django_celery_results_taskresult
    ADD CONSTRAINT django_celery_results_taskresult_pkey PRIMARY KEY (id);


--
-- Name: django_celery_results_taskresult django_celery_results_taskresult_task_id_key; Type: CONSTRAINT; Schema: public; Owner: thomas
--

ALTER TABLE ONLY public.django_celery_results_taskresult
    ADD CONSTRAINT django_celery_results_taskresult_task_id_key UNIQUE (task_id);


--
-- Name: django_content_type django_content_type_app_label_model_76bd3d3b_uniq; Type: CONSTRAINT; Schema: public; Owner: thomas
--

ALTER TABLE ONLY public.django_content_type
    ADD CONSTRAINT django_content_type_app_label_model_76bd3d3b_uniq UNIQUE (app_label, model);


--
-- Name: django_content_type django_content_type_pkey; Type: CONSTRAINT; Schema: public; Owner: thomas
--

ALTER TABLE ONLY public.django_content_type
    ADD CONSTRAINT django_content_type_pkey PRIMARY KEY (id);


--
-- Name: django_migrations django_migrations_pkey; Type: CONSTRAINT; Schema: public; Owner: thomas
--

ALTER TABLE ONLY public.django_migrations
    ADD CONSTRAINT django_migrations_pkey PRIMARY KEY (id);


--
-- Name: django_session django_session_pkey; Type: CONSTRAINT; Schema: public; Owner: thomas
--

ALTER TABLE ONLY public.django_session
    ADD CONSTRAINT django_session_pkey PRIMARY KEY (session_key);


--
-- Name: events_eventcontent events_eventcontent_pkey; Type: CONSTRAINT; Schema: public; Owner: thomas
--

ALTER TABLE ONLY public.events_eventcontent
    ADD CONSTRAINT events_eventcontent_pkey PRIMARY KEY (id);


--
-- Name: events_eventmodel events_eventmodel_pkey; Type: CONSTRAINT; Schema: public; Owner: thomas
--

ALTER TABLE ONLY public.events_eventmodel
    ADD CONSTRAINT events_eventmodel_pkey PRIMARY KEY (id);


--
-- Name: events_eventmodel events_eventmodel_slug_key; Type: CONSTRAINT; Schema: public; Owner: thomas
--

ALTER TABLE ONLY public.events_eventmodel
    ADD CONSTRAINT events_eventmodel_slug_key UNIQUE (slug);


--
-- Name: events_eventorganisor events_eventorganisor_full_name_organisor_phon_85691cbc_uniq; Type: CONSTRAINT; Schema: public; Owner: thomas
--

ALTER TABLE ONLY public.events_eventorganisor
    ADD CONSTRAINT events_eventorganisor_full_name_organisor_phon_85691cbc_uniq UNIQUE (full_name, organisor_phone_one, organisor_email);


--
-- Name: events_eventorganisor events_eventorganisor_organisor_phone_one_key; Type: CONSTRAINT; Schema: public; Owner: thomas
--

ALTER TABLE ONLY public.events_eventorganisor
    ADD CONSTRAINT events_eventorganisor_organisor_phone_one_key UNIQUE (organisor_phone_one);


--
-- Name: events_eventorganisor events_eventorganisor_pkey; Type: CONSTRAINT; Schema: public; Owner: thomas
--

ALTER TABLE ONLY public.events_eventorganisor
    ADD CONSTRAINT events_eventorganisor_pkey PRIMARY KEY (id);


--
-- Name: events_eventreview events_eventreview_pkey; Type: CONSTRAINT; Schema: public; Owner: thomas
--

ALTER TABLE ONLY public.events_eventreview
    ADD CONSTRAINT events_eventreview_pkey PRIMARY KEY (id);


--
-- Name: events_eventtickettypemodel events_eventtickettypemodel_pkey; Type: CONSTRAINT; Schema: public; Owner: thomas
--

ALTER TABLE ONLY public.events_eventtickettypemodel
    ADD CONSTRAINT events_eventtickettypemodel_pkey PRIMARY KEY (id);


--
-- Name: events_ticketmodel events_ticketmodel_barcode_value_key; Type: CONSTRAINT; Schema: public; Owner: thomas
--

ALTER TABLE ONLY public.events_ticketmodel
    ADD CONSTRAINT events_ticketmodel_barcode_value_key UNIQUE (barcode_value);


--
-- Name: events_ticketmodel events_ticketmodel_pkey; Type: CONSTRAINT; Schema: public; Owner: thomas
--

ALTER TABLE ONLY public.events_ticketmodel
    ADD CONSTRAINT events_ticketmodel_pkey PRIMARY KEY (id);


--
-- Name: events_ticketordermodel events_ticketordermodel_checkout_id_key; Type: CONSTRAINT; Schema: public; Owner: thomas
--

ALTER TABLE ONLY public.events_ticketordermodel
    ADD CONSTRAINT events_ticketordermodel_checkout_id_key UNIQUE (checkout_id);


--
-- Name: events_ticketordermodel events_ticketordermodel_order_number_key; Type: CONSTRAINT; Schema: public; Owner: thomas
--

ALTER TABLE ONLY public.events_ticketordermodel
    ADD CONSTRAINT events_ticketordermodel_order_number_key UNIQUE (order_number);


--
-- Name: events_ticketordermodel events_ticketordermodel_pkey; Type: CONSTRAINT; Schema: public; Owner: thomas
--

ALTER TABLE ONLY public.events_ticketordermodel
    ADD CONSTRAINT events_ticketordermodel_pkey PRIMARY KEY (id);


--
-- Name: listings_business listings_business_pkey; Type: CONSTRAINT; Schema: public; Owner: thomas
--

ALTER TABLE ONLY public.listings_business
    ADD CONSTRAINT listings_business_pkey PRIMARY KEY (id);


--
-- Name: listings_business listings_business_title_key; Type: CONSTRAINT; Schema: public; Owner: thomas
--

ALTER TABLE ONLY public.listings_business
    ADD CONSTRAINT listings_business_title_key UNIQUE (title);


--
-- Name: listings_businesscontent listings_businesscontent_pkey; Type: CONSTRAINT; Schema: public; Owner: thomas
--

ALTER TABLE ONLY public.listings_businesscontent
    ADD CONSTRAINT listings_businesscontent_pkey PRIMARY KEY (id);


--
-- Name: listings_businesshour listings_businesshour_business_id_day_cf6ab658_uniq; Type: CONSTRAINT; Schema: public; Owner: thomas
--

ALTER TABLE ONLY public.listings_businesshour
    ADD CONSTRAINT listings_businesshour_business_id_day_cf6ab658_uniq UNIQUE (business_id, day);


--
-- Name: listings_businesshour listings_businesshour_pkey; Type: CONSTRAINT; Schema: public; Owner: thomas
--

ALTER TABLE ONLY public.listings_businesshour
    ADD CONSTRAINT listings_businesshour_pkey PRIMARY KEY (id);


--
-- Name: listings_businesslocation listings_businesslocation_phone_key; Type: CONSTRAINT; Schema: public; Owner: thomas
--

ALTER TABLE ONLY public.listings_businesslocation
    ADD CONSTRAINT listings_businesslocation_phone_key UNIQUE (phone);


--
-- Name: listings_businesslocation listings_businesslocation_pkey; Type: CONSTRAINT; Schema: public; Owner: thomas
--

ALTER TABLE ONLY public.listings_businesslocation
    ADD CONSTRAINT listings_businesslocation_pkey PRIMARY KEY (id);


--
-- Name: listings_businessreview listings_businessreview_pkey; Type: CONSTRAINT; Schema: public; Owner: thomas
--

ALTER TABLE ONLY public.listings_businessreview
    ADD CONSTRAINT listings_businessreview_pkey PRIMARY KEY (id);


--
-- Name: listings_category listings_category_label_key; Type: CONSTRAINT; Schema: public; Owner: thomas
--

ALTER TABLE ONLY public.listings_category
    ADD CONSTRAINT listings_category_label_key UNIQUE (label);


--
-- Name: listings_category listings_category_pkey; Type: CONSTRAINT; Schema: public; Owner: thomas
--

ALTER TABLE ONLY public.listings_category
    ADD CONSTRAINT listings_category_pkey PRIMARY KEY (id);


--
-- Name: listings_category listings_category_slug_key; Type: CONSTRAINT; Schema: public; Owner: thomas
--

ALTER TABLE ONLY public.listings_category
    ADD CONSTRAINT listings_category_slug_key UNIQUE (slug);


--
-- Name: listings_listingorder listings_listingorder_checkout_id_key; Type: CONSTRAINT; Schema: public; Owner: thomas
--

ALTER TABLE ONLY public.listings_listingorder
    ADD CONSTRAINT listings_listingorder_checkout_id_key UNIQUE (checkout_id);


--
-- Name: listings_listingorder listings_listingorder_listing_id_key; Type: CONSTRAINT; Schema: public; Owner: thomas
--

ALTER TABLE ONLY public.listings_listingorder
    ADD CONSTRAINT listings_listingorder_listing_id_key UNIQUE (listing_id);


--
-- Name: listings_listingorder listings_listingorder_order_id_key; Type: CONSTRAINT; Schema: public; Owner: thomas
--

ALTER TABLE ONLY public.listings_listingorder
    ADD CONSTRAINT listings_listingorder_order_id_key UNIQUE (order_id);


--
-- Name: listings_listingorder listings_listingorder_pkey; Type: CONSTRAINT; Schema: public; Owner: thomas
--

ALTER TABLE ONLY public.listings_listingorder
    ADD CONSTRAINT listings_listingorder_pkey PRIMARY KEY (id);


--
-- Name: markets_qoutation markets_qoutation_pkey; Type: CONSTRAINT; Schema: public; Owner: thomas
--

ALTER TABLE ONLY public.markets_qoutation
    ADD CONSTRAINT markets_qoutation_pkey PRIMARY KEY (id);


--
-- Name: markets_requestservice markets_requestservice_pkey; Type: CONSTRAINT; Schema: public; Owner: thomas
--

ALTER TABLE ONLY public.markets_requestservice
    ADD CONSTRAINT markets_requestservice_pkey PRIMARY KEY (id);


--
-- Name: markets_service markets_service_pkey; Type: CONSTRAINT; Schema: public; Owner: thomas
--

ALTER TABLE ONLY public.markets_service
    ADD CONSTRAINT markets_service_pkey PRIMARY KEY (id);


--
-- Name: markets_service markets_service_title_key; Type: CONSTRAINT; Schema: public; Owner: thomas
--

ALTER TABLE ONLY public.markets_service
    ADD CONSTRAINT markets_service_title_key UNIQUE (title);


--
-- Name: payments_bbgibankmodel payments_bbgibankmodel_pkey; Type: CONSTRAINT; Schema: public; Owner: thomas
--

ALTER TABLE ONLY public.payments_bbgibankmodel
    ADD CONSTRAINT payments_bbgibankmodel_pkey PRIMARY KEY (id);


--
-- Name: payments_paymentinformation payments_paymentinformation_pkey; Type: CONSTRAINT; Schema: public; Owner: thomas
--

ALTER TABLE ONLY public.payments_paymentinformation
    ADD CONSTRAINT payments_paymentinformation_pkey PRIMARY KEY (id);


--
-- Name: accounts_aboutcompany_mission_5502a598_like; Type: INDEX; Schema: public; Owner: thomas
--

CREATE INDEX accounts_aboutcompany_mission_5502a598_like ON public.accounts_aboutcompany USING btree (mission text_pattern_ops);


--
-- Name: accounts_aboutcompany_phone_2cc805a6_like; Type: INDEX; Schema: public; Owner: thomas
--

CREATE INDEX accounts_aboutcompany_phone_2cc805a6_like ON public.accounts_aboutcompany USING btree (phone varchar_pattern_ops);


--
-- Name: accounts_aboutcompany_slogan_23f82644_like; Type: INDEX; Schema: public; Owner: thomas
--

CREATE INDEX accounts_aboutcompany_slogan_23f82644_like ON public.accounts_aboutcompany USING btree (slogan varchar_pattern_ops);


--
-- Name: accounts_aboutcompany_slug_22e8e8f9_like; Type: INDEX; Schema: public; Owner: thomas
--

CREATE INDEX accounts_aboutcompany_slug_22e8e8f9_like ON public.accounts_aboutcompany USING btree (slug varchar_pattern_ops);


--
-- Name: accounts_aboutcompany_title_4f55d8c4_like; Type: INDEX; Schema: public; Owner: thomas
--

CREATE INDEX accounts_aboutcompany_title_4f55d8c4_like ON public.accounts_aboutcompany USING btree (title varchar_pattern_ops);


--
-- Name: accounts_aboutcompany_vision_679cc525_like; Type: INDEX; Schema: public; Owner: thomas
--

CREATE INDEX accounts_aboutcompany_vision_679cc525_like ON public.accounts_aboutcompany USING btree (vision text_pattern_ops);


--
-- Name: accounts_account_groups_account_id_52f14852; Type: INDEX; Schema: public; Owner: thomas
--

CREATE INDEX accounts_account_groups_account_id_52f14852 ON public.accounts_account_groups USING btree (account_id);


--
-- Name: accounts_account_groups_group_id_7c6a6bd1; Type: INDEX; Schema: public; Owner: thomas
--

CREATE INDEX accounts_account_groups_group_id_7c6a6bd1 ON public.accounts_account_groups USING btree (group_id);


--
-- Name: accounts_account_phone_8ea3ea59_like; Type: INDEX; Schema: public; Owner: thomas
--

CREATE INDEX accounts_account_phone_8ea3ea59_like ON public.accounts_account USING btree (phone varchar_pattern_ops);


--
-- Name: accounts_account_subscription_id_516a32de; Type: INDEX; Schema: public; Owner: thomas
--

CREATE INDEX accounts_account_subscription_id_516a32de ON public.accounts_account USING btree (subscription_id);


--
-- Name: accounts_account_user_permissions_account_id_816f9bde; Type: INDEX; Schema: public; Owner: thomas
--

CREATE INDEX accounts_account_user_permissions_account_id_816f9bde ON public.accounts_account_user_permissions USING btree (account_id);


--
-- Name: accounts_account_user_permissions_permission_id_24620205; Type: INDEX; Schema: public; Owner: thomas
--

CREATE INDEX accounts_account_user_permissions_permission_id_24620205 ON public.accounts_account_user_permissions USING btree (permission_id);


--
-- Name: accounts_account_username_b5f69a28_like; Type: INDEX; Schema: public; Owner: thomas
--

CREATE INDEX accounts_account_username_b5f69a28_like ON public.accounts_account USING btree (username varchar_pattern_ops);


--
-- Name: accounts_subscriptionorder_checkout_id_9000d718_like; Type: INDEX; Schema: public; Owner: thomas
--

CREATE INDEX accounts_subscriptionorder_checkout_id_9000d718_like ON public.accounts_subscriptionorder USING btree (checkout_id varchar_pattern_ops);


--
-- Name: accounts_subscriptionorder_order_id_2ccec8f2_like; Type: INDEX; Schema: public; Owner: thomas
--

CREATE INDEX accounts_subscriptionorder_order_id_2ccec8f2_like ON public.accounts_subscriptionorder USING btree (order_id varchar_pattern_ops);


--
-- Name: accounts_subscriptionorder_package_id_1dfd3d33; Type: INDEX; Schema: public; Owner: thomas
--

CREATE INDEX accounts_subscriptionorder_package_id_1dfd3d33 ON public.accounts_subscriptionorder USING btree (package_id);


--
-- Name: auth_group_name_a6ea08ec_like; Type: INDEX; Schema: public; Owner: thomas
--

CREATE INDEX auth_group_name_a6ea08ec_like ON public.auth_group USING btree (name varchar_pattern_ops);


--
-- Name: auth_group_permissions_group_id_b120cbf9; Type: INDEX; Schema: public; Owner: thomas
--

CREATE INDEX auth_group_permissions_group_id_b120cbf9 ON public.auth_group_permissions USING btree (group_id);


--
-- Name: auth_group_permissions_permission_id_84c5c92e; Type: INDEX; Schema: public; Owner: thomas
--

CREATE INDEX auth_group_permissions_permission_id_84c5c92e ON public.auth_group_permissions USING btree (permission_id);


--
-- Name: auth_permission_content_type_id_2f476e4b; Type: INDEX; Schema: public; Owner: thomas
--

CREATE INDEX auth_permission_content_type_id_2f476e4b ON public.auth_permission USING btree (content_type_id);


--
-- Name: bbgi_home_blog_author_id_96b8a492; Type: INDEX; Schema: public; Owner: thomas
--

CREATE INDEX bbgi_home_blog_author_id_96b8a492 ON public.bbgi_home_blog USING btree (author_id);


--
-- Name: bbgi_home_blog_category_id_980c1710; Type: INDEX; Schema: public; Owner: thomas
--

CREATE INDEX bbgi_home_blog_category_id_980c1710 ON public.bbgi_home_blog USING btree (category_id);


--
-- Name: bbgi_home_blog_slug_ad36c5a3_like; Type: INDEX; Schema: public; Owner: thomas
--

CREATE INDEX bbgi_home_blog_slug_ad36c5a3_like ON public.bbgi_home_blog USING btree (slug varchar_pattern_ops);


--
-- Name: bbgi_home_blogcategory_label_c4b17d0b_like; Type: INDEX; Schema: public; Owner: thomas
--

CREATE INDEX bbgi_home_blogcategory_label_c4b17d0b_like ON public.bbgi_home_blogcategory USING btree (label varchar_pattern_ops);


--
-- Name: bbgi_home_blogcategory_slug_10d5827a_like; Type: INDEX; Schema: public; Owner: thomas
--

CREATE INDEX bbgi_home_blogcategory_slug_10d5827a_like ON public.bbgi_home_blogcategory USING btree (slug varchar_pattern_ops);


--
-- Name: bbgi_home_comment_commenter_id_f7341754; Type: INDEX; Schema: public; Owner: thomas
--

CREATE INDEX bbgi_home_comment_commenter_id_f7341754 ON public.bbgi_home_comment USING btree (commenter_id);


--
-- Name: bbgi_home_comment_post_id_a8b5772f; Type: INDEX; Schema: public; Owner: thomas
--

CREATE INDEX bbgi_home_comment_post_id_a8b5772f ON public.bbgi_home_comment USING btree (post_id);


--
-- Name: bbgi_home_member_slug_c1c80cf2; Type: INDEX; Schema: public; Owner: thomas
--

CREATE INDEX bbgi_home_member_slug_c1c80cf2 ON public.bbgi_home_member USING btree (slug);


--
-- Name: bbgi_home_member_slug_c1c80cf2_like; Type: INDEX; Schema: public; Owner: thomas
--

CREATE INDEX bbgi_home_member_slug_c1c80cf2_like ON public.bbgi_home_member USING btree (slug varchar_pattern_ops);


--
-- Name: bbgi_home_privacy_slug_a31e5345_like; Type: INDEX; Schema: public; Owner: thomas
--

CREATE INDEX bbgi_home_privacy_slug_a31e5345_like ON public.bbgi_home_privacy USING btree (slug varchar_pattern_ops);


--
-- Name: bbgi_home_privacy_title_5713ff0f_like; Type: INDEX; Schema: public; Owner: thomas
--

CREATE INDEX bbgi_home_privacy_title_5713ff0f_like ON public.bbgi_home_privacy USING btree (title varchar_pattern_ops);


--
-- Name: campaigns_campaigncontent_campaign_id_adeaff1a; Type: INDEX; Schema: public; Owner: thomas
--

CREATE INDEX campaigns_campaigncontent_campaign_id_adeaff1a ON public.campaigns_campaigncontent USING btree (campaign_id);


--
-- Name: campaigns_campaignmodel_category_id_baf23147; Type: INDEX; Schema: public; Owner: thomas
--

CREATE INDEX campaigns_campaignmodel_category_id_baf23147 ON public.campaigns_campaignmodel USING btree (category_id);


--
-- Name: campaigns_campaignmodel_organiser_id_d1de5185; Type: INDEX; Schema: public; Owner: thomas
--

CREATE INDEX campaigns_campaignmodel_organiser_id_d1de5185 ON public.campaigns_campaignmodel USING btree (organiser_id);


--
-- Name: campaigns_campaignmodel_slug_3f613376; Type: INDEX; Schema: public; Owner: thomas
--

CREATE INDEX campaigns_campaignmodel_slug_3f613376 ON public.campaigns_campaignmodel USING btree (slug);


--
-- Name: campaigns_campaignmodel_slug_3f613376_like; Type: INDEX; Schema: public; Owner: thomas
--

CREATE INDEX campaigns_campaignmodel_slug_3f613376_like ON public.campaigns_campaignmodel USING btree (slug varchar_pattern_ops);


--
-- Name: campaigns_campaignreview_campaign_id_c5fc2999; Type: INDEX; Schema: public; Owner: thomas
--

CREATE INDEX campaigns_campaignreview_campaign_id_c5fc2999 ON public.campaigns_campaignreview USING btree (campaign_id);


--
-- Name: campaigns_campaignreview_commenter_id_0dcc1dfc; Type: INDEX; Schema: public; Owner: thomas
--

CREATE INDEX campaigns_campaignreview_commenter_id_0dcc1dfc ON public.campaigns_campaignreview USING btree (commenter_id);


--
-- Name: campaigns_campaignupdatemodel_campaign_id_a8d2bbfa; Type: INDEX; Schema: public; Owner: thomas
--

CREATE INDEX campaigns_campaignupdatemodel_campaign_id_a8d2bbfa ON public.campaigns_campaignupdatemodel USING btree (campaign_id);


--
-- Name: campaigns_contributionmodel_campaign_id_6e31260e; Type: INDEX; Schema: public; Owner: thomas
--

CREATE INDEX campaigns_contributionmodel_campaign_id_6e31260e ON public.campaigns_contributionmodel USING btree (campaign_id);


--
-- Name: campaigns_contributionmodel_checkout_id_6a994fc5_like; Type: INDEX; Schema: public; Owner: thomas
--

CREATE INDEX campaigns_contributionmodel_checkout_id_6a994fc5_like ON public.campaigns_contributionmodel USING btree (checkout_id varchar_pattern_ops);


--
-- Name: campaigns_contributionmodel_contributor_id_2a83fa96; Type: INDEX; Schema: public; Owner: thomas
--

CREATE INDEX campaigns_contributionmodel_contributor_id_2a83fa96 ON public.campaigns_contributionmodel USING btree (contributor_id);


--
-- Name: campaigns_contributionmodel_order_number_98adaf9d_like; Type: INDEX; Schema: public; Owner: thomas
--

CREATE INDEX campaigns_contributionmodel_order_number_98adaf9d_like ON public.campaigns_contributionmodel USING btree (order_number varchar_pattern_ops);


--
-- Name: coupons_coupon_code_40174643_like; Type: INDEX; Schema: public; Owner: thomas
--

CREATE INDEX coupons_coupon_code_40174643_like ON public.coupons_coupon USING btree (code varchar_pattern_ops);


--
-- Name: django_admin_log_content_type_id_c4bce8eb; Type: INDEX; Schema: public; Owner: thomas
--

CREATE INDEX django_admin_log_content_type_id_c4bce8eb ON public.django_admin_log USING btree (content_type_id);


--
-- Name: django_admin_log_user_id_c564eba6; Type: INDEX; Schema: public; Owner: thomas
--

CREATE INDEX django_admin_log_user_id_c564eba6 ON public.django_admin_log USING btree (user_id);


--
-- Name: django_cele_date_cr_bd6c1d_idx; Type: INDEX; Schema: public; Owner: thomas
--

CREATE INDEX django_cele_date_cr_bd6c1d_idx ON public.django_celery_results_groupresult USING btree (date_created);


--
-- Name: django_cele_date_cr_f04a50_idx; Type: INDEX; Schema: public; Owner: thomas
--

CREATE INDEX django_cele_date_cr_f04a50_idx ON public.django_celery_results_taskresult USING btree (date_created);


--
-- Name: django_cele_date_do_caae0e_idx; Type: INDEX; Schema: public; Owner: thomas
--

CREATE INDEX django_cele_date_do_caae0e_idx ON public.django_celery_results_groupresult USING btree (date_done);


--
-- Name: django_cele_date_do_f59aad_idx; Type: INDEX; Schema: public; Owner: thomas
--

CREATE INDEX django_cele_date_do_f59aad_idx ON public.django_celery_results_taskresult USING btree (date_done);


--
-- Name: django_cele_status_9b6201_idx; Type: INDEX; Schema: public; Owner: thomas
--

CREATE INDEX django_cele_status_9b6201_idx ON public.django_celery_results_taskresult USING btree (status);


--
-- Name: django_cele_task_na_08aec9_idx; Type: INDEX; Schema: public; Owner: thomas
--

CREATE INDEX django_cele_task_na_08aec9_idx ON public.django_celery_results_taskresult USING btree (task_name);


--
-- Name: django_cele_worker_d54dd8_idx; Type: INDEX; Schema: public; Owner: thomas
--

CREATE INDEX django_cele_worker_d54dd8_idx ON public.django_celery_results_taskresult USING btree (worker);


--
-- Name: django_celery_beat_periodictask_clocked_id_47a69f82; Type: INDEX; Schema: public; Owner: thomas
--

CREATE INDEX django_celery_beat_periodictask_clocked_id_47a69f82 ON public.django_celery_beat_periodictask USING btree (clocked_id);


--
-- Name: django_celery_beat_periodictask_crontab_id_d3cba168; Type: INDEX; Schema: public; Owner: thomas
--

CREATE INDEX django_celery_beat_periodictask_crontab_id_d3cba168 ON public.django_celery_beat_periodictask USING btree (crontab_id);


--
-- Name: django_celery_beat_periodictask_interval_id_a8ca27da; Type: INDEX; Schema: public; Owner: thomas
--

CREATE INDEX django_celery_beat_periodictask_interval_id_a8ca27da ON public.django_celery_beat_periodictask USING btree (interval_id);


--
-- Name: django_celery_beat_periodictask_name_265a36b7_like; Type: INDEX; Schema: public; Owner: thomas
--

CREATE INDEX django_celery_beat_periodictask_name_265a36b7_like ON public.django_celery_beat_periodictask USING btree (name varchar_pattern_ops);


--
-- Name: django_celery_beat_periodictask_solar_id_a87ce72c; Type: INDEX; Schema: public; Owner: thomas
--

CREATE INDEX django_celery_beat_periodictask_solar_id_a87ce72c ON public.django_celery_beat_periodictask USING btree (solar_id);


--
-- Name: django_celery_results_chordcounter_group_id_1f70858c_like; Type: INDEX; Schema: public; Owner: thomas
--

CREATE INDEX django_celery_results_chordcounter_group_id_1f70858c_like ON public.django_celery_results_chordcounter USING btree (group_id varchar_pattern_ops);


--
-- Name: django_celery_results_groupresult_group_id_a085f1a9_like; Type: INDEX; Schema: public; Owner: thomas
--

CREATE INDEX django_celery_results_groupresult_group_id_a085f1a9_like ON public.django_celery_results_groupresult USING btree (group_id varchar_pattern_ops);


--
-- Name: django_celery_results_taskresult_task_id_de0d95bf_like; Type: INDEX; Schema: public; Owner: thomas
--

CREATE INDEX django_celery_results_taskresult_task_id_de0d95bf_like ON public.django_celery_results_taskresult USING btree (task_id varchar_pattern_ops);


--
-- Name: django_session_expire_date_a5c62663; Type: INDEX; Schema: public; Owner: thomas
--

CREATE INDEX django_session_expire_date_a5c62663 ON public.django_session USING btree (expire_date);


--
-- Name: django_session_session_key_c0390e0f_like; Type: INDEX; Schema: public; Owner: thomas
--

CREATE INDEX django_session_session_key_c0390e0f_like ON public.django_session USING btree (session_key varchar_pattern_ops);


--
-- Name: events_eventcontent_event_id_b537d55c; Type: INDEX; Schema: public; Owner: thomas
--

CREATE INDEX events_eventcontent_event_id_b537d55c ON public.events_eventcontent USING btree (event_id);


--
-- Name: events_eventmodel_category_id_8443e0a8; Type: INDEX; Schema: public; Owner: thomas
--

CREATE INDEX events_eventmodel_category_id_8443e0a8 ON public.events_eventmodel USING btree (category_id);


--
-- Name: events_eventmodel_organiser_id_6e3fa590; Type: INDEX; Schema: public; Owner: thomas
--

CREATE INDEX events_eventmodel_organiser_id_6e3fa590 ON public.events_eventmodel USING btree (organiser_id);


--
-- Name: events_eventmodel_slug_f5dc0f22_like; Type: INDEX; Schema: public; Owner: thomas
--

CREATE INDEX events_eventmodel_slug_f5dc0f22_like ON public.events_eventmodel USING btree (slug varchar_pattern_ops);


--
-- Name: events_eventorganisor_event_id_29ba6a12; Type: INDEX; Schema: public; Owner: thomas
--

CREATE INDEX events_eventorganisor_event_id_29ba6a12 ON public.events_eventorganisor USING btree (event_id);


--
-- Name: events_eventorganisor_organisor_phone_one_4728b406_like; Type: INDEX; Schema: public; Owner: thomas
--

CREATE INDEX events_eventorganisor_organisor_phone_one_4728b406_like ON public.events_eventorganisor USING btree (organisor_phone_one varchar_pattern_ops);


--
-- Name: events_eventreview_commenter_id_e089ab6c; Type: INDEX; Schema: public; Owner: thomas
--

CREATE INDEX events_eventreview_commenter_id_e089ab6c ON public.events_eventreview USING btree (commenter_id);


--
-- Name: events_eventreview_event_id_4fddf426; Type: INDEX; Schema: public; Owner: thomas
--

CREATE INDEX events_eventreview_event_id_4fddf426 ON public.events_eventreview USING btree (event_id);


--
-- Name: events_eventtickettypemodel_event_id_7ff28bd7; Type: INDEX; Schema: public; Owner: thomas
--

CREATE INDEX events_eventtickettypemodel_event_id_7ff28bd7 ON public.events_eventtickettypemodel USING btree (event_id);


--
-- Name: events_ticketmodel_barcode_value_29baa4cd_like; Type: INDEX; Schema: public; Owner: thomas
--

CREATE INDEX events_ticketmodel_barcode_value_29baa4cd_like ON public.events_ticketmodel USING btree (barcode_value varchar_pattern_ops);


--
-- Name: events_ticketmodel_ticket_order_id_2b55109a; Type: INDEX; Schema: public; Owner: thomas
--

CREATE INDEX events_ticketmodel_ticket_order_id_2b55109a ON public.events_ticketmodel USING btree (ticket_order_id);


--
-- Name: events_ticketmodel_ticket_type_id_a9fd9c33; Type: INDEX; Schema: public; Owner: thomas
--

CREATE INDEX events_ticketmodel_ticket_type_id_a9fd9c33 ON public.events_ticketmodel USING btree (ticket_type_id);


--
-- Name: events_ticketordermodel_buyer_id_6740a34f; Type: INDEX; Schema: public; Owner: thomas
--

CREATE INDEX events_ticketordermodel_buyer_id_6740a34f ON public.events_ticketordermodel USING btree (buyer_id);


--
-- Name: events_ticketordermodel_checkout_id_581cb6ba_like; Type: INDEX; Schema: public; Owner: thomas
--

CREATE INDEX events_ticketordermodel_checkout_id_581cb6ba_like ON public.events_ticketordermodel USING btree (checkout_id varchar_pattern_ops);


--
-- Name: events_ticketordermodel_event_id_3bf4a961; Type: INDEX; Schema: public; Owner: thomas
--

CREATE INDEX events_ticketordermodel_event_id_3bf4a961 ON public.events_ticketordermodel USING btree (event_id);


--
-- Name: events_ticketordermodel_order_number_c5a806f5_like; Type: INDEX; Schema: public; Owner: thomas
--

CREATE INDEX events_ticketordermodel_order_number_c5a806f5_like ON public.events_ticketordermodel USING btree (order_number varchar_pattern_ops);


--
-- Name: listings_business_category_id_7061f8bc; Type: INDEX; Schema: public; Owner: thomas
--

CREATE INDEX listings_business_category_id_7061f8bc ON public.listings_business USING btree (category_id);


--
-- Name: listings_business_owner_id_675f2bb7; Type: INDEX; Schema: public; Owner: thomas
--

CREATE INDEX listings_business_owner_id_675f2bb7 ON public.listings_business USING btree (owner_id);


--
-- Name: listings_business_slug_223b7264; Type: INDEX; Schema: public; Owner: thomas
--

CREATE INDEX listings_business_slug_223b7264 ON public.listings_business USING btree (slug);


--
-- Name: listings_business_slug_223b7264_like; Type: INDEX; Schema: public; Owner: thomas
--

CREATE INDEX listings_business_slug_223b7264_like ON public.listings_business USING btree (slug varchar_pattern_ops);


--
-- Name: listings_business_title_55ff2e57_like; Type: INDEX; Schema: public; Owner: thomas
--

CREATE INDEX listings_business_title_55ff2e57_like ON public.listings_business USING btree (title varchar_pattern_ops);


--
-- Name: listings_businesscontent_business_id_04753b36; Type: INDEX; Schema: public; Owner: thomas
--

CREATE INDEX listings_businesscontent_business_id_04753b36 ON public.listings_businesscontent USING btree (business_id);


--
-- Name: listings_businesshour_business_id_fb50aea1; Type: INDEX; Schema: public; Owner: thomas
--

CREATE INDEX listings_businesshour_business_id_fb50aea1 ON public.listings_businesshour USING btree (business_id);


--
-- Name: listings_businesslocation_business_id_1d40cda3; Type: INDEX; Schema: public; Owner: thomas
--

CREATE INDEX listings_businesslocation_business_id_1d40cda3 ON public.listings_businesslocation USING btree (business_id);


--
-- Name: listings_businesslocation_phone_598be7ed_like; Type: INDEX; Schema: public; Owner: thomas
--

CREATE INDEX listings_businesslocation_phone_598be7ed_like ON public.listings_businesslocation USING btree (phone varchar_pattern_ops);


--
-- Name: listings_businessreview_business_id_e93e6965; Type: INDEX; Schema: public; Owner: thomas
--

CREATE INDEX listings_businessreview_business_id_e93e6965 ON public.listings_businessreview USING btree (business_id);


--
-- Name: listings_businessreview_commenter_id_142bb20d; Type: INDEX; Schema: public; Owner: thomas
--

CREATE INDEX listings_businessreview_commenter_id_142bb20d ON public.listings_businessreview USING btree (commenter_id);


--
-- Name: listings_category_label_593ca761_like; Type: INDEX; Schema: public; Owner: thomas
--

CREATE INDEX listings_category_label_593ca761_like ON public.listings_category USING btree (label varchar_pattern_ops);


--
-- Name: listings_category_slug_2977b272_like; Type: INDEX; Schema: public; Owner: thomas
--

CREATE INDEX listings_category_slug_2977b272_like ON public.listings_category USING btree (slug varchar_pattern_ops);


--
-- Name: listings_listingorder_checkout_id_7cedcc05_like; Type: INDEX; Schema: public; Owner: thomas
--

CREATE INDEX listings_listingorder_checkout_id_7cedcc05_like ON public.listings_listingorder USING btree (checkout_id varchar_pattern_ops);


--
-- Name: listings_listingorder_order_id_3e83e8d2_like; Type: INDEX; Schema: public; Owner: thomas
--

CREATE INDEX listings_listingorder_order_id_3e83e8d2_like ON public.listings_listingorder USING btree (order_id varchar_pattern_ops);


--
-- Name: listings_listingorder_subscriber_id_1ff276a3; Type: INDEX; Schema: public; Owner: thomas
--

CREATE INDEX listings_listingorder_subscriber_id_1ff276a3 ON public.listings_listingorder USING btree (subscriber_id);


--
-- Name: markets_qoutation_client_id_583f2bdc; Type: INDEX; Schema: public; Owner: thomas
--

CREATE INDEX markets_qoutation_client_id_583f2bdc ON public.markets_qoutation USING btree (client_id);


--
-- Name: markets_qoutation_service_id_3a6ecff7; Type: INDEX; Schema: public; Owner: thomas
--

CREATE INDEX markets_qoutation_service_id_3a6ecff7 ON public.markets_qoutation USING btree (service_id);


--
-- Name: markets_service_business_id_f11d4ac2; Type: INDEX; Schema: public; Owner: thomas
--

CREATE INDEX markets_service_business_id_f11d4ac2 ON public.markets_service USING btree (business_id);


--
-- Name: markets_service_slug_0006f8fc; Type: INDEX; Schema: public; Owner: thomas
--

CREATE INDEX markets_service_slug_0006f8fc ON public.markets_service USING btree (slug);


--
-- Name: markets_service_slug_0006f8fc_like; Type: INDEX; Schema: public; Owner: thomas
--

CREATE INDEX markets_service_slug_0006f8fc_like ON public.markets_service USING btree (slug varchar_pattern_ops);


--
-- Name: markets_service_title_64a6e990_like; Type: INDEX; Schema: public; Owner: thomas
--

CREATE INDEX markets_service_title_64a6e990_like ON public.markets_service USING btree (title varchar_pattern_ops);


--
-- Name: payments_paymentinformation_id_8e882a80_like; Type: INDEX; Schema: public; Owner: thomas
--

CREATE INDEX payments_paymentinformation_id_8e882a80_like ON public.payments_paymentinformation USING btree (id varchar_pattern_ops);


--
-- Name: accounts_account_groups accounts_account_gro_account_id_52f14852_fk_accounts_; Type: FK CONSTRAINT; Schema: public; Owner: thomas
--

ALTER TABLE ONLY public.accounts_account_groups
    ADD CONSTRAINT accounts_account_gro_account_id_52f14852_fk_accounts_ FOREIGN KEY (account_id) REFERENCES public.accounts_account(id) DEFERRABLE INITIALLY DEFERRED;


--
-- Name: accounts_account_groups accounts_account_groups_group_id_7c6a6bd1_fk_auth_group_id; Type: FK CONSTRAINT; Schema: public; Owner: thomas
--

ALTER TABLE ONLY public.accounts_account_groups
    ADD CONSTRAINT accounts_account_groups_group_id_7c6a6bd1_fk_auth_group_id FOREIGN KEY (group_id) REFERENCES public.auth_group(id) DEFERRABLE INITIALLY DEFERRED;


--
-- Name: accounts_account accounts_account_subscription_id_516a32de_fk_accounts_; Type: FK CONSTRAINT; Schema: public; Owner: thomas
--

ALTER TABLE ONLY public.accounts_account
    ADD CONSTRAINT accounts_account_subscription_id_516a32de_fk_accounts_ FOREIGN KEY (subscription_id) REFERENCES public.accounts_subscriptionpackage(id) DEFERRABLE INITIALLY DEFERRED;


--
-- Name: accounts_account_user_permissions accounts_account_use_account_id_816f9bde_fk_accounts_; Type: FK CONSTRAINT; Schema: public; Owner: thomas
--

ALTER TABLE ONLY public.accounts_account_user_permissions
    ADD CONSTRAINT accounts_account_use_account_id_816f9bde_fk_accounts_ FOREIGN KEY (account_id) REFERENCES public.accounts_account(id) DEFERRABLE INITIALLY DEFERRED;


--
-- Name: accounts_account_user_permissions accounts_account_use_permission_id_24620205_fk_auth_perm; Type: FK CONSTRAINT; Schema: public; Owner: thomas
--

ALTER TABLE ONLY public.accounts_account_user_permissions
    ADD CONSTRAINT accounts_account_use_permission_id_24620205_fk_auth_perm FOREIGN KEY (permission_id) REFERENCES public.auth_permission(id) DEFERRABLE INITIALLY DEFERRED;


--
-- Name: accounts_subscriptionorder accounts_subscriptio_package_id_1dfd3d33_fk_accounts_; Type: FK CONSTRAINT; Schema: public; Owner: thomas
--

ALTER TABLE ONLY public.accounts_subscriptionorder
    ADD CONSTRAINT accounts_subscriptio_package_id_1dfd3d33_fk_accounts_ FOREIGN KEY (package_id) REFERENCES public.accounts_subscriptionpackage(id) DEFERRABLE INITIALLY DEFERRED;


--
-- Name: accounts_subscriptionorder accounts_subscriptio_subscriber_id_1ffaffe5_fk_accounts_; Type: FK CONSTRAINT; Schema: public; Owner: thomas
--

ALTER TABLE ONLY public.accounts_subscriptionorder
    ADD CONSTRAINT accounts_subscriptio_subscriber_id_1ffaffe5_fk_accounts_ FOREIGN KEY (subscriber_id) REFERENCES public.accounts_account(id) DEFERRABLE INITIALLY DEFERRED;


--
-- Name: accounts_walletmodel accounts_walletmodel_owner_id_71d85e10_fk_accounts_account_id; Type: FK CONSTRAINT; Schema: public; Owner: thomas
--

ALTER TABLE ONLY public.accounts_walletmodel
    ADD CONSTRAINT accounts_walletmodel_owner_id_71d85e10_fk_accounts_account_id FOREIGN KEY (owner_id) REFERENCES public.accounts_account(id) DEFERRABLE INITIALLY DEFERRED;


--
-- Name: auth_group_permissions auth_group_permissio_permission_id_84c5c92e_fk_auth_perm; Type: FK CONSTRAINT; Schema: public; Owner: thomas
--

ALTER TABLE ONLY public.auth_group_permissions
    ADD CONSTRAINT auth_group_permissio_permission_id_84c5c92e_fk_auth_perm FOREIGN KEY (permission_id) REFERENCES public.auth_permission(id) DEFERRABLE INITIALLY DEFERRED;


--
-- Name: auth_group_permissions auth_group_permissions_group_id_b120cbf9_fk_auth_group_id; Type: FK CONSTRAINT; Schema: public; Owner: thomas
--

ALTER TABLE ONLY public.auth_group_permissions
    ADD CONSTRAINT auth_group_permissions_group_id_b120cbf9_fk_auth_group_id FOREIGN KEY (group_id) REFERENCES public.auth_group(id) DEFERRABLE INITIALLY DEFERRED;


--
-- Name: auth_permission auth_permission_content_type_id_2f476e4b_fk_django_co; Type: FK CONSTRAINT; Schema: public; Owner: thomas
--

ALTER TABLE ONLY public.auth_permission
    ADD CONSTRAINT auth_permission_content_type_id_2f476e4b_fk_django_co FOREIGN KEY (content_type_id) REFERENCES public.django_content_type(id) DEFERRABLE INITIALLY DEFERRED;


--
-- Name: bbgi_home_blog bbgi_home_blog_author_id_96b8a492_fk_accounts_account_id; Type: FK CONSTRAINT; Schema: public; Owner: thomas
--

ALTER TABLE ONLY public.bbgi_home_blog
    ADD CONSTRAINT bbgi_home_blog_author_id_96b8a492_fk_accounts_account_id FOREIGN KEY (author_id) REFERENCES public.accounts_account(id) DEFERRABLE INITIALLY DEFERRED;


--
-- Name: bbgi_home_blog bbgi_home_blog_category_id_980c1710_fk_bbgi_home; Type: FK CONSTRAINT; Schema: public; Owner: thomas
--

ALTER TABLE ONLY public.bbgi_home_blog
    ADD CONSTRAINT bbgi_home_blog_category_id_980c1710_fk_bbgi_home FOREIGN KEY (category_id) REFERENCES public.bbgi_home_blogcategory(id) DEFERRABLE INITIALLY DEFERRED;


--
-- Name: bbgi_home_comment bbgi_home_comment_commenter_id_f7341754_fk_accounts_account_id; Type: FK CONSTRAINT; Schema: public; Owner: thomas
--

ALTER TABLE ONLY public.bbgi_home_comment
    ADD CONSTRAINT bbgi_home_comment_commenter_id_f7341754_fk_accounts_account_id FOREIGN KEY (commenter_id) REFERENCES public.accounts_account(id) DEFERRABLE INITIALLY DEFERRED;


--
-- Name: bbgi_home_comment bbgi_home_comment_post_id_a8b5772f_fk_bbgi_home_blog_id; Type: FK CONSTRAINT; Schema: public; Owner: thomas
--

ALTER TABLE ONLY public.bbgi_home_comment
    ADD CONSTRAINT bbgi_home_comment_post_id_a8b5772f_fk_bbgi_home_blog_id FOREIGN KEY (post_id) REFERENCES public.bbgi_home_blog(id) DEFERRABLE INITIALLY DEFERRED;


--
-- Name: campaigns_campaigncontent campaigns_campaignco_campaign_id_adeaff1a_fk_campaigns; Type: FK CONSTRAINT; Schema: public; Owner: thomas
--

ALTER TABLE ONLY public.campaigns_campaigncontent
    ADD CONSTRAINT campaigns_campaignco_campaign_id_adeaff1a_fk_campaigns FOREIGN KEY (campaign_id) REFERENCES public.campaigns_campaignmodel(id) DEFERRABLE INITIALLY DEFERRED;


--
-- Name: campaigns_campaignmodel campaigns_campaignmo_category_id_baf23147_fk_bbgi_home; Type: FK CONSTRAINT; Schema: public; Owner: thomas
--

ALTER TABLE ONLY public.campaigns_campaignmodel
    ADD CONSTRAINT campaigns_campaignmo_category_id_baf23147_fk_bbgi_home FOREIGN KEY (category_id) REFERENCES public.bbgi_home_blogcategory(id) DEFERRABLE INITIALLY DEFERRED;


--
-- Name: campaigns_campaignmodel campaigns_campaignmo_organiser_id_d1de5185_fk_accounts_; Type: FK CONSTRAINT; Schema: public; Owner: thomas
--

ALTER TABLE ONLY public.campaigns_campaignmodel
    ADD CONSTRAINT campaigns_campaignmo_organiser_id_d1de5185_fk_accounts_ FOREIGN KEY (organiser_id) REFERENCES public.accounts_account(id) DEFERRABLE INITIALLY DEFERRED;


--
-- Name: campaigns_campaignreview campaigns_campaignre_campaign_id_c5fc2999_fk_campaigns; Type: FK CONSTRAINT; Schema: public; Owner: thomas
--

ALTER TABLE ONLY public.campaigns_campaignreview
    ADD CONSTRAINT campaigns_campaignre_campaign_id_c5fc2999_fk_campaigns FOREIGN KEY (campaign_id) REFERENCES public.campaigns_campaignmodel(id) DEFERRABLE INITIALLY DEFERRED;


--
-- Name: campaigns_campaignreview campaigns_campaignre_commenter_id_0dcc1dfc_fk_accounts_; Type: FK CONSTRAINT; Schema: public; Owner: thomas
--

ALTER TABLE ONLY public.campaigns_campaignreview
    ADD CONSTRAINT campaigns_campaignre_commenter_id_0dcc1dfc_fk_accounts_ FOREIGN KEY (commenter_id) REFERENCES public.accounts_account(id) DEFERRABLE INITIALLY DEFERRED;


--
-- Name: campaigns_campaignupdatemodel campaigns_campaignup_campaign_id_a8d2bbfa_fk_campaigns; Type: FK CONSTRAINT; Schema: public; Owner: thomas
--

ALTER TABLE ONLY public.campaigns_campaignupdatemodel
    ADD CONSTRAINT campaigns_campaignup_campaign_id_a8d2bbfa_fk_campaigns FOREIGN KEY (campaign_id) REFERENCES public.campaigns_campaignmodel(id) DEFERRABLE INITIALLY DEFERRED;


--
-- Name: campaigns_contributionmodel campaigns_contributi_campaign_id_6e31260e_fk_campaigns; Type: FK CONSTRAINT; Schema: public; Owner: thomas
--

ALTER TABLE ONLY public.campaigns_contributionmodel
    ADD CONSTRAINT campaigns_contributi_campaign_id_6e31260e_fk_campaigns FOREIGN KEY (campaign_id) REFERENCES public.campaigns_campaignmodel(id) DEFERRABLE INITIALLY DEFERRED;


--
-- Name: campaigns_contributionmodel campaigns_contributi_contributor_id_2a83fa96_fk_accounts_; Type: FK CONSTRAINT; Schema: public; Owner: thomas
--

ALTER TABLE ONLY public.campaigns_contributionmodel
    ADD CONSTRAINT campaigns_contributi_contributor_id_2a83fa96_fk_accounts_ FOREIGN KEY (contributor_id) REFERENCES public.accounts_account(id) DEFERRABLE INITIALLY DEFERRED;


--
-- Name: django_admin_log django_admin_log_content_type_id_c4bce8eb_fk_django_co; Type: FK CONSTRAINT; Schema: public; Owner: thomas
--

ALTER TABLE ONLY public.django_admin_log
    ADD CONSTRAINT django_admin_log_content_type_id_c4bce8eb_fk_django_co FOREIGN KEY (content_type_id) REFERENCES public.django_content_type(id) DEFERRABLE INITIALLY DEFERRED;


--
-- Name: django_admin_log django_admin_log_user_id_c564eba6_fk_accounts_account_id; Type: FK CONSTRAINT; Schema: public; Owner: thomas
--

ALTER TABLE ONLY public.django_admin_log
    ADD CONSTRAINT django_admin_log_user_id_c564eba6_fk_accounts_account_id FOREIGN KEY (user_id) REFERENCES public.accounts_account(id) DEFERRABLE INITIALLY DEFERRED;


--
-- Name: django_celery_beat_periodictask django_celery_beat_p_clocked_id_47a69f82_fk_django_ce; Type: FK CONSTRAINT; Schema: public; Owner: thomas
--

ALTER TABLE ONLY public.django_celery_beat_periodictask
    ADD CONSTRAINT django_celery_beat_p_clocked_id_47a69f82_fk_django_ce FOREIGN KEY (clocked_id) REFERENCES public.django_celery_beat_clockedschedule(id) DEFERRABLE INITIALLY DEFERRED;


--
-- Name: django_celery_beat_periodictask django_celery_beat_p_crontab_id_d3cba168_fk_django_ce; Type: FK CONSTRAINT; Schema: public; Owner: thomas
--

ALTER TABLE ONLY public.django_celery_beat_periodictask
    ADD CONSTRAINT django_celery_beat_p_crontab_id_d3cba168_fk_django_ce FOREIGN KEY (crontab_id) REFERENCES public.django_celery_beat_crontabschedule(id) DEFERRABLE INITIALLY DEFERRED;


--
-- Name: django_celery_beat_periodictask django_celery_beat_p_interval_id_a8ca27da_fk_django_ce; Type: FK CONSTRAINT; Schema: public; Owner: thomas
--

ALTER TABLE ONLY public.django_celery_beat_periodictask
    ADD CONSTRAINT django_celery_beat_p_interval_id_a8ca27da_fk_django_ce FOREIGN KEY (interval_id) REFERENCES public.django_celery_beat_intervalschedule(id) DEFERRABLE INITIALLY DEFERRED;


--
-- Name: django_celery_beat_periodictask django_celery_beat_p_solar_id_a87ce72c_fk_django_ce; Type: FK CONSTRAINT; Schema: public; Owner: thomas
--

ALTER TABLE ONLY public.django_celery_beat_periodictask
    ADD CONSTRAINT django_celery_beat_p_solar_id_a87ce72c_fk_django_ce FOREIGN KEY (solar_id) REFERENCES public.django_celery_beat_solarschedule(id) DEFERRABLE INITIALLY DEFERRED;


--
-- Name: events_eventcontent events_eventcontent_event_id_b537d55c_fk_events_eventmodel_id; Type: FK CONSTRAINT; Schema: public; Owner: thomas
--

ALTER TABLE ONLY public.events_eventcontent
    ADD CONSTRAINT events_eventcontent_event_id_b537d55c_fk_events_eventmodel_id FOREIGN KEY (event_id) REFERENCES public.events_eventmodel(id) DEFERRABLE INITIALLY DEFERRED;


--
-- Name: events_eventmodel events_eventmodel_category_id_8443e0a8_fk_bbgi_home; Type: FK CONSTRAINT; Schema: public; Owner: thomas
--

ALTER TABLE ONLY public.events_eventmodel
    ADD CONSTRAINT events_eventmodel_category_id_8443e0a8_fk_bbgi_home FOREIGN KEY (category_id) REFERENCES public.bbgi_home_blogcategory(id) DEFERRABLE INITIALLY DEFERRED;


--
-- Name: events_eventmodel events_eventmodel_organiser_id_6e3fa590_fk_accounts_account_id; Type: FK CONSTRAINT; Schema: public; Owner: thomas
--

ALTER TABLE ONLY public.events_eventmodel
    ADD CONSTRAINT events_eventmodel_organiser_id_6e3fa590_fk_accounts_account_id FOREIGN KEY (organiser_id) REFERENCES public.accounts_account(id) DEFERRABLE INITIALLY DEFERRED;


--
-- Name: events_eventorganisor events_eventorganisor_event_id_29ba6a12_fk_events_eventmodel_id; Type: FK CONSTRAINT; Schema: public; Owner: thomas
--

ALTER TABLE ONLY public.events_eventorganisor
    ADD CONSTRAINT events_eventorganisor_event_id_29ba6a12_fk_events_eventmodel_id FOREIGN KEY (event_id) REFERENCES public.events_eventmodel(id) DEFERRABLE INITIALLY DEFERRED;


--
-- Name: events_eventreview events_eventreview_commenter_id_e089ab6c_fk_accounts_account_id; Type: FK CONSTRAINT; Schema: public; Owner: thomas
--

ALTER TABLE ONLY public.events_eventreview
    ADD CONSTRAINT events_eventreview_commenter_id_e089ab6c_fk_accounts_account_id FOREIGN KEY (commenter_id) REFERENCES public.accounts_account(id) DEFERRABLE INITIALLY DEFERRED;


--
-- Name: events_eventreview events_eventreview_event_id_4fddf426_fk_events_eventmodel_id; Type: FK CONSTRAINT; Schema: public; Owner: thomas
--

ALTER TABLE ONLY public.events_eventreview
    ADD CONSTRAINT events_eventreview_event_id_4fddf426_fk_events_eventmodel_id FOREIGN KEY (event_id) REFERENCES public.events_eventmodel(id) DEFERRABLE INITIALLY DEFERRED;


--
-- Name: events_eventtickettypemodel events_eventticketty_event_id_7ff28bd7_fk_events_ev; Type: FK CONSTRAINT; Schema: public; Owner: thomas
--

ALTER TABLE ONLY public.events_eventtickettypemodel
    ADD CONSTRAINT events_eventticketty_event_id_7ff28bd7_fk_events_ev FOREIGN KEY (event_id) REFERENCES public.events_eventmodel(id) DEFERRABLE INITIALLY DEFERRED;


--
-- Name: events_ticketmodel events_ticketmodel_ticket_order_id_2b55109a_fk_events_ti; Type: FK CONSTRAINT; Schema: public; Owner: thomas
--

ALTER TABLE ONLY public.events_ticketmodel
    ADD CONSTRAINT events_ticketmodel_ticket_order_id_2b55109a_fk_events_ti FOREIGN KEY (ticket_order_id) REFERENCES public.events_ticketordermodel(id) DEFERRABLE INITIALLY DEFERRED;


--
-- Name: events_ticketmodel events_ticketmodel_ticket_type_id_a9fd9c33_fk_events_ev; Type: FK CONSTRAINT; Schema: public; Owner: thomas
--

ALTER TABLE ONLY public.events_ticketmodel
    ADD CONSTRAINT events_ticketmodel_ticket_type_id_a9fd9c33_fk_events_ev FOREIGN KEY (ticket_type_id) REFERENCES public.events_eventtickettypemodel(id) DEFERRABLE INITIALLY DEFERRED;


--
-- Name: events_ticketordermodel events_ticketordermo_buyer_id_6740a34f_fk_accounts_; Type: FK CONSTRAINT; Schema: public; Owner: thomas
--

ALTER TABLE ONLY public.events_ticketordermodel
    ADD CONSTRAINT events_ticketordermo_buyer_id_6740a34f_fk_accounts_ FOREIGN KEY (buyer_id) REFERENCES public.accounts_account(id) DEFERRABLE INITIALLY DEFERRED;


--
-- Name: events_ticketordermodel events_ticketordermo_event_id_3bf4a961_fk_events_ev; Type: FK CONSTRAINT; Schema: public; Owner: thomas
--

ALTER TABLE ONLY public.events_ticketordermodel
    ADD CONSTRAINT events_ticketordermo_event_id_3bf4a961_fk_events_ev FOREIGN KEY (event_id) REFERENCES public.events_eventmodel(id) DEFERRABLE INITIALLY DEFERRED;


--
-- Name: listings_business listings_business_category_id_7061f8bc_fk_listings_category_id; Type: FK CONSTRAINT; Schema: public; Owner: thomas
--

ALTER TABLE ONLY public.listings_business
    ADD CONSTRAINT listings_business_category_id_7061f8bc_fk_listings_category_id FOREIGN KEY (category_id) REFERENCES public.listings_category(id) DEFERRABLE INITIALLY DEFERRED;


--
-- Name: listings_business listings_business_owner_id_675f2bb7_fk_accounts_account_id; Type: FK CONSTRAINT; Schema: public; Owner: thomas
--

ALTER TABLE ONLY public.listings_business
    ADD CONSTRAINT listings_business_owner_id_675f2bb7_fk_accounts_account_id FOREIGN KEY (owner_id) REFERENCES public.accounts_account(id) DEFERRABLE INITIALLY DEFERRED;


--
-- Name: listings_businesscontent listings_businesscon_business_id_04753b36_fk_listings_; Type: FK CONSTRAINT; Schema: public; Owner: thomas
--

ALTER TABLE ONLY public.listings_businesscontent
    ADD CONSTRAINT listings_businesscon_business_id_04753b36_fk_listings_ FOREIGN KEY (business_id) REFERENCES public.listings_business(id) DEFERRABLE INITIALLY DEFERRED;


--
-- Name: listings_businesshour listings_businesshou_business_id_fb50aea1_fk_listings_; Type: FK CONSTRAINT; Schema: public; Owner: thomas
--

ALTER TABLE ONLY public.listings_businesshour
    ADD CONSTRAINT listings_businesshou_business_id_fb50aea1_fk_listings_ FOREIGN KEY (business_id) REFERENCES public.listings_business(id) DEFERRABLE INITIALLY DEFERRED;


--
-- Name: listings_businesslocation listings_businessloc_business_id_1d40cda3_fk_listings_; Type: FK CONSTRAINT; Schema: public; Owner: thomas
--

ALTER TABLE ONLY public.listings_businesslocation
    ADD CONSTRAINT listings_businessloc_business_id_1d40cda3_fk_listings_ FOREIGN KEY (business_id) REFERENCES public.listings_business(id) DEFERRABLE INITIALLY DEFERRED;


--
-- Name: listings_businessreview listings_businessrev_business_id_e93e6965_fk_listings_; Type: FK CONSTRAINT; Schema: public; Owner: thomas
--

ALTER TABLE ONLY public.listings_businessreview
    ADD CONSTRAINT listings_businessrev_business_id_e93e6965_fk_listings_ FOREIGN KEY (business_id) REFERENCES public.listings_business(id) DEFERRABLE INITIALLY DEFERRED;


--
-- Name: listings_businessreview listings_businessrev_commenter_id_142bb20d_fk_accounts_; Type: FK CONSTRAINT; Schema: public; Owner: thomas
--

ALTER TABLE ONLY public.listings_businessreview
    ADD CONSTRAINT listings_businessrev_commenter_id_142bb20d_fk_accounts_ FOREIGN KEY (commenter_id) REFERENCES public.accounts_account(id) DEFERRABLE INITIALLY DEFERRED;


--
-- Name: listings_listingorder listings_listingorde_listing_id_3db384e6_fk_listings_; Type: FK CONSTRAINT; Schema: public; Owner: thomas
--

ALTER TABLE ONLY public.listings_listingorder
    ADD CONSTRAINT listings_listingorde_listing_id_3db384e6_fk_listings_ FOREIGN KEY (listing_id) REFERENCES public.listings_business(id) DEFERRABLE INITIALLY DEFERRED;


--
-- Name: listings_listingorder listings_listingorde_subscriber_id_1ff276a3_fk_accounts_; Type: FK CONSTRAINT; Schema: public; Owner: thomas
--

ALTER TABLE ONLY public.listings_listingorder
    ADD CONSTRAINT listings_listingorde_subscriber_id_1ff276a3_fk_accounts_ FOREIGN KEY (subscriber_id) REFERENCES public.accounts_account(id) DEFERRABLE INITIALLY DEFERRED;


--
-- Name: markets_qoutation markets_qoutation_client_id_583f2bdc_fk_accounts_account_id; Type: FK CONSTRAINT; Schema: public; Owner: thomas
--

ALTER TABLE ONLY public.markets_qoutation
    ADD CONSTRAINT markets_qoutation_client_id_583f2bdc_fk_accounts_account_id FOREIGN KEY (client_id) REFERENCES public.accounts_account(id) DEFERRABLE INITIALLY DEFERRED;


--
-- Name: markets_qoutation markets_qoutation_service_id_3a6ecff7_fk_markets_service_id; Type: FK CONSTRAINT; Schema: public; Owner: thomas
--

ALTER TABLE ONLY public.markets_qoutation
    ADD CONSTRAINT markets_qoutation_service_id_3a6ecff7_fk_markets_service_id FOREIGN KEY (service_id) REFERENCES public.markets_service(id) DEFERRABLE INITIALLY DEFERRED;


--
-- Name: markets_service markets_service_business_id_f11d4ac2_fk_listings_business_id; Type: FK CONSTRAINT; Schema: public; Owner: thomas
--

ALTER TABLE ONLY public.markets_service
    ADD CONSTRAINT markets_service_business_id_f11d4ac2_fk_listings_business_id FOREIGN KEY (business_id) REFERENCES public.listings_business(id) DEFERRABLE INITIALLY DEFERRED;


--
-- PostgreSQL database dump complete
--

