--
-- PostgreSQL database dump
--

\restrict hEMMseieFzOXMCetVo7FaieIHHCTwQ5kIX8XJOggWYKc6GGhHZroRxeeH70eAyU

-- Dumped from database version 14.22 (Ubuntu 14.22-0ubuntu0.22.04.1)
-- Dumped by pg_dump version 14.22 (Ubuntu 14.22-0ubuntu0.22.04.1)

SET statement_timeout = 0;
SET lock_timeout = 0;
SET idle_in_transaction_session_timeout = 0;
SET client_encoding = 'UTF8';
SET standard_conforming_strings = on;
SELECT pg_catalog.set_config('search_path', '', false);
SET check_function_bodies = false;
SET xmloption = content;
SET client_min_messages = warning;
SET row_security = off;

SET default_tablespace = '';

SET default_table_access_method = heap;

--
-- Name: accounts_aboutcompany; Type: TABLE; Schema: public; Owner: thomas
--

CREATE TABLE public.accounts_aboutcompany (
    address_one character varying(300),
    address_two character varying(300),
    city character varying(300),
    province character varying(300),
    country character varying(300) NOT NULL,
    zipcode bigint,
    address_id character varying(300),
    phone character varying(15),
    facebook character varying(200),
    twitter character varying(200),
    instagram character varying(200),
    "linkedIn" character varying(200),
    id uuid NOT NULL,
    created timestamp with time zone NOT NULL,
    updated timestamp with time zone NOT NULL,
    title character varying(300),
    slug character varying(300) NOT NULL,
    email character varying(254),
    slogan character varying(300),
    small_description text,
    mission text,
    vision text
);


ALTER TABLE public.accounts_aboutcompany OWNER TO thomas;

--
-- Name: accounts_account; Type: TABLE; Schema: public; Owner: thomas
--

CREATE TABLE public.accounts_account (
    id bigint NOT NULL,
    password character varying(128) NOT NULL,
    last_login timestamp with time zone,
    is_superuser boolean NOT NULL,
    username character varying(150) NOT NULL,
    first_name character varying(150) NOT NULL,
    last_name character varying(150) NOT NULL,
    email character varying(254) NOT NULL,
    is_staff boolean NOT NULL,
    is_active boolean NOT NULL,
    date_joined timestamp with time zone NOT NULL,
    address_one character varying(300),
    address_two character varying(300),
    city character varying(300),
    province character varying(300),
    country character varying(300) NOT NULL,
    zipcode bigint,
    address_id character varying(300),
    phone character varying(15),
    facebook character varying(200),
    twitter character varying(200),
    instagram character varying(200),
    "linkedIn" character varying(200),
    profile_image character varying(100),
    title character varying(30) NOT NULL,
    maiden_name character varying(300),
    biography text NOT NULL,
    is_technical boolean NOT NULL,
    is_email_activated boolean NOT NULL,
    is_paid character varying(40) NOT NULL,
    created timestamp with time zone NOT NULL,
    updated timestamp with time zone NOT NULL,
    subscription_id uuid,
    subscription_ends timestamp with time zone,
    subscription_starts timestamp with time zone
);


ALTER TABLE public.accounts_account OWNER TO thomas;

--
-- Name: accounts_account_groups; Type: TABLE; Schema: public; Owner: thomas
--

CREATE TABLE public.accounts_account_groups (
    id bigint NOT NULL,
    account_id bigint NOT NULL,
    group_id integer NOT NULL
);


ALTER TABLE public.accounts_account_groups OWNER TO thomas;

--
-- Name: accounts_account_groups_id_seq; Type: SEQUENCE; Schema: public; Owner: thomas
--

ALTER TABLE public.accounts_account_groups ALTER COLUMN id ADD GENERATED BY DEFAULT AS IDENTITY (
    SEQUENCE NAME public.accounts_account_groups_id_seq
    START WITH 1
    INCREMENT BY 1
    NO MINVALUE
    NO MAXVALUE
    CACHE 1
);


--
-- Name: accounts_account_id_seq; Type: SEQUENCE; Schema: public; Owner: thomas
--

ALTER TABLE public.accounts_account ALTER COLUMN id ADD GENERATED BY DEFAULT AS IDENTITY (
    SEQUENCE NAME public.accounts_account_id_seq
    START WITH 1
    INCREMENT BY 1
    NO MINVALUE
    NO MAXVALUE
    CACHE 1
);


--
-- Name: accounts_account_user_permissions; Type: TABLE; Schema: public; Owner: thomas
--

CREATE TABLE public.accounts_account_user_permissions (
    id bigint NOT NULL,
    account_id bigint NOT NULL,
    permission_id integer NOT NULL
);


ALTER TABLE public.accounts_account_user_permissions OWNER TO thomas;

--
-- Name: accounts_account_user_permissions_id_seq; Type: SEQUENCE; Schema: public; Owner: thomas
--

ALTER TABLE public.accounts_account_user_permissions ALTER COLUMN id ADD GENERATED BY DEFAULT AS IDENTITY (
    SEQUENCE NAME public.accounts_account_user_permissions_id_seq
    START WITH 1
    INCREMENT BY 1
    NO MINVALUE
    NO MAXVALUE
    CACHE 1
);


--
-- Name: accounts_subscriptionorder; Type: TABLE; Schema: public; Owner: thomas
--

CREATE TABLE public.accounts_subscriptionorder (
    id uuid NOT NULL,
    created timestamp with time zone NOT NULL,
    updated timestamp with time zone NOT NULL,
    payment_method_type character varying(50),
    payment_method_card_holder character varying(50),
    payment_method_masked_card character varying(50),
    payment_method_scheme character varying(50),
    payment_date character varying(50),
    order_id character varying(150) NOT NULL,
    vat numeric(1000,2) NOT NULL,
    total_amount numeric(1000,2) NOT NULL,
    checkout_id character varying(200),
    payment_status character varying(40) NOT NULL,
    package_id uuid,
    subscriber_id bigint,
    client_address_one character varying(300),
    client_address_two character varying(300),
    client_city character varying(300),
    client_country character varying(300) NOT NULL,
    client_email character varying(254),
    client_first_name character varying(250),
    client_last_name character varying(250),
    client_phone character varying(15),
    client_province character varying(300),
    client_zipcode bigint,
    discount numeric(1000,2) NOT NULL,
    checkout_details text
);


ALTER TABLE public.accounts_subscriptionorder OWNER TO thomas;

--
-- Name: accounts_subscriptionpackage; Type: TABLE; Schema: public; Owner: thomas
--

CREATE TABLE public.accounts_subscriptionpackage (
    id uuid NOT NULL,
    created timestamp with time zone NOT NULL,
    updated timestamp with time zone NOT NULL,
    title character varying(250) NOT NULL,
    amount numeric(1000,2) NOT NULL,
    details text NOT NULL,
    max_businesses integer NOT NULL,
    max_services_per_business integer NOT NULL,
    max_products_per_business integer NOT NULL
);


ALTER TABLE public.accounts_subscriptionpackage OWNER TO thomas;

--
-- Name: accounts_walletmodel; Type: TABLE; Schema: public; Owner: thomas
--

CREATE TABLE public.accounts_walletmodel (
    id uuid NOT NULL,
    created timestamp with time zone NOT NULL,
    updated timestamp with time zone NOT NULL,
    name character varying(250) NOT NULL,
    balance numeric(1000,2) NOT NULL,
    status character varying(150) NOT NULL,
    cleared_date timestamp with time zone NOT NULL,
    owner_id bigint NOT NULL
);


ALTER TABLE public.accounts_walletmodel OWNER TO thomas;

--
-- Name: admin_interface_theme; Type: TABLE; Schema: public; Owner: thomas
--

CREATE TABLE public.admin_interface_theme (
    id integer NOT NULL,
    name character varying(50) NOT NULL,
    active boolean NOT NULL,
    title character varying(50) NOT NULL,
    title_visible boolean NOT NULL,
    logo character varying(100) NOT NULL,
    logo_visible boolean NOT NULL,
    css_header_background_color character varying(10) NOT NULL,
    title_color character varying(10) NOT NULL,
    css_header_text_color character varying(10) NOT NULL,
    css_header_link_color character varying(10) NOT NULL,
    css_header_link_hover_color character varying(10) NOT NULL,
    css_module_background_color character varying(10) NOT NULL,
    css_module_text_color character varying(10) NOT NULL,
    css_module_link_color character varying(10) NOT NULL,
    css_module_link_hover_color character varying(10) NOT NULL,
    css_module_rounded_corners boolean NOT NULL,
    css_generic_link_color character varying(10) NOT NULL,
    css_generic_link_hover_color character varying(10) NOT NULL,
    css_save_button_background_color character varying(10) NOT NULL,
    css_save_button_background_hover_color character varying(10) NOT NULL,
    css_save_button_text_color character varying(10) NOT NULL,
    css_delete_button_background_color character varying(10) NOT NULL,
    css_delete_button_background_hover_color character varying(10) NOT NULL,
    css_delete_button_text_color character varying(10) NOT NULL,
    list_filter_dropdown boolean NOT NULL,
    related_modal_active boolean NOT NULL,
    related_modal_background_color character varying(10) NOT NULL,
    related_modal_rounded_corners boolean NOT NULL,
    logo_color character varying(10) NOT NULL,
    recent_actions_visible boolean NOT NULL,
    favicon character varying(100) NOT NULL,
    related_modal_background_opacity character varying(5) NOT NULL,
    env_name character varying(50) NOT NULL,
    env_visible_in_header boolean NOT NULL,
    env_color character varying(10) NOT NULL,
    env_visible_in_favicon boolean NOT NULL,
    related_modal_close_button_visible boolean NOT NULL,
    language_chooser_active boolean NOT NULL,
    language_chooser_display character varying(10) NOT NULL,
    list_filter_sticky boolean NOT NULL,
    form_pagination_sticky boolean NOT NULL,
    form_submit_sticky boolean NOT NULL,
    css_module_background_selected_color character varying(10) NOT NULL,
    css_module_link_selected_color character varying(10) NOT NULL,
    logo_max_height smallint NOT NULL,
    logo_max_width smallint NOT NULL,
    foldable_apps boolean NOT NULL,
    language_chooser_control character varying(20) NOT NULL,
    list_filter_highlight boolean NOT NULL,
    list_filter_removal_links boolean NOT NULL,
    show_fieldsets_as_tabs boolean NOT NULL,
    show_inlines_as_tabs boolean NOT NULL,
    css_generic_link_active_color character varying(10) NOT NULL,
    collapsible_stacked_inlines boolean NOT NULL,
    collapsible_stacked_inlines_collapsed boolean NOT NULL,
    collapsible_tabular_inlines boolean NOT NULL,
    collapsible_tabular_inlines_collapsed boolean NOT NULL,
    CONSTRAINT admin_interface_theme_logo_max_height_check CHECK ((logo_max_height >= 0)),
    CONSTRAINT admin_interface_theme_logo_max_width_check CHECK ((logo_max_width >= 0))
);


ALTER TABLE public.admin_interface_theme OWNER TO thomas;

--
-- Name: admin_interface_theme_id_seq; Type: SEQUENCE; Schema: public; Owner: thomas
--

ALTER TABLE public.admin_interface_theme ALTER COLUMN id ADD GENERATED BY DEFAULT AS IDENTITY (
    SEQUENCE NAME public.admin_interface_theme_id_seq
    START WITH 1
    INCREMENT BY 1
    NO MINVALUE
    NO MAXVALUE
    CACHE 1
);


--
-- Name: auth_group; Type: TABLE; Schema: public; Owner: thomas
--

CREATE TABLE public.auth_group (
    id integer NOT NULL,
    name character varying(150) NOT NULL
);


ALTER TABLE public.auth_group OWNER TO thomas;

--
-- Name: auth_group_id_seq; Type: SEQUENCE; Schema: public; Owner: thomas
--

ALTER TABLE public.auth_group ALTER COLUMN id ADD GENERATED BY DEFAULT AS IDENTITY (
    SEQUENCE NAME public.auth_group_id_seq
    START WITH 1
    INCREMENT BY 1
    NO MINVALUE
    NO MAXVALUE
    CACHE 1
);


--
-- Name: auth_group_permissions; Type: TABLE; Schema: public; Owner: thomas
--

CREATE TABLE public.auth_group_permissions (
    id bigint NOT NULL,
    group_id integer NOT NULL,
    permission_id integer NOT NULL
);


ALTER TABLE public.auth_group_permissions OWNER TO thomas;

--
-- Name: auth_group_permissions_id_seq; Type: SEQUENCE; Schema: public; Owner: thomas
--

ALTER TABLE public.auth_group_permissions ALTER COLUMN id ADD GENERATED BY DEFAULT AS IDENTITY (
    SEQUENCE NAME public.auth_group_permissions_id_seq
    START WITH 1
    INCREMENT BY 1
    NO MINVALUE
    NO MAXVALUE
    CACHE 1
);


--
-- Name: auth_permission; Type: TABLE; Schema: public; Owner: thomas
--

CREATE TABLE public.auth_permission (
    id integer NOT NULL,
    name character varying(255) NOT NULL,
    content_type_id integer NOT NULL,
    codename character varying(100) NOT NULL
);


ALTER TABLE public.auth_permission OWNER TO thomas;

--
-- Name: auth_permission_id_seq; Type: SEQUENCE; Schema: public; Owner: thomas
--

ALTER TABLE public.auth_permission ALTER COLUMN id ADD GENERATED BY DEFAULT AS IDENTITY (
    SEQUENCE NAME public.auth_permission_id_seq
    START WITH 1
    INCREMENT BY 1
    NO MINVALUE
    NO MAXVALUE
    CACHE 1
);


--
-- Name: bbgi_home_accreditation; Type: TABLE; Schema: public; Owner: thomas
--

CREATE TABLE public.bbgi_home_accreditation (
    id uuid NOT NULL,
    created timestamp with time zone NOT NULL,
    updated timestamp with time zone NOT NULL,
    logo character varying(100),
    accreditation character varying(350) NOT NULL
);


ALTER TABLE public.bbgi_home_accreditation OWNER TO thomas;

--
-- Name: bbgi_home_blog; Type: TABLE; Schema: public; Owner: thomas
--

CREATE TABLE public.bbgi_home_blog (
    id uuid NOT NULL,
    created timestamp with time zone NOT NULL,
    updated timestamp with time zone NOT NULL,
    image character varying(100),
    title character varying(150) NOT NULL,
    description character varying(200) NOT NULL,
    slug character varying(250) NOT NULL,
    content text NOT NULL,
    author_id bigint,
    category_id uuid NOT NULL
);


ALTER TABLE public.bbgi_home_blog OWNER TO thomas;

--
-- Name: bbgi_home_blogcategory; Type: TABLE; Schema: public; Owner: thomas
--

CREATE TABLE public.bbgi_home_blogcategory (
    id uuid NOT NULL,
    created timestamp with time zone NOT NULL,
    updated timestamp with time zone NOT NULL,
    thumbnail character varying(100),
    slug character varying(350) NOT NULL,
    label character varying(250) NOT NULL
);


ALTER TABLE public.bbgi_home_blogcategory OWNER TO thomas;

--
-- Name: bbgi_home_comment; Type: TABLE; Schema: public; Owner: thomas
--

CREATE TABLE public.bbgi_home_comment (
    id uuid NOT NULL,
    created timestamp with time zone NOT NULL,
    updated timestamp with time zone NOT NULL,
    comment text NOT NULL,
    commenter_id bigint,
    post_id uuid NOT NULL
);


ALTER TABLE public.bbgi_home_comment OWNER TO thomas;

--
-- Name: bbgi_home_emailmodel; Type: TABLE; Schema: public; Owner: thomas
--

CREATE TABLE public.bbgi_home_emailmodel (
    id uuid NOT NULL,
    created timestamp with time zone NOT NULL,
    updated timestamp with time zone NOT NULL,
    subject character varying(70) NOT NULL,
    from_email character varying(254) NOT NULL,
    name character varying(100) NOT NULL,
    phone character varying(15) NOT NULL,
    message text NOT NULL,
    task_id character varying(200) NOT NULL
);


ALTER TABLE public.bbgi_home_emailmodel OWNER TO thomas;

--
-- Name: bbgi_home_faq; Type: TABLE; Schema: public; Owner: thomas
--

CREATE TABLE public.bbgi_home_faq (
    id uuid NOT NULL,
    created timestamp with time zone NOT NULL,
    updated timestamp with time zone NOT NULL,
    question character varying(250) NOT NULL,
    answer character varying(550) NOT NULL
);


ALTER TABLE public.bbgi_home_faq OWNER TO thomas;

--
-- Name: bbgi_home_member; Type: TABLE; Schema: public; Owner: thomas
--

CREATE TABLE public.bbgi_home_member (
    id uuid NOT NULL,
    created timestamp with time zone NOT NULL,
    updated timestamp with time zone NOT NULL,
    image character varying(100),
    full_names character varying(250) NOT NULL,
    slug character varying(350) NOT NULL,
    role character varying(250) NOT NULL,
    decription text
);


ALTER TABLE public.bbgi_home_member OWNER TO thomas;

--
-- Name: bbgi_home_privacy; Type: TABLE; Schema: public; Owner: thomas
--

CREATE TABLE public.bbgi_home_privacy (
    id uuid NOT NULL,
    created timestamp with time zone NOT NULL,
    updated timestamp with time zone NOT NULL,
    title character varying(150) NOT NULL,
    slug character varying(250) NOT NULL,
    description character varying(160) NOT NULL,
    content text NOT NULL
);


ALTER TABLE public.bbgi_home_privacy OWNER TO thomas;

--
-- Name: bbgi_home_review; Type: TABLE; Schema: public; Owner: thomas
--

CREATE TABLE public.bbgi_home_review (
    id uuid NOT NULL,
    created timestamp with time zone NOT NULL,
    updated timestamp with time zone NOT NULL,
    logo character varying(100),
    reviewer character varying(350) NOT NULL,
    review text NOT NULL
);


ALTER TABLE public.bbgi_home_review OWNER TO thomas;

--
-- Name: bbgi_home_sponsor; Type: TABLE; Schema: public; Owner: thomas
--

CREATE TABLE public.bbgi_home_sponsor (
    id uuid NOT NULL,
    created timestamp with time zone NOT NULL,
    updated timestamp with time zone NOT NULL,
    logo character varying(100),
    sponsor character varying(350) NOT NULL,
    decription text
);


ALTER TABLE public.bbgi_home_sponsor OWNER TO thomas;

--
-- Name: campaigns_campaigncontent; Type: TABLE; Schema: public; Owner: thomas
--

CREATE TABLE public.campaigns_campaigncontent (
    id uuid NOT NULL,
    created timestamp with time zone NOT NULL,
    updated timestamp with time zone NOT NULL,
    image character varying(100) NOT NULL,
    campaign_id uuid NOT NULL
);


ALTER TABLE public.campaigns_campaigncontent OWNER TO thomas;

--
-- Name: campaigns_campaignmodel; Type: TABLE; Schema: public; Owner: thomas
--

CREATE TABLE public.campaigns_campaignmodel (
    id uuid NOT NULL,
    created timestamp with time zone NOT NULL,
    updated timestamp with time zone NOT NULL,
    image character varying(100),
    title character varying(150) NOT NULL,
    slug character varying(250) NOT NULL,
    details text NOT NULL,
    target numeric(1000,2) NOT NULL,
    current_amount numeric(1000,2) NOT NULL,
    start_date timestamp with time zone NOT NULL,
    end_date timestamp with time zone NOT NULL,
    status character varying(50) NOT NULL,
    is_featured boolean NOT NULL,
    category_id uuid NOT NULL,
    organiser_id bigint NOT NULL,
    alternative_phone character varying(15),
    campaign_address character varying(300),
    email character varying(254),
    facebook character varying(200),
    instagram character varying(200),
    "linkedIn" character varying(200),
    map_coordinates character varying(300),
    phone character varying(15),
    small_description text,
    twitter character varying(200),
    website character varying(200)
);


ALTER TABLE public.campaigns_campaignmodel OWNER TO thomas;

--
-- Name: campaigns_campaignreview; Type: TABLE; Schema: public; Owner: thomas
--

CREATE TABLE public.campaigns_campaignreview (
    id uuid NOT NULL,
    created timestamp with time zone NOT NULL,
    updated timestamp with time zone NOT NULL,
    rating_value integer NOT NULL,
    commenter_email character varying(254) NOT NULL,
    commenter_full_names character varying(300) NOT NULL,
    comment_title character varying(250) NOT NULL,
    comment text NOT NULL,
    campaign_id uuid NOT NULL,
    commenter_id bigint
);


ALTER TABLE public.campaigns_campaignreview OWNER TO thomas;

--
-- Name: campaigns_campaignupdatemodel; Type: TABLE; Schema: public; Owner: thomas
--

CREATE TABLE public.campaigns_campaignupdatemodel (
    id uuid NOT NULL,
    updated timestamp with time zone NOT NULL,
    title character varying(250) NOT NULL,
    content text NOT NULL,
    created timestamp with time zone NOT NULL,
    campaign_id uuid NOT NULL
);


ALTER TABLE public.campaigns_campaignupdatemodel OWNER TO thomas;

--
-- Name: campaigns_contributionmodel; Type: TABLE; Schema: public; Owner: thomas
--

CREATE TABLE public.campaigns_contributionmodel (
    id uuid NOT NULL,
    created timestamp with time zone NOT NULL,
    updated timestamp with time zone NOT NULL,
    payment_method_type character varying(50),
    payment_method_card_holder character varying(50),
    payment_method_masked_card character varying(50),
    payment_method_scheme character varying(50),
    payment_date character varying(50),
    order_number character varying(300) NOT NULL,
    checkout_id character varying(200),
    amount numeric(1000,2) NOT NULL,
    tip character varying(25) NOT NULL,
    total_amount numeric(1000,2) NOT NULL,
    accepted_laws boolean NOT NULL,
    message text,
    paid character varying(40) NOT NULL,
    anonymous boolean NOT NULL,
    receipt character varying(100),
    campaign_id uuid NOT NULL,
    contributor_id bigint
);


ALTER TABLE public.campaigns_contributionmodel OWNER TO thomas;

--
-- Name: coupons_coupon; Type: TABLE; Schema: public; Owner: thomas
--

CREATE TABLE public.coupons_coupon (
    id uuid NOT NULL,
    created timestamp with time zone NOT NULL,
    updated timestamp with time zone NOT NULL,
    discount numeric(1000,2) NOT NULL,
    code character varying(50) NOT NULL,
    order_id uuid,
    valid_from timestamp with time zone NOT NULL,
    valid_to timestamp with time zone NOT NULL,
    active boolean NOT NULL,
    campaign_id uuid,
    event_id uuid
);


ALTER TABLE public.coupons_coupon OWNER TO thomas;

--
-- Name: django_admin_log; Type: TABLE; Schema: public; Owner: thomas
--

CREATE TABLE public.django_admin_log (
    id integer NOT NULL,
    action_time timestamp with time zone NOT NULL,
    object_id text,
    object_repr character varying(200) NOT NULL,
    action_flag smallint NOT NULL,
    change_message text NOT NULL,
    content_type_id integer,
    user_id bigint NOT NULL,
    CONSTRAINT django_admin_log_action_flag_check CHECK ((action_flag >= 0))
);


ALTER TABLE public.django_admin_log OWNER TO thomas;

--
-- Name: django_admin_log_id_seq; Type: SEQUENCE; Schema: public; Owner: thomas
--

ALTER TABLE public.django_admin_log ALTER COLUMN id ADD GENERATED BY DEFAULT AS IDENTITY (
    SEQUENCE NAME public.django_admin_log_id_seq
    START WITH 1
    INCREMENT BY 1
    NO MINVALUE
    NO MAXVALUE
    CACHE 1
);


--
-- Name: django_celery_beat_clockedschedule; Type: TABLE; Schema: public; Owner: thomas
--

CREATE TABLE public.django_celery_beat_clockedschedule (
    id integer NOT NULL,
    clocked_time timestamp with time zone NOT NULL
);


ALTER TABLE public.django_celery_beat_clockedschedule OWNER TO thomas;

--
-- Name: django_celery_beat_clockedschedule_id_seq; Type: SEQUENCE; Schema: public; Owner: thomas
--

ALTER TABLE public.django_celery_beat_clockedschedule ALTER COLUMN id ADD GENERATED BY DEFAULT AS IDENTITY (
    SEQUENCE NAME public.django_celery_beat_clockedschedule_id_seq
    START WITH 1
    INCREMENT BY 1
    NO MINVALUE
    NO MAXVALUE
    CACHE 1
);


--
-- Name: django_celery_beat_crontabschedule; Type: TABLE; Schema: public; Owner: thomas
--

CREATE TABLE public.django_celery_beat_crontabschedule (
    id integer NOT NULL,
    minute character varying(240) NOT NULL,
    hour character varying(96) NOT NULL,
    day_of_week character varying(64) NOT NULL,
    day_of_month character varying(124) NOT NULL,
    month_of_year character varying(64) NOT NULL,
    timezone character varying(63) NOT NULL
);


ALTER TABLE public.django_celery_beat_crontabschedule OWNER TO thomas;

--
-- Name: django_celery_beat_crontabschedule_id_seq; Type: SEQUENCE; Schema: public; Owner: thomas
--

ALTER TABLE public.django_celery_beat_crontabschedule ALTER COLUMN id ADD GENERATED BY DEFAULT AS IDENTITY (
    SEQUENCE NAME public.django_celery_beat_crontabschedule_id_seq
    START WITH 1
    INCREMENT BY 1
    NO MINVALUE
    NO MAXVALUE
    CACHE 1
);


--
-- Name: django_celery_beat_intervalschedule; Type: TABLE; Schema: public; Owner: thomas
--

CREATE TABLE public.django_celery_beat_intervalschedule (
    id integer NOT NULL,
    every integer NOT NULL,
    period character varying(24) NOT NULL
);


ALTER TABLE public.django_celery_beat_intervalschedule OWNER TO thomas;

--
-- Name: django_celery_beat_intervalschedule_id_seq; Type: SEQUENCE; Schema: public; Owner: thomas
--

ALTER TABLE public.django_celery_beat_intervalschedule ALTER COLUMN id ADD GENERATED BY DEFAULT AS IDENTITY (
    SEQUENCE NAME public.django_celery_beat_intervalschedule_id_seq
    START WITH 1
    INCREMENT BY 1
    NO MINVALUE
    NO MAXVALUE
    CACHE 1
);


--
-- Name: django_celery_beat_periodictask; Type: TABLE; Schema: public; Owner: thomas
--

CREATE TABLE public.django_celery_beat_periodictask (
    id integer NOT NULL,
    name character varying(200) NOT NULL,
    task character varying(200) NOT NULL,
    args text NOT NULL,
    kwargs text NOT NULL,
    queue character varying(200),
    exchange character varying(200),
    routing_key character varying(200),
    expires timestamp with time zone,
    enabled boolean NOT NULL,
    last_run_at timestamp with time zone,
    total_run_count integer NOT NULL,
    date_changed timestamp with time zone NOT NULL,
    description text NOT NULL,
    crontab_id integer,
    interval_id integer,
    solar_id integer,
    one_off boolean NOT NULL,
    start_time timestamp with time zone,
    priority integer,
    headers text NOT NULL,
    clocked_id integer,
    expire_seconds integer,
    CONSTRAINT django_celery_beat_periodictask_expire_seconds_check CHECK ((expire_seconds >= 0)),
    CONSTRAINT django_celery_beat_periodictask_priority_check CHECK ((priority >= 0)),
    CONSTRAINT django_celery_beat_periodictask_total_run_count_check CHECK ((total_run_count >= 0))
);


ALTER TABLE public.django_celery_beat_periodictask OWNER TO thomas;

--
-- Name: django_celery_beat_periodictask_id_seq; Type: SEQUENCE; Schema: public; Owner: thomas
--

ALTER TABLE public.django_celery_beat_periodictask ALTER COLUMN id ADD GENERATED BY DEFAULT AS IDENTITY (
    SEQUENCE NAME public.django_celery_beat_periodictask_id_seq
    START WITH 1
    INCREMENT BY 1
    NO MINVALUE
    NO MAXVALUE
    CACHE 1
);


--
-- Name: django_celery_beat_periodictasks; Type: TABLE; Schema: public; Owner: thomas
--

CREATE TABLE public.django_celery_beat_periodictasks (
    ident smallint NOT NULL,
    last_update timestamp with time zone NOT NULL
);


ALTER TABLE public.django_celery_beat_periodictasks OWNER TO thomas;

--
-- Name: django_celery_beat_solarschedule; Type: TABLE; Schema: public; Owner: thomas
--

CREATE TABLE public.django_celery_beat_solarschedule (
    id integer NOT NULL,
    event character varying(24) NOT NULL,
    latitude numeric(9,6) NOT NULL,
    longitude numeric(9,6) NOT NULL
);


ALTER TABLE public.django_celery_beat_solarschedule OWNER TO thomas;

--
-- Name: django_celery_beat_solarschedule_id_seq; Type: SEQUENCE; Schema: public; Owner: thomas
--

ALTER TABLE public.django_celery_beat_solarschedule ALTER COLUMN id ADD GENERATED BY DEFAULT AS IDENTITY (
    SEQUENCE NAME public.django_celery_beat_solarschedule_id_seq
    START WITH 1
    INCREMENT BY 1
    NO MINVALUE
    NO MAXVALUE
    CACHE 1
);


--
-- Name: django_celery_results_chordcounter; Type: TABLE; Schema: public; Owner: thomas
--

CREATE TABLE public.django_celery_results_chordcounter (
    id integer NOT NULL,
    group_id character varying(255) NOT NULL,
    sub_tasks text NOT NULL,
    count integer NOT NULL,
    CONSTRAINT django_celery_results_chordcounter_count_check CHECK ((count >= 0))
);


ALTER TABLE public.django_celery_results_chordcounter OWNER TO thomas;

--
-- Name: django_celery_results_chordcounter_id_seq; Type: SEQUENCE; Schema: public; Owner: thomas
--

ALTER TABLE public.django_celery_results_chordcounter ALTER COLUMN id ADD GENERATED BY DEFAULT AS IDENTITY (
    SEQUENCE NAME public.django_celery_results_chordcounter_id_seq
    START WITH 1
    INCREMENT BY 1
    NO MINVALUE
    NO MAXVALUE
    CACHE 1
);


--
-- Name: django_celery_results_groupresult; Type: TABLE; Schema: public; Owner: thomas
--

CREATE TABLE public.django_celery_results_groupresult (
    id integer NOT NULL,
    group_id character varying(255) NOT NULL,
    date_created timestamp with time zone NOT NULL,
    date_done timestamp with time zone NOT NULL,
    content_type character varying(128) NOT NULL,
    content_encoding character varying(64) NOT NULL,
    result text
);


ALTER TABLE public.django_celery_results_groupresult OWNER TO thomas;

--
-- Name: django_celery_results_groupresult_id_seq; Type: SEQUENCE; Schema: public; Owner: thomas
--

ALTER TABLE public.django_celery_results_groupresult ALTER COLUMN id ADD GENERATED BY DEFAULT AS IDENTITY (
    SEQUENCE NAME public.django_celery_results_groupresult_id_seq
    START WITH 1
    INCREMENT BY 1
    NO MINVALUE
    NO MAXVALUE
    CACHE 1
);


--
-- Name: django_celery_results_taskresult; Type: TABLE; Schema: public; Owner: thomas
--

CREATE TABLE public.django_celery_results_taskresult (
    id integer NOT NULL,
    task_id character varying(255) NOT NULL,
    status character varying(50) NOT NULL,
    content_type character varying(128) NOT NULL,
    content_encoding character varying(64) NOT NULL,
    result text,
    date_done timestamp with time zone NOT NULL,
    traceback text,
    meta text,
    task_args text,
    task_kwargs text,
    task_name character varying(255),
    worker character varying(100),
    date_created timestamp with time zone NOT NULL,
    periodic_task_name character varying(255)
);


ALTER TABLE public.django_celery_results_taskresult OWNER TO thomas;

--
-- Name: django_celery_results_taskresult_id_seq; Type: SEQUENCE; Schema: public; Owner: thomas
--

ALTER TABLE public.django_celery_results_taskresult ALTER COLUMN id ADD GENERATED BY DEFAULT AS IDENTITY (
    SEQUENCE NAME public.django_celery_results_taskresult_id_seq
    START WITH 1
    INCREMENT BY 1
    NO MINVALUE
    NO MAXVALUE
    CACHE 1
);


--
-- Name: django_content_type; Type: TABLE; Schema: public; Owner: thomas
--

CREATE TABLE public.django_content_type (
    id integer NOT NULL,
    app_label character varying(100) NOT NULL,
    model character varying(100) NOT NULL
);


ALTER TABLE public.django_content_type OWNER TO thomas;

--
-- Name: django_content_type_id_seq; Type: SEQUENCE; Schema: public; Owner: thomas
--

ALTER TABLE public.django_content_type ALTER COLUMN id ADD GENERATED BY DEFAULT AS IDENTITY (
    SEQUENCE NAME public.django_content_type_id_seq
    START WITH 1
    INCREMENT BY 1
    NO MINVALUE
    NO MAXVALUE
    CACHE 1
);


--
-- Name: django_migrations; Type: TABLE; Schema: public; Owner: thomas
--

CREATE TABLE public.django_migrations (
    id bigint NOT NULL,
    app character varying(255) NOT NULL,
    name character varying(255) NOT NULL,
    applied timestamp with time zone NOT NULL
);


ALTER TABLE public.django_migrations OWNER TO thomas;

--
-- Name: django_migrations_id_seq; Type: SEQUENCE; Schema: public; Owner: thomas
--

ALTER TABLE public.django_migrations ALTER COLUMN id ADD GENERATED BY DEFAULT AS IDENTITY (
    SEQUENCE NAME public.django_migrations_id_seq
    START WITH 1
    INCREMENT BY 1
    NO MINVALUE
    NO MAXVALUE
    CACHE 1
);


--
-- Name: django_session; Type: TABLE; Schema: public; Owner: thomas
--

CREATE TABLE public.django_session (
    session_key character varying(40) NOT NULL,
    session_data text NOT NULL,
    expire_date timestamp with time zone NOT NULL
);


ALTER TABLE public.django_session OWNER TO thomas;

--
-- Name: events_eventcontent; Type: TABLE; Schema: public; Owner: thomas
--

CREATE TABLE public.events_eventcontent (
    id uuid NOT NULL,
    created timestamp with time zone NOT NULL,
    updated timestamp with time zone NOT NULL,
    image character varying(100) NOT NULL,
    some_field character varying(20),
    event_id uuid NOT NULL
);


ALTER TABLE public.events_eventcontent OWNER TO thomas;

--
-- Name: events_eventmodel; Type: TABLE; Schema: public; Owner: thomas
--

CREATE TABLE public.events_eventmodel (
    id uuid NOT NULL,
    created timestamp with time zone NOT NULL,
    updated timestamp with time zone NOT NULL,
    image character varying(100),
    title character varying(150) NOT NULL,
    slug character varying(250) NOT NULL,
    content text NOT NULL,
    venue_name character varying(400),
    event_address character varying(300),
    map_coordinates character varying(300),
    total_seats_sold integer NOT NULL,
    event_link character varying(200),
    event_startdate timestamp with time zone NOT NULL,
    event_enddate timestamp with time zone NOT NULL,
    status character varying(50) NOT NULL,
    category_id uuid,
    organiser_id bigint NOT NULL,
    small_description text,
    email character varying(254) NOT NULL,
    phone character varying(15) NOT NULL,
    CONSTRAINT events_eventmodel_total_seats_sold_check CHECK ((total_seats_sold >= 0))
);


ALTER TABLE public.events_eventmodel OWNER TO thomas;

--
-- Name: events_eventorganisor; Type: TABLE; Schema: public; Owner: thomas
--

CREATE TABLE public.events_eventorganisor (
    id uuid NOT NULL,
    created timestamp with time zone NOT NULL,
    updated timestamp with time zone NOT NULL,
    full_name character varying(350) NOT NULL,
    organisor_phone_one character varying(15),
    organisor_email character varying(254) NOT NULL,
    event_id uuid NOT NULL
);


ALTER TABLE public.events_eventorganisor OWNER TO thomas;

--
-- Name: events_eventreview; Type: TABLE; Schema: public; Owner: thomas
--

CREATE TABLE public.events_eventreview (
    id uuid NOT NULL,
    created timestamp with time zone NOT NULL,
    updated timestamp with time zone NOT NULL,
    rating_value integer NOT NULL,
    commenter_email character varying(254) NOT NULL,
    commenter_full_names character varying(300) NOT NULL,
    comment_title character varying(300) NOT NULL,
    comment text NOT NULL,
    commenter_id bigint,
    event_id uuid NOT NULL
);


ALTER TABLE public.events_eventreview OWNER TO thomas;

--
-- Name: events_eventtickettypemodel; Type: TABLE; Schema: public; Owner: thomas
--

CREATE TABLE public.events_eventtickettypemodel (
    id uuid NOT NULL,
    created timestamp with time zone NOT NULL,
    updated timestamp with time zone NOT NULL,
    title character varying(250) NOT NULL,
    available_seats integer NOT NULL,
    sale_start timestamp with time zone,
    sale_end timestamp with time zone,
    price numeric(1000,2) NOT NULL,
    transaction_cost numeric(1000,2) NOT NULL,
    total_price numeric(1000,2) NOT NULL,
    event_id uuid NOT NULL,
    CONSTRAINT events_eventtickettypemodel_available_seats_check CHECK ((available_seats >= 0))
);


ALTER TABLE public.events_eventtickettypemodel OWNER TO thomas;

--
-- Name: events_ticketmodel; Type: TABLE; Schema: public; Owner: thomas
--

CREATE TABLE public.events_ticketmodel (
    id uuid NOT NULL,
    created timestamp with time zone NOT NULL,
    updated timestamp with time zone NOT NULL,
    guest_full_name character varying(300),
    guest_email character varying(254),
    guest_phone_number character varying(15),
    quantity bigint NOT NULL,
    barcode_value character varying(13),
    barcode_image character varying(100),
    qrcode_url character varying(200),
    qrcode_image character varying(100),
    ticket_order_id uuid NOT NULL,
    ticket_type_id uuid NOT NULL,
    scanned boolean NOT NULL,
    scanned_at timestamp with time zone,
    CONSTRAINT events_ticketmodel_quantity_check CHECK ((quantity >= 0))
);


ALTER TABLE public.events_ticketmodel OWNER TO thomas;

--
-- Name: events_ticketordermodel; Type: TABLE; Schema: public; Owner: thomas
--

CREATE TABLE public.events_ticketordermodel (
    id uuid NOT NULL,
    created timestamp with time zone NOT NULL,
    updated timestamp with time zone NOT NULL,
    payment_method_type character varying(50),
    payment_method_card_holder character varying(50),
    payment_method_masked_card character varying(50),
    payment_method_scheme character varying(50),
    payment_date character varying(50),
    order_number character varying(300) NOT NULL,
    checkout_id character varying(200),
    email character varying(254) NOT NULL,
    quantity bigint NOT NULL,
    subtotal numeric(1000,2) NOT NULL,
    total_price numeric(1000,2) NOT NULL,
    total_transaction_costs numeric(1000,2) NOT NULL,
    tip numeric(1000,2) NOT NULL,
    accepted_laws boolean NOT NULL,
    reservation_time time without time zone NOT NULL,
    paid character varying(300) NOT NULL,
    tickets_pdf_file character varying(100),
    buyer_id bigint,
    event_id uuid NOT NULL,
    receipt character varying(100),
    client_address_one character varying(300),
    client_address_two character varying(300),
    client_city character varying(300),
    client_country character varying(300) NOT NULL,
    client_email character varying(254),
    client_first_name character varying(250),
    client_last_name character varying(250),
    client_phone character varying(15),
    client_province character varying(300),
    client_zipcode bigint,
    discount numeric(1000,2) NOT NULL,
    coupon_code character varying(300),
    order_note text,
    CONSTRAINT events_ticketordermodel_quantity_check CHECK ((quantity >= 0))
);


ALTER TABLE public.events_ticketordermodel OWNER TO thomas;

--
-- Name: listings_business; Type: TABLE; Schema: public; Owner: thomas
--

CREATE TABLE public.listings_business (
    province character varying(300) NOT NULL,
    phone character varying(15),
    facebook character varying(200),
    twitter character varying(200),
    instagram character varying(200),
    "linkedIn" character varying(200),
    id uuid NOT NULL,
    created timestamp with time zone NOT NULL,
    updated timestamp with time zone NOT NULL,
    background_image character varying(100),
    logo character varying(100),
    title character varying(150) NOT NULL,
    slogan character varying(350),
    slug character varying(250) NOT NULL,
    details text,
    map_coordinates character varying(300),
    website character varying(200),
    email character varying(250),
    bbbee_level character varying(100) NOT NULL,
    status character varying(50) NOT NULL,
    category_id uuid NOT NULL,
    owner_id bigint NOT NULL,
    is_completed boolean NOT NULL,
    main_address character varying(300),
    alternative_phone character varying(15),
    hours_type character varying(250) NOT NULL,
    is_hours boolean NOT NULL
);


ALTER TABLE public.listings_business OWNER TO thomas;

--
-- Name: listings_businesscontent; Type: TABLE; Schema: public; Owner: thomas
--

CREATE TABLE public.listings_businesscontent (
    id uuid NOT NULL,
    created timestamp with time zone NOT NULL,
    updated timestamp with time zone NOT NULL,
    image character varying(100),
    business_id uuid NOT NULL
);


ALTER TABLE public.listings_businesscontent OWNER TO thomas;

--
-- Name: listings_businesshour; Type: TABLE; Schema: public; Owner: thomas
--

CREATE TABLE public.listings_businesshour (
    id uuid NOT NULL,
    created timestamp with time zone NOT NULL,
    updated timestamp with time zone NOT NULL,
    day character varying(250) NOT NULL,
    operating boolean NOT NULL,
    open_time time without time zone NOT NULL,
    close_time time without time zone NOT NULL,
    business_id uuid NOT NULL
);


ALTER TABLE public.listings_businesshour OWNER TO thomas;

--
-- Name: listings_businesslocation; Type: TABLE; Schema: public; Owner: thomas
--

CREATE TABLE public.listings_businesslocation (
    id uuid NOT NULL,
    created timestamp with time zone NOT NULL,
    updated timestamp with time zone NOT NULL,
    map_coordinates character varying(300),
    address_id character varying(300),
    address character varying(400) NOT NULL,
    business_id uuid,
    email character varying(250),
    location_title character varying(350),
    phone character varying(15)
);


ALTER TABLE public.listings_businesslocation OWNER TO thomas;

--
-- Name: listings_businessreview; Type: TABLE; Schema: public; Owner: thomas
--

CREATE TABLE public.listings_businessreview (
    id uuid NOT NULL,
    created timestamp with time zone NOT NULL,
    updated timestamp with time zone NOT NULL,
    rating_value integer NOT NULL,
    commenter_email character varying(254) NOT NULL,
    commenter_full_names character varying(250) NOT NULL,
    comment_title character varying(250) NOT NULL,
    comment text NOT NULL,
    business_id uuid NOT NULL,
    commenter_id bigint
);


ALTER TABLE public.listings_businessreview OWNER TO thomas;

--
-- Name: listings_category; Type: TABLE; Schema: public; Owner: thomas
--

CREATE TABLE public.listings_category (
    id uuid NOT NULL,
    created timestamp with time zone NOT NULL,
    updated timestamp with time zone NOT NULL,
    thumbnail character varying(100),
    slug character varying(350) NOT NULL,
    label character varying(250) NOT NULL,
    icon character varying(250) NOT NULL
);


ALTER TABLE public.listings_category OWNER TO thomas;

--
-- Name: listings_listingorder; Type: TABLE; Schema: public; Owner: thomas
--

CREATE TABLE public.listings_listingorder (
    id uuid NOT NULL,
    created timestamp with time zone NOT NULL,
    updated timestamp with time zone NOT NULL,
    payment_method_type character varying(50),
    payment_method_card_holder character varying(50),
    payment_method_masked_card character varying(50),
    payment_method_scheme character varying(50),
    payment_date character varying(50),
    order_id character varying(150) NOT NULL,
    client_first_name character varying(250),
    client_last_name character varying(250),
    client_phone character varying(15),
    client_email character varying(254),
    client_address_one character varying(300),
    client_address_two character varying(300),
    client_city character varying(300),
    client_province character varying(300),
    checkout_details text,
    client_country character varying(300) NOT NULL,
    client_zipcode bigint,
    hide_client boolean NOT NULL,
    vat numeric(1000,2) NOT NULL,
    total_amount numeric(1000,2) NOT NULL,
    discount numeric(1000,2) NOT NULL,
    checkout_id character varying(200),
    payment_status character varying(40) NOT NULL,
    subscription_starts timestamp with time zone,
    subscription_ends timestamp with time zone,
    listing_id uuid,
    subscriber_id bigint
);


ALTER TABLE public.listings_listingorder OWNER TO thomas;

--
-- Name: markets_qoutation; Type: TABLE; Schema: public; Owner: thomas
--

CREATE TABLE public.markets_qoutation (
    id uuid NOT NULL,
    created timestamp with time zone NOT NULL,
    updated timestamp with time zone NOT NULL,
    file character varying(100),
    full_names character varying(350) NOT NULL,
    phone character varying(15) NOT NULL,
    email character varying(254) NOT NULL,
    description text,
    is_location_based boolean NOT NULL,
    location character varying(350),
    call_at character varying(150) NOT NULL,
    "time" character varying(150) NOT NULL,
    date date,
    client_id bigint NOT NULL,
    service_id uuid NOT NULL
);


ALTER TABLE public.markets_qoutation OWNER TO thomas;

--
-- Name: markets_requestservice; Type: TABLE; Schema: public; Owner: thomas
--

CREATE TABLE public.markets_requestservice (
    id uuid NOT NULL,
    created timestamp with time zone NOT NULL,
    updated timestamp with time zone NOT NULL,
    service_title character varying(350) NOT NULL,
    file character varying(100),
    full_names character varying(350) NOT NULL,
    phone character varying(15) NOT NULL,
    email character varying(254) NOT NULL,
    description text,
    is_location_based boolean NOT NULL,
    location character varying(350),
    call_at character varying(150) NOT NULL,
    "time" character varying(150) NOT NULL,
    date date
);


ALTER TABLE public.markets_requestservice OWNER TO thomas;

--
-- Name: markets_service; Type: TABLE; Schema: public; Owner: thomas
--

CREATE TABLE public.markets_service (
    id uuid NOT NULL,
    created timestamp with time zone NOT NULL,
    updated timestamp with time zone NOT NULL,
    image character varying(100),
    title character varying(150) NOT NULL,
    slug character varying(250) NOT NULL,
    description text NOT NULL,
    price_decription character varying(150),
    price numeric(1000,2),
    on_discount boolean NOT NULL,
    discount_percentage numeric(1000,2),
    discount_description character varying(150),
    is_popular boolean NOT NULL,
    business_id uuid NOT NULL
);


ALTER TABLE public.markets_service OWNER TO thomas;

--
-- Name: payments_bbgibankmodel; Type: TABLE; Schema: public; Owner: thomas
--

CREATE TABLE public.payments_bbgibankmodel (
    id uuid NOT NULL,
    created timestamp with time zone NOT NULL,
    updated timestamp with time zone NOT NULL,
    balance numeric(1000,2) NOT NULL,
    order_uuid uuid,
    order_id character varying(300) NOT NULL,
    tip character varying(200),
    received_at timestamp with time zone NOT NULL
);


ALTER TABLE public.payments_bbgibankmodel OWNER TO thomas;

--
-- Name: payments_paymentinformation; Type: TABLE; Schema: public; Owner: thomas
--

CREATE TABLE public.payments_paymentinformation (
    id character varying(300) NOT NULL,
    data jsonb NOT NULL,
    order_number character varying(300),
    order_updated boolean NOT NULL,
    created timestamp with time zone NOT NULL,
    updated timestamp with time zone NOT NULL
);


ALTER TABLE public.payments_paymentinformation OWNER TO thomas;

--
-- Data for Name: accounts_aboutcompany; Type: TABLE DATA; Schema: public; Owner: thomas
--

COPY public.accounts_aboutcompany (address_one, address_two, city, province, country, zipcode, address_id, phone, facebook, twitter, instagram, "linkedIn", id, created, updated, title, slug, email, slogan, small_description, mission, vision) FROM stdin;
19 Edison Way	Century City	Cape Town	wc	South Africa	7441	\N	+27658622202	https://www.facebook.com/blackbusinessgrowthinitiave	\N	https://www.instagram.com/blackbusinessgrowthinitiave	https://www.linkedin.com/company/black-business-growth-initiative/posts/	bcf79b49-a57e-495a-9eee-86085e2a028e	2024-09-14 15:04:07.83285+00	2025-01-01 01:46:50.359623+00	BBGI	about-bbgi-model	info@bbgi.co.za	Connecting collaborators to transform Africa	The Black Business Growth Initiative is a comminity of like-minded people and organisations that unites and collaborates for the growth of black businesses and the growth of Black professional careers.\r\n\r\nWe do this by creating opportunities for connection and collaboration towards access to funding, strategic thinking, skills development, and access to market.\r\n\r\nPartner with us to take up this generation's place in history - transforming Africa so that it feels like home for black Africans.	Our mission is to support and promote the growth of Black African businesses and careers by providing a platform to showcase expertise, facilitating impactful networking opportunities, delivering business education and mentorship, fostering unity and collaboration, and driving initiatives that empower and sustain Black-owned businesses.	To become the leading platform that unites and empowers Black African entrepreneurs and professionals, fostering a thriving, collaborative community that drives economic growth, innovation, and sustainable success across South Africa and beyond.
\.


--
-- Data for Name: accounts_account; Type: TABLE DATA; Schema: public; Owner: thomas
--

COPY public.accounts_account (id, password, last_login, is_superuser, username, first_name, last_name, email, is_staff, is_active, date_joined, address_one, address_two, city, province, country, zipcode, address_id, phone, facebook, twitter, instagram, "linkedIn", profile_image, title, maiden_name, biography, is_technical, is_email_activated, is_paid, created, updated, subscription_id, subscription_ends, subscription_starts) FROM stdin;
7	pbkdf2_sha256$600000$ShymysbZseXW8uH9HECAsR$aLRONa05KA9c4G1BiwybjmHUPlWWIykOCBM++MPlXNU=	2024-09-14 15:43:57.397811+00	f	hanjelwa@gmail.com	Hanjelwa	Dube	hanjelwa@gmail.com	f	t	2024-09-14 15:43:16.087221+00	\N	\N	\N	\N	South Africa	\N	\N	\N	\N	\N	\N	\N			\N		f	t	NOT PAID	2024-09-14 15:43:16.689348+00	2024-09-14 15:43:16.689368+00	\N	\N	\N
6	pbkdf2_sha256$600000$ECixsdcxbrrGmkB6gB1rAT$KiNL/cZWgAfTPqhpFL9gjSqHmJzaZikZlr0UMMYJXsc=	2024-09-14 11:56:40+00	f	AviweBand	Aviwe	Panya	aviwepanya@gmail.com	f	t	2024-09-14 11:49:51+00	\N	\N	\N	\N	South Africa	\N	\N	\N	\N	\N	\N	\N		Mr	\N		f	t	PAID	2024-09-14 11:49:52.086167+00	2024-09-17 07:30:06.008351+00	7be40832-d6c4-4e59-988f-e5fa6cb491fd	\N	\N
5	pbkdf2_sha256$600000$rMDY2exAftQMDMyAAkpdj7$ju6mYfqnkvggJsAqhnCNg2Skc6E60pgN2OedD6S+q+E=	2024-08-28 15:55:19.856262+00	f	recadi	Magcoba	Hadi	mhadi@recadi.co.za	f	t	2024-08-28 15:54:01.809263+00	\N	\N	\N	\N	South Africa	\N	\N	\N	\N	\N	\N	\N			\N		f	t	NOT PAID	2024-08-28 15:54:02.439474+00	2024-08-28 15:54:02.439487+00	\N	\N	\N
8	pbkdf2_sha256$600000$8q9AzKklWgRm0DZXC9vaKQ$zlYbhrEKEuAXieMrvtG2vDgpIz8aByImh7fOOyH5jTA=	2024-09-18 21:03:46.817323+00	f	Eisenhaur	Ike	Bam	ikebam79@gmail.com	f	t	2024-09-18 20:58:36.221097+00	\N	\N	\N	\N	South Africa	\N	\N	\N	\N	\N	\N	\N			\N		f	t	NOT PAID	2024-09-18 20:58:36.803876+00	2024-09-18 20:58:36.803892+00	\N	\N	\N
23	pbkdf2_sha256$600000$rAurcMVl4QzpCmNG5QQ7lE$y8VnSxY0lZnwfpBbMPLSZrK6FZKBz32hHTRA5q0vJkE=	2024-10-02 21:08:32.651531+00	f	Lelos@tastyfoods	Pabalelo	Magoro	info@lelostastyfoods.com	f	t	2024-10-02 16:53:55.482507+00	\N	\N	\N	\N	South Africa	\N	\N	\N	\N	\N	\N	\N			\N		f	t	NOT PAID	2024-10-02 16:53:56.04454+00	2024-10-02 16:53:56.044574+00	\N	\N	\N
21	pbkdf2_sha256$600000$9DNN9JEfsMZICEvdutUvGW$VxhIfo7LceLXmiU5MyPIMwvI8XApB5iP9cREcz0O1Ss=	2024-10-02 13:23:53.578364+00	f	sigenum@gmail.com	Mzukisi	Sigenu	sigenum@gmail.com	f	t	2024-10-02 13:23:14.277927+00	\N	\N	\N	\N	South Africa	\N	\N	\N	\N	\N	\N	\N			\N		f	t	NOT PAID	2024-10-02 13:23:14.835706+00	2024-10-02 13:23:14.835725+00	\N	\N	\N
32	pbkdf2_sha256$600000$zcsJ5XdT0UCc8bx0lYzPTp$T+tx10NSWIZLTJe0RZ8C3+TBdqXB8yGkUOLYUtYsTO8=	2024-10-27 17:15:56.551691+00	f	Esonasethu	Esona-sethu	Ndwandwa	esonasethu@gmail.com	f	t	2024-10-27 17:13:32.517273+00	\N	\N	\N	\N	South Africa	\N	\N	\N	\N	\N	\N	\N			\N		f	t	NOT PAID	2024-10-27 17:13:33.171949+00	2024-10-27 17:13:33.171962+00	\N	\N	\N
26	pbkdf2_sha256$600000$LJTyEP7JnCed5GJp0BNTWO$H+lanqvNQV9/5Yo3QoEgyg4Tgu9SkWVNyk/cOoecgWI=	2024-10-22 11:33:54.152476+00	f	Lmamputa	Lunga	Mamputa	lunga@mamputaholdings.co.za	f	t	2024-10-17 11:37:31+00	\N	\N	\N	\N	South Africa	\N	\N	\N	\N	\N	\N	\N		Mr	\N		f	t	NOT PAID	2024-10-17 11:37:32.106466+00	2024-10-19 05:34:00.72278+00	7be40832-d6c4-4e59-988f-e5fa6cb491fd	\N	\N
34	pbkdf2_sha256$600000$LVuFgfbWz3CYnMp6JmW1Ar$tk8xRxiy/oDbkqv3jldt/tfLvx7BbZxLM1oGBFFuh2E=	2024-10-31 08:40:55.301492+00	f	ayzdamane@gmail.com	Ayanda	Damane	ayzdamane@gmail.com	f	t	2024-10-31 08:40:13.521294+00	\N	\N	\N	\N	South Africa	\N	\N	\N	\N	\N	\N	\N			\N		f	t	NOT PAID	2024-10-31 08:40:14.214384+00	2024-10-31 08:40:14.214396+00	\N	\N	\N
67	pbkdf2_sha256$600000$usOqdyH63GRQzpdPaPDs1k$dNU2NVFuUCKjKGnQNQc0giBsIIAYNwmaiFqmCmaPBPs=	2024-11-27 12:04:11.3706+00	f	nandiphalufuno.tuku@gmail.com	Nandipha	Tuku	nandiphalufuno.tuku@gmail.com	f	t	2024-11-27 12:02:33.224387+00	\N	\N	\N	\N	South Africa	\N	\N	\N	\N	\N	\N	\N			\N		f	t	NOT PAID	2024-11-27 12:02:33.851089+00	2024-11-27 12:02:33.851103+00	\N	\N	\N
36	pbkdf2_sha256$600000$sFK1WwIGKZiCPRUnQik8iB$6PHdLB/LaMDNcEeRTQ2S7sLlQ9/RTCKicZf27A4OKms=	2024-10-31 09:39:17.087866+00	f	Yandani	Yandani	Magadla	yandanimagadla@yahoo.com	f	t	2024-10-31 09:11:13.917751+00	\N	\N	\N	\N	South Africa	\N	\N	\N	\N	\N	\N	\N			\N		f	t	NOT PAID	2024-10-31 09:11:14.717731+00	2024-10-31 09:11:14.717748+00	\N	\N	\N
20	pbkdf2_sha256$600000$FsXZL4GCX3StcWbbjZ8GMX$LFGL2Q6UAiy0dz+uoTVZzUIYD9XDVYkpTWHYPK1fdss=	2024-11-14 12:55:04.87084+00	f	ingastoto@gmail.com	Inga	Sitoto	ingastoto@gmail.com	f	t	2024-10-02 13:22:32.346482+00	\N	\N	\N	\N	South Africa	\N	\N	\N	\N	\N	\N	\N			\N		f	t	NOT PAID	2024-10-02 13:22:32.915656+00	2024-10-02 13:22:32.915679+00	\N	\N	\N
37	pbkdf2_sha256$600000$6MMKvE51MhGdisYppuAUr3$qH/mYQMES/BhYki26GZxez5zpfFGeAoDn5+YH03HrXM=	2024-10-31 10:11:47+00	f	Abongile	Abongile	Goci	abongilegoci7@gmail.com	f	t	2024-10-31 10:10:57+00	\N	\N	\N	\N	South Africa	\N	\N	\N	\N	\N	\N	\N	profile/434f1a4a240e49a599688a88ca67efdb.png	Ms	\N		f	t	NOT PAID	2024-10-31 10:10:58.382288+00	2024-11-07 03:46:52.860361+00	\N	\N	\N
19	pbkdf2_sha256$600000$VwziwzFKyEE6FjeTGmG9oW$F4HXD0V3WgMucsfeWOwb8zrh8AF2qA90ruv4U51B9hg=	2024-11-14 12:57:48.243895+00	f	zinziswamandobe@gmail.com	Zinziswa	Buswana	zinziswamandobe@gmail.com	f	t	2024-10-01 11:15:08.519015+00	\N	\N	\N	\N	South Africa	\N	\N	\N	\N	\N	\N	\N			\N		f	t	NOT PAID	2024-10-01 11:15:09.114572+00	2024-10-01 11:15:09.114585+00	\N	\N	\N
66	pbkdf2_sha256$600000$Us3k0hI2LfsYFiUl7DOD5M$xF1zYZ4nAJrtGUoZo1UpeITMrX80lYqEF16NRvkck4I=	2024-11-27 10:30:48.166505+00	f	snyombolo	Sazi	Nyombolo	snyombolo@gmail.com	f	t	2024-11-27 10:30:00.27789+00	\N	\N	\N	\N	South Africa	\N	\N	\N	\N	\N	\N	\N			\N		f	t	NOT PAID	2024-11-27 10:30:00.956422+00	2024-11-27 10:30:00.956434+00	\N	\N	\N
17	pbkdf2_sha256$600000$ZslsFcAKULNdJQdEuzMzzF$gQKeW3DIe/F7K2+GfhpW09OIaCaq3dj6HsjT1MO8pEU=	2024-11-24 18:24:39.204277+00	f	Zwainomandla@gmail.com	Mzwandile	Nomandla	zwainomandla@gmail.com	f	t	2024-10-01 10:47:21.609021+00	\N	\N	\N	\N	South Africa	\N	\N	\N	\N	\N	\N	\N			\N		f	t	NOT PAID	2024-10-01 10:47:22.255985+00	2024-10-01 10:47:22.255998+00	\N	\N	\N
68	pbkdf2_sha256$600000$Z5E85sKHCHcrmRkd1zFQuU$jZBCeEKMtbGajroCpttzb9jpU/OGPQDN8dI5eX0z3Ko=	2024-11-27 13:00:34.33047+00	f	Sige	Sihle	Mtwa	Mtwalu@gmail.com	f	t	2024-11-27 12:59:55.676503+00	\N	\N	\N	\N	South Africa	\N	\N	\N	\N	\N	\N	\N			\N		f	t	NOT PAID	2024-11-27 12:59:56.358486+00	2024-11-27 12:59:56.358499+00	\N	\N	\N
69	pbkdf2_sha256$600000$dolzOjdZF5a3wNOyycQ9lu$l1SqK8ZP7qvaY/u3N+BnoTnHrikTLTJiHdAeI0d+BlQ=	2024-11-27 13:42:09.587384+00	f	AidanLiggett	Aidan	Liggett	aidan.liggett@gmail.com	f	t	2024-11-27 13:40:20.605975+00	\N	\N	\N	\N	South Africa	\N	\N	\N	\N	\N	\N	\N			\N		f	t	NOT PAID	2024-11-27 13:40:21.221711+00	2024-11-27 13:40:21.221722+00	\N	\N	\N
70	pbkdf2_sha256$600000$fgwe8iRibag8YYjrBaHEct$u9pPu+6fYWaBQ6G7A4dDMmarKbcxmzNAXPes685hauw=	2024-12-13 16:22:26.479913+00	f	@Zenande19	Zenande	Ntshewula	ntshewulazenande@gmail.com	f	t	2024-12-13 16:20:50.712072+00	\N	\N	\N	\N	South Africa	\N	\N	\N	\N	\N	\N	\N			\N		f	t	NOT PAID	2024-12-13 16:20:51.367547+00	2024-12-13 16:20:51.367559+00	\N	\N	\N
35	pbkdf2_sha256$600000$xFLgx5VxByD0kw8abzva7S$MJNlQFMfiJTuqW1ZObeIWBtYM494bW5HM6vpAf16/pQ=	2025-02-14 02:04:51.965265+00	f	Infolitglobal@gmail.com	Thulane	Magoro	Infolitglobal@gmail.com	f	t	2024-10-31 08:48:57.656933+00	\N	\N	\N	\N	South Africa	\N	\N	\N	\N	\N	\N	\N			\N		f	t	NOT PAID	2024-10-31 08:48:58.311869+00	2024-10-31 08:48:58.311884+00	\N	\N	\N
18	pbkdf2_sha256$600000$iLLOPvuVOeaPWf8y0mWR0T$5ZiZDZ2uNiDhcEzcjH4JrKtvnKzToBrsUCYpc+UXWco=	2025-02-26 09:30:59.721647+00	f	patphetido@gmail.com	Pat	Anderson	patphetido@gmail.com	f	t	2024-10-01 11:14:44.013242+00	\N	\N	\N	\N	South Africa	\N	\N	\N	\N	\N	\N	\N			\N		f	t	NOT PAID	2024-10-01 11:14:44.594037+00	2024-10-01 11:14:44.595869+00	\N	\N	\N
25	pbkdf2_sha256$600000$NgUoGgpp9E0h75YYMMxusq$kSIzN/1OIkYrxbjAADAK3nj9EOoAK86WaDAGUsmMtS4=	2025-08-14 07:35:19.060383+00	f	KuhleApha	Lonwabo	Jobodwana	kuhlehere@gmail.com	f	t	2024-10-08 18:06:59+00	\N	\N	\N	\N	South Africa	\N	\N	0665973683	\N	\N	\N	\N	profile/af7c1ec3c3af4241ae8ba8351203a622.png	Ms	\N		f	t	NOT PAID	2024-10-08 18:07:00.226821+00	2025-08-14 08:02:23.728784+00	\N	\N	\N
29	pbkdf2_sha256$600000$ZesrSBk90c0qyTEoXJF4Dm$scrCOltm1nx7mRwOIoMPgnTPHON4+uWE9SS8LDfyyLM=	2026-02-05 08:45:39+00	f	KgaugeloH	Kgaugelo	Hlaka	kgaugeloh@gmail.com	t	t	2024-10-21 08:45:13.918209+00	\N	\N	\N	\N	South Africa	\N	\N	\N	\N	\N	\N	\N		Ms	\N		f	t	NOT PAID	2024-10-21 08:45:14.481862+00	2026-02-09 14:40:39.099726+00	\N	\N	\N
22	pbkdf2_sha256$600000$0NtZyBJt8X1KQspGaUmyDc$QR7O4D9DR6Ho1CIsc7d22VQXxeYFWWVWV1hAolVXGNo=	2025-09-05 21:00:38+00	f	zolisam29@gmail.com	Zolisa	Magadla	zolisam29@gmail.com	t	t	2024-10-02 14:22:57.201222+00	\N	\N	\N	\N	South Africa	\N	\N	\N	\N	\N	\N	\N		Mr	\N		f	t	NOT PAID	2024-10-02 14:22:57.740528+00	2026-02-09 14:39:59.800834+00	\N	\N	\N
24	pbkdf2_sha256$600000$dZQCA4xvueZ27valVTBFHK$wqb2/EKh2Y5IVX88zx5Qfh2pVsBEsd0W9si/i2mTzbQ=	2025-09-08 22:23:58.682207+00	f	Trust	Trust	Kamuto	trustkamuto@gmail.com	f	t	2024-10-02 20:11:41+00	\N	\N	\N	\N	South Africa	\N	\N	\N	\N	\N	\N	\N		Mr	\N		f	t	PAID	2024-10-02 20:11:42.136596+00	2024-10-22 10:21:32.185989+00	7be40832-d6c4-4e59-988f-e5fa6cb491fd	\N	\N
11	pbkdf2_sha256$600000$NvhyzBsHEVxBEOvPPy0faY$f8kptZOOkOROx8yTZPej4GLkkOrznjbNxOvEovqJms0=	2024-09-21 19:03:48+00	f	TrickyBites	Tricky	Bites	teresadao14@gmail.com	f	t	2024-09-21 19:02:39+00	\N	\N	\N	\N	South Africa	\N	\N	\N	\N	\N	\N	\N		Mr	\N		f	t	NOT PAID	2024-09-21 19:02:39.861579+00	2025-08-22 02:37:55.308584+00	\N	\N	\N
33	pbkdf2_sha256$600000$q625JY67XRzU5xsrirGPGT$RSsU7uf0V1Is2SZQ5Asi/5ey5C42ry8uv6T27OzZBT8=	2025-02-26 15:21:18+00	t	Salathiso	Salathiso	Ndwandwa	Salathiso@gmail.com	t	t	2024-10-30 17:16:34.300634+00	\N	\N	\N	\N	South Africa	\N	\N	\N	\N	\N	\N	\N		Mr	\N		f	t	NOT PAID	2024-10-30 17:16:34.947435+00	2025-12-01 05:50:28.959089+00	\N	\N	\N
138	pbkdf2_sha256$600000$48lWfoGZGaovSllsiGaLLi$V2uSosr5E6iyKMpZeJV2Y06OIXu7VP2YMxYIT9Iiino=	2026-02-21 12:00:56.813484+00	f		Anele	Xhali		f	t	2026-02-21 12:00:56.209923+00	\N	\N	\N	\N	South Africa	\N	\N	\N	\N	\N	\N	\N			\N		f	f	NOT PAID	2026-02-21 12:00:56.792127+00	2026-02-21 12:00:56.792142+00	\N	\N	\N
38	pbkdf2_sha256$600000$LWC9VUGKKhN2L0HC0Xtnnk$Tkpubdaf9aNNUbFklSL5po1omBkSvI4NjJRUFjl69lo=	2026-03-05 10:30:22.51203+00	f	phaphamajoyi@gmail.com	Phaphama	Joyi	phaphamajoyi@gmail.com	f	t	2024-11-12 08:15:27.497798+00	\N	\N	\N	\N	South Africa	\N	\N	\N	\N	\N	\N	\N			\N		f	t	NOT PAID	2024-11-12 08:15:28.275389+00	2024-11-12 08:15:28.275404+00	\N	\N	\N
47	pbkdf2_sha256$600000$uhHvWZ7RwwEFSXnBxMD5k9$jcnDORjKdvnSRROuF/VKOCNs+Tugz15Rrl2ZRiXtllU=	2024-11-21 10:25:40.721031+00	f	Lebohang15@icloud.com	Lebohang	Mosia	Lebohang15@icloud.com	f	t	2024-11-21 10:21:00.010777+00	\N	\N	\N	\N	South Africa	\N	\N	\N	\N	\N	\N	\N			\N		f	t	NOT PAID	2024-11-21 10:21:00.624919+00	2024-11-21 10:21:00.624931+00	\N	\N	\N
43	pbkdf2_sha256$600000$7LEWffhIfwngCF3uBhDYS9$bGkqAPc4lYsadUsrXj6qV4iynwh6tNQ4Yycefu+1jJA=	2024-11-19 07:19:50.618525+00	f	Sir@Thoz1	Thozamile	Nyiki	thozamile.nandhengineering@gmail.com	f	t	2024-11-19 07:19:06.546522+00	\N	\N	\N	\N	South Africa	\N	\N	\N	\N	\N	\N	\N			\N		f	t	NOT PAID	2024-11-19 07:19:07.163832+00	2024-11-19 07:19:07.163845+00	\N	\N	\N
51	pbkdf2_sha256$600000$bupZHBoZ1SGfHjN1LrydNe$VxQ3FT9GprgKhj4aB4rxiTHr3mCTEzp1Mr5L3gWaFwk=	2024-11-24 20:05:58.179315+00	f	Sami	Penelope	Ndimande	pnpcruze53@gmail.com	f	t	2024-11-24 20:04:48.915463+00	\N	\N	\N	\N	South Africa	\N	\N	\N	\N	\N	\N	\N			\N		f	t	NOT PAID	2024-11-24 20:04:49.513349+00	2024-11-24 20:04:49.513362+00	\N	\N	\N
45	pbkdf2_sha256$600000$Ch1BH9CgC0mNYHgv05NSOQ$3cPqsVVCoGQ4un/mtF89JseMleGZOcVI3K4koKeUPGI=	2024-11-21 06:55:23.330241+00	f	Labu	Lazola	Momo	lazola.momo@gmail.com	f	t	2024-11-21 06:48:38.044387+00	\N	\N	\N	\N	South Africa	\N	\N	\N	\N	\N	\N	\N			\N		f	t	NOT PAID	2024-11-21 06:48:38.680917+00	2024-11-21 06:48:38.68093+00	\N	\N	\N
48	pbkdf2_sha256$600000$UwOwYZSJ7bWvotp7sJ1E0f$/ENtdwVprEu96B1869Lq46upPrC+mRVOPDPfeEkld2I=	2024-11-21 19:36:50.501326+00	f	asiphekwaikwai@gmail.com	Asiphe	Kwaikwai	asiphekwaikwai@gmail.com	f	t	2024-11-21 19:32:15.701583+00	\N	\N	\N	\N	South Africa	\N	\N	\N	\N	\N	\N	\N			\N		f	t	NOT PAID	2024-11-21 19:32:16.367465+00	2024-11-21 19:32:16.367477+00	\N	\N	\N
52	pbkdf2_sha256$600000$23o1fCC7h6lm0ans5sGwxd$IkwPkfSxLGlQX/5XoKYWN4ml5moqe2/tXXf/Sqbjnww=	2024-11-25 18:07:47.778523+00	f	AquilaH	Aquila	Hanise	aquilah@itways.co.za	f	t	2024-11-25 18:06:06.124243+00	\N	\N	\N	\N	South Africa	\N	\N	\N	\N	\N	\N	\N			\N		f	t	NOT PAID	2024-11-25 18:06:06.735589+00	2024-11-25 18:06:06.735602+00	\N	\N	\N
50	pbkdf2_sha256$600000$dGhCYN00fu8V3noXKCPwRR$JjiP665+QYtSGhu7IZI3PJ8zxsPqX4E6bw3FUjdk8yY=	2024-11-23 15:17:37.979658+00	f	milisaint	Miliswa	Ntumba	miliswa@milisaint.co.za	f	t	2024-11-23 15:15:59.699242+00	\N	\N	\N	\N	South Africa	\N	\N	\N	\N	\N	\N	\N			\N		f	t	NOT PAID	2024-11-23 15:16:00.317094+00	2024-11-23 15:16:00.317106+00	\N	\N	\N
61	pbkdf2_sha256$600000$7RV3duFrhztcUxSN4i1u3E$1PV5TcCWv8AKz4XxoTr2LoZk/bnabraHc/RmMNaoXK0=	2024-11-26 17:36:57.478374+00	f	NolwaziM	NOLWAZI	MBEWU	nolwazig.mbewu@gmail.com	f	t	2024-11-26 17:36:00.380385+00	\N	\N	\N	\N	South Africa	\N	\N	\N	\N	\N	\N	\N			\N		f	t	NOT PAID	2024-11-26 17:36:01.03669+00	2024-11-26 17:36:01.036704+00	\N	\N	\N
53	pbkdf2_sha256$600000$fynMBcHtPUR116g27nrAH6$6aM254i6vIrn8nbtcJa8Y8FzuEZwSyyqcX9zHuZHv54=	2024-11-26 04:00:17.114086+00	f	notukela@gmail.com	Notukela	Makohliso	notukela@gmail.com	f	t	2024-11-26 03:58:44.764369+00	\N	\N	\N	\N	South Africa	\N	\N	\N	\N	\N	\N	\N			\N		f	t	NOT PAID	2024-11-26 03:58:45.38383+00	2024-11-26 03:58:45.383841+00	\N	\N	\N
56	pbkdf2_sha256$600000$SzcYZinzsnAIB2CnI7t2su$UEGmtQeg2YtHBthSuFzNLW9ixkrLTOI7D7uJi1rXijA=	2024-11-26 13:32:13.964545+00	f	asive.sipondo@goldours.co.za	Asive	Sipondo	asive.sipondo@goldours.co.za	f	t	2024-11-26 13:03:30.546476+00	\N	\N	\N	\N	South Africa	\N	\N	\N	\N	\N	\N	\N			\N		f	t	NOT PAID	2024-11-26 13:03:31.172291+00	2024-11-26 13:03:31.172305+00	\N	\N	\N
58	pbkdf2_sha256$600000$PfAN0OsuqzPBRw1IUx47Bp$SIRDlyounJsBTfmDrsmzOEqPlCNK/7rrZmLNj+q5zZM=	2024-11-26 13:14:26.571824+00	f	Xolani	Xolani	Mthethwa	xolani2.euticus@gmail.com	f	t	2024-11-26 13:12:25.775814+00	\N	\N	\N	\N	South Africa	\N	\N	\N	\N	\N	\N	\N			\N		f	t	NOT PAID	2024-11-26 13:12:26.3864+00	2024-11-26 13:12:26.386413+00	\N	\N	\N
54	pbkdf2_sha256$600000$UDwZm6b8dMLa0SMmkv9BZH$+NfobsRIEX2CPVEqOdOoPCqrNi5qyGft6DXhbYbZ+Go=	2024-11-26 05:17:47.500326+00	f	Nmtandabuzo	Namhla	Mtandabuzo	qotoyina@gmail.com	f	t	2024-11-26 05:11:38.326941+00	\N	\N	\N	\N	South Africa	\N	\N	\N	\N	\N	\N	\N			\N		f	t	NOT PAID	2024-11-26 05:11:38.944944+00	2024-11-26 05:11:38.944959+00	\N	\N	\N
60	pbkdf2_sha256$600000$lJa360pfbYu7YeREpe3Izr$n4xcg62sRIXQIq3Guuv8LK+aVcTIAQr4D4dy1kNOri4=	2024-11-26 16:57:13.539829+00	f	Oyena13	Siyabulela	Msizi	msizi.siyabulela@gmail.com	f	t	2024-11-26 16:56:07.890293+00	\N	\N	\N	\N	South Africa	\N	\N	\N	\N	\N	\N	\N			\N		f	t	NOT PAID	2024-11-26 16:56:08.545836+00	2024-11-26 16:56:08.54585+00	\N	\N	\N
59	pbkdf2_sha256$600000$Ee6DYJuKOqzolpPBp3mN2C$pDcM6sGWygDi/wRDrgjNNbLl1auNLuYfFb/IPulY6k8=	2024-11-26 13:29:16.563421+00	f	siwa.afikile@goldours.co.za	AFIKILE	SIWA	siwa.afikile@goldours.co.za	f	t	2024-11-26 13:26:20.532962+00	\N	\N	\N	\N	South Africa	\N	\N	\N	\N	\N	\N	\N			\N		f	t	NOT PAID	2024-11-26 13:26:21.191831+00	2024-11-26 13:26:21.191848+00	\N	\N	\N
55	pbkdf2_sha256$600000$Ka59yrBTghdo7j2r4vnVen$NxdDxfeufTcbBIJMXWajYUmy2JCuy+olSQ0Ty07mro4=	2024-11-26 13:41:28.592763+00	f	owonamadlingozi	Owona	Madlingozi	owonamadlingozi@gmail.com	f	t	2024-11-26 08:28:17.676693+00	\N	\N	\N	\N	South Africa	\N	\N	\N	\N	\N	\N	\N			\N		f	t	NOT PAID	2024-11-26 08:28:18.3244+00	2024-11-26 08:28:18.324413+00	\N	\N	\N
49	pbkdf2_sha256$600000$bud6xpn54orhlZDbflLkrY$qZW5TaBI3GztG5Ad90lTaFBEG6qwrVWsIdQe2hvZqc0=	2024-11-26 16:45:40.105428+00	f	Rosley	Rosley	Sibanda	opulentrosley@gmail.com	f	t	2024-11-22 09:15:31.193519+00	\N	\N	\N	\N	South Africa	\N	\N	\N	\N	\N	\N	\N			\N		f	t	NOT PAID	2024-11-22 09:15:31.842621+00	2024-11-22 09:15:31.842633+00	\N	\N	\N
63	pbkdf2_sha256$600000$o7fOB1V6kigMoTWtlW6A9T$w/1tekzT5UxvTC01H3Rwh1KwWOAA+7Pt7aKH8JnuZxo=	2024-11-26 20:23:25.618671+00	f	MphahleleE	Emma	Mphahlele	emma@kidsinnovateafrica.com	f	t	2024-11-26 20:22:21.491705+00	\N	\N	\N	\N	South Africa	\N	\N	\N	\N	\N	\N	\N			\N		f	t	NOT PAID	2024-11-26 20:22:22.099717+00	2024-11-26 20:22:22.099731+00	\N	\N	\N
64	pbkdf2_sha256$600000$g3UzrCcR2G23OUtnVnIexz$RBr9yx0o6pwHossrsRlGWZFkMGRZGCs5uOG7/MgpDyw=	2024-11-27 02:15:26.054283+00	f	SiliziweN	Siliziwe	Ncanywa	sncanywa@gmail.com	f	t	2024-11-27 02:13:39.360793+00	\N	\N	\N	\N	South Africa	\N	\N	\N	\N	\N	\N	\N			\N		f	t	NOT PAID	2024-11-27 02:13:40.000425+00	2024-11-27 02:13:40.000438+00	\N	\N	\N
65	pbkdf2_sha256$600000$RAHdHNtsVWuUeOOdVjmlXx$P93BxJRCAYPrVTPc8pXw6jZMzAHsmbvG3XarGANEn0Q=	2024-11-27 07:20:38.502046+00	f	SobsKwetana	Sonwabile	Kwetana	sonwabilekwetana@gmail.com	f	t	2024-11-27 07:20:12.431434+00	\N	\N	\N	\N	South Africa	\N	\N	\N	\N	\N	\N	\N			\N		f	t	NOT PAID	2024-11-27 07:20:13.083617+00	2024-11-27 07:20:13.083628+00	\N	\N	\N
62	pbkdf2_sha256$600000$h2ZTTyg1VJCesqeyI49Gsm$4Q59PDi0djqv3d0Bp6raqaW5UC3B7XTIc1cCdU5OSew=	2024-11-27 07:21:51.867493+00	f	Phetheni	Phetheni	Nconco	nconco.phetheni@gmail.com	f	t	2024-11-26 17:50:32.656208+00	\N	\N	\N	\N	South Africa	\N	\N	\N	\N	\N	\N	\N			\N		f	t	NOT PAID	2024-11-26 17:50:33.291326+00	2024-11-26 17:50:33.291339+00	\N	\N	\N
71	pbkdf2_sha256$600000$EkPWXlaciTskuCqAQJSGaV$0TJ0UUO5Y3YrUCztdzF7kQnif/jvkTwmQTNQ87EiI3I=	2025-01-15 21:26:01.177877+00	f	SibabalweY	Sibabalwe	Yako	sibabalwe.y2004@gmail.com	f	t	2024-12-15 22:46:24.996171+00	\N	\N	\N	\N	South Africa	\N	\N	\N	\N	\N	\N	\N			\N		f	t	NOT PAID	2024-12-15 22:46:25.619426+00	2024-12-15 22:46:25.619446+00	\N	\N	\N
42	pbkdf2_sha256$600000$1WlOWu6ZSzCtQCN3AflqS3$IlFVMe5PGM4/Z0VW0bFhfXhAlIlg/AAdixjB2gMvfOs=	2025-02-25 18:56:33.542275+00	f	xwayis	Sonwabile	Xwayi	xwayis@gmail.com	f	t	2024-11-15 13:01:20.583187+00	\N	\N	\N	\N	South Africa	\N	\N	\N	\N	\N	\N	\N			\N		f	t	NOT PAID	2024-11-15 13:01:21.263983+00	2024-11-15 13:01:21.263996+00	\N	\N	\N
39	pbkdf2_sha256$600000$VMaaxbYszqpKaPaZgG0uHh$+qry5BjPTe4Hm/YACn1ra3o8oySTx8FdPEP6dqyDDBI=	2025-06-09 09:20:21.26387+00	f	Thozamile.nyiki@gmail.com	Thozamile	Nyiki	thozamile.nyiki@gmail.com	f	t	2024-11-13 19:30:19.08731+00	\N	\N	\N	\N	South Africa	\N	\N	\N	\N	\N	\N	\N			\N		f	t	NOT PAID	2024-11-13 19:30:19.776515+00	2025-03-27 12:56:16.142241+00	\N	\N	\N
75	pbkdf2_sha256$600000$GMNGMQWQiBvUearLp0qeQC$yeShZRTOIaTklaed+zjomt5AF1ra8NwmQHLF1skmIyQ=	2025-02-06 09:30:45.053942+00	f	nmkiva0906@gmail.com	Nasiphi	Mkiva	nmkiva0906@gmail.com	f	t	2025-02-06 09:30:13.31058+00	\N	\N	\N	\N	South Africa	\N	\N	\N	\N	\N	\N	\N			\N		f	t	NOT PAID	2025-02-06 09:30:13.976461+00	2025-02-06 09:30:13.97648+00	\N	\N	\N
81	pbkdf2_sha256$600000$Lb38BvFMLLMXBw94KtU6KV$9iqYuOoQdlKoMQG5JH07Ums01ycPP7er8/OvRwWHwfU=	2025-02-20 05:14:32.828086+00	f	jambriers@gmail.com	John	Briers	jambriers@gmail.com	f	t	2025-02-20 05:01:16.232008+00	\N	\N	\N	\N	South Africa	\N	\N	\N	\N	\N	\N	\N			\N		f	t	NOT PAID	2025-02-20 05:01:16.891173+00	2025-02-20 05:01:16.891184+00	\N	\N	\N
80	pbkdf2_sha256$600000$S4RYuxT8Zdpgh5xDtnuQlH$fA/Xv4iKExLSZ+solsEi0+ACdAGkc1sUcnHdZcOjyZs=	2025-02-24 06:35:07.996891+00	f	simosendalo@gmail.com	Ayanda	Matebe	simosendalo@gmail.com	f	t	2025-02-18 17:53:25.779125+00	\N	\N	\N	\N	South Africa	\N	\N	\N	\N	\N	\N	\N			\N		f	t	NOT PAID	2025-02-18 17:53:26.464826+00	2025-02-18 17:58:04.955055+00	\N	\N	\N
44	pbkdf2_sha256$600000$fvik7H4KceQTR2IGcF8UbP$UZmUMmTLGRo/BOjROaCpbAvYk0QbeYQNF1IU+38FLe4=	2025-08-19 13:30:24.337187+00	f	thando.melane@gmail.com	Thando	Melane	thando.melane@gmail.com	f	t	2024-11-21 04:15:01.759622+00	\N	\N	\N	\N	South Africa	\N	\N	\N	\N	\N	\N	\N			\N		f	t	NOT PAID	2024-11-21 04:15:02.441672+00	2024-11-21 04:15:02.441684+00	\N	\N	\N
40	pbkdf2_sha256$600000$NVeTLLzxnH2GbcrTT0VPfA$gmd259KCLbWY1EsJle5Gjp8yxldp3ffP/EdKeGMY+l8=	2025-11-02 14:30:34.33986+00	f	Sinako	Sinako	Nyombolo	sinakonyombolo@outlook.com	f	t	2024-11-14 13:05:19.915984+00	\N	\N	\N	\N	South Africa	\N	\N	\N	\N	\N	\N	\N			\N		f	t	NOT PAID	2024-11-14 13:05:20.652554+00	2024-11-14 13:05:20.652566+00	\N	\N	\N
76	pbkdf2_sha256$600000$kRn20N6mTgFPtaAKJD3Ahl$Wu3lpNTGG5I+9Jv8zsfRQZ5tELKbCv93PpPz3e1421M=	2026-02-07 10:12:49.768358+00	f	victoria@kudusigma.com	Victoria	Machete	victoria@kudusigma.com	f	t	2025-02-09 13:30:14.306075+00	\N	\N	\N	\N	South Africa	\N	\N	\N	\N	\N	\N	\N			\N		f	t	NOT PAID	2025-02-09 13:30:15.043704+00	2025-02-09 13:30:15.043724+00	\N	\N	\N
72	pbkdf2_sha256$600000$Va8y3QSQo9JCxGGaKgY0DW$Vs7rb/rcJ6yNmKhz0mqWK/PMpPIB64659CYcMXpiVOY=	2025-01-27 17:54:17.997052+00	f	Jonathan@myteksonic.co.za	Jonathan	Kgatshe	Jonathan@myteksonic.co.za	f	t	2025-01-27 17:51:09.661754+00	\N	\N	\N	\N	South Africa	\N	\N	\N	\N	\N	\N	\N			\N		f	t	NOT PAID	2025-01-27 17:51:10.31323+00	2025-01-27 17:51:10.313242+00	\N	\N	\N
77	pbkdf2_sha256$600000$nCo4qYx17NOGmoeE3Cy2Ia$T+jiWK7VYYtft1XmwEDY5NbTwFglkD6kjvhFLuLlEUg=	2025-02-13 17:13:20.609668+00	f	khethokuhlendimande98@gmail.com	Khethokuhle	Ndimande	khethokuhlendimande98@gmail.com	f	t	2025-02-13 17:07:21.946942+00	\N	\N	\N	\N	South Africa	\N	\N	\N	\N	\N	\N	\N			\N		f	t	NOT PAID	2025-02-13 17:07:22.603203+00	2025-02-13 17:07:22.603217+00	\N	\N	\N
85	pbkdf2_sha256$600000$gy5Ls07tFLkCIPFwovlkcU$WkikToOFWSQ7nK7V7DYCsEJE4fNd//RH8J9lhmh1qSY=	2025-02-26 11:32:42.223403+00	f	nkosi.ndwandwa@gmail.com	Nkosi	Ndwandwa	nkosi.ndwandwa@gmail.com	f	t	2025-02-26 11:30:52.462825+00	\N	\N	\N	\N	South Africa	\N	\N	\N	\N	\N	\N	\N			\N		f	t	NOT PAID	2025-02-26 11:30:53.08894+00	2025-02-26 11:30:53.088954+00	\N	\N	\N
74	pbkdf2_sha256$600000$iZ53uYtVBAibu4mnznzeG0$lZphxshIAECofzgkqdsziGSKmutipwYsl/ssNQCvPWk=	2025-02-05 16:23:53.501937+00	f	info@udakatribe.co.za	Abongile	Madabane Ntsane	info@udakatribe.co.za	f	t	2025-02-05 14:59:40.823625+00	\N	\N	\N	\N	South Africa	\N	\N	\N	\N	\N	\N	\N			\N		f	t	NOT PAID	2025-02-05 14:59:41.462694+00	2025-02-05 14:59:41.462707+00	\N	\N	\N
86	pbkdf2_sha256$600000$gQkF7zQMrL81TC8EefPYWN$3dRDAOhUc0PayrX8iniN0TKoq1fHNOlcArGOtFT27HQ=	\N	f	infolitglobal@gmail.com	Lehlohonolo	Tsotetsi	infolitglobal@gmail.com	f	t	2025-02-26 12:01:24.637271+00	\N	\N	\N	\N	South Africa	\N	\N	\N	\N	\N	\N	\N			\N		f	t	NOT PAID	2025-02-26 12:01:25.295067+00	2025-02-27 07:12:01.034187+00	\N	\N	\N
79	pbkdf2_sha256$600000$HSuPn52YdVBPuHvwL75ngy$j16ANUyvKq3LWxdU5uVUg+m761azTv04fQzFiZCNFHU=	2025-02-17 23:42:36.563454+00	f	chumaigh@gmail.com	Chuma	Nombewu	chumaigh@gmail.com	f	t	2025-02-17 23:37:21.280325+00	\N	\N	\N	\N	South Africa	\N	\N	\N	\N	\N	\N	\N			\N		f	t	NOT PAID	2025-02-17 23:37:21.933938+00	2025-02-17 23:37:21.933954+00	\N	\N	\N
84	pbkdf2_sha256$600000$UTsiU2W1oJvgVgbwB6Dpc1$COnayx6NuI0jLIRRWXpz0ikY4lw17JhbazC2ABpAWlY=	2025-02-26 09:37:07.481213+00	f	Samuel.qalazive@goldours.co.za	Samuel	Qalazive	Samuel.qalazive@goldours.co.za	f	t	2025-02-26 09:33:34.797403+00	\N	\N	\N	\N	South Africa	\N	\N	\N	\N	\N	\N	\N			\N		f	t	NOT PAID	2025-02-26 09:33:35.449941+00	2025-02-26 09:33:35.449957+00	\N	\N	\N
88	pbkdf2_sha256$600000$vIMLgNM8WleeoNhzRgWpy5$h3u82mHb7iwBpMOX35XHblUOVS9W9ZVCK1gbdvs+FIQ=	2025-02-27 13:56:50.83333+00	f	sbongile983@gmail.com	Sibongile	Mpongwana-Ncetani	sbongile983@gmail.com	f	t	2025-02-27 13:55:40.158672+00	\N	\N	\N	\N	South Africa	\N	\N	\N	\N	\N	\N	\N			\N		f	t	NOT PAID	2025-02-27 13:55:40.813143+00	2025-02-27 13:55:40.813156+00	\N	\N	\N
90	pbkdf2_sha256$600000$EjXqCTCcENfPC7LLIEnKM1$eqR3zSVlK1aAkzG+QzM73mBFL1tBaYv7uM4jrt3wOdU=	2025-04-07 17:51:13.064518+00	f	Lulacs2011@gmail.com	Ludwe	Tshulisi	Lulacs2011@gmail.com	f	t	2025-04-07 17:47:54.481229+00	\N	\N	\N	\N	South Africa	\N	\N	\N	\N	\N	\N	\N			\N		f	t	NOT PAID	2025-04-07 17:47:55.365632+00	2025-04-07 17:47:55.365656+00	\N	\N	\N
95	pbkdf2_sha256$600000$nQEf6VKpCmLGoqwv23csMV$KwU+X5e3Inw0PKHInnukMoWmgVtf8OU+kncFeX8che0=	\N	f	carla.cloete2010@gmail.com	Carla	Oostendurp	carla.cloete2010@gmail.com	f	t	2025-06-30 16:03:38+00	\N	\N	\N	\N	South Africa	\N	\N	\N	\N	\N	\N	\N		Mr	\N		f	t	NOT PAID	2025-06-30 16:03:39.374625+00	2025-07-12 22:33:45.746701+00	7be40832-d6c4-4e59-988f-e5fa6cb491fd	\N	\N
92	pbkdf2_sha256$600000$lcKSJxy3Fxky1dYG6sp58g$ZPhSoT+4GW9jH8zeSnSlNrSjRnblleWeivjWSZPyHEg=	\N	f	kanyolopetrus2222@gmail.com	Petrus	Kanyolo	kanyolopetrus2222@gmail.com	f	t	2025-05-12 10:33:00+00	\N	\N	\N	\N	South Africa	\N	\N	\N	\N	\N	\N	\N		Prof	\N		f	t	NOT PAID	2025-05-12 10:33:01.595266+00	2025-07-12 22:35:23.641222+00	\N	\N	\N
102	pbkdf2_sha256$600000$v3gaWxxFq6UhWV62qTVB7b$TJOr+9emL903G9ggknFvUObgzg2Vb8v93Z/8/lMO2Dc=	2025-08-06 17:05:09.52206+00	f	nsigqibo@gmail.com	Sigqibo	Nogaya	nsigqibo@gmail.com	f	t	2025-08-05 15:37:13.306288+00	\N	\N	\N	\N	South Africa	\N	\N	\N	\N	\N	\N	\N			\N		f	f	NOT PAID	2025-08-05 15:37:13.962767+00	2025-08-05 15:37:13.96278+00	\N	\N	\N
104	pbkdf2_sha256$600000$WTb2oJXibnIz1459uFaAe5$z2TTcU6RrbEURiRA0J5ukVP1CD8WUq3FjB/WbOQvMuM=	2025-08-10 13:18:52.706178+00	f	sixabal@gmail.com	Loyiso	Sixaba	sixabal@gmail.com	f	t	2025-08-10 13:18:50.903872+00	\N	\N	\N	\N	South Africa	\N	\N	\N	\N	\N	\N	\N			\N		f	f	NOT PAID	2025-08-10 13:18:51.453972+00	2025-08-10 13:18:51.453986+00	\N	\N	\N
103	pbkdf2_sha256$600000$qrJ8UHzplZI6otrZ6ewWA0$qEdlz5jyqz+ZRZZxWJ7MYSE76pwewYkHDvE5xwUHGEQ=	2025-08-10 07:11:56.052045+00	f	gcobisanmobo@icloud.com	Gcobisa	Mobo	gcobisanmobo@icloud.com	f	t	2025-08-10 07:11:55.12093+00	\N	\N	\N	\N	South Africa	\N	\N	\N	\N	\N	\N	\N			\N		f	f	NOT PAID	2025-08-10 07:11:55.678744+00	2025-08-10 07:11:55.678762+00	\N	\N	\N
46	pbkdf2_sha256$600000$3c07THXaF4QrpemO9BJlfo$VHdQ6JsDXuNC09N7Fdr42YZ3QERNQG0vT3ADt0HTfEE=	2025-08-11 05:36:58.655921+00	f	LuntuV	Luntu	Masiza	Luntumasiza@gmail.com	f	t	2024-11-21 07:40:47.222477+00	\N	\N	\N	\N	South Africa	\N	\N	\N	\N	\N	\N	\N			\N		f	t	NOT PAID	2024-11-21 07:40:47.82435+00	2025-08-11 05:36:41.72294+00	\N	\N	\N
78	pbkdf2_sha256$600000$3qvqWvzECvb301zPD4lxjW$pSgaIPUufN3jJ3Q2lYJz4k+1OQzi/Pa00shsNTTreog=	2026-02-23 19:51:01.155106+00	f	magoro.thulane@gmail.com	Thulane	Magoro	magoro.thulane@gmail.com	f	t	2025-02-17 20:51:30.719155+00	\N	\N	\N	\N	South Africa	\N	\N	\N	\N	\N	\N	\N			\N		f	t	NOT PAID	2025-02-17 20:51:31.392213+00	2025-02-26 11:55:04.394021+00	\N	\N	\N
105	pbkdf2_sha256$600000$p99UfQuZ896PWG09BFMmsQ$+8ybJUP0t9Jw1TdofXVrEAnFr173ADhlhEn9O3T5yLw=	2025-08-12 05:49:51.218445+00	f	ymodisane88@gmail.com	Yvette Mvulazana	Modisane	ymodisane88@gmail.com	f	t	2025-08-12 05:49:50.340614+00	\N	\N	\N	\N	South Africa	\N	\N	\N	\N	\N	\N	\N			\N		f	f	NOT PAID	2025-08-12 05:49:50.886486+00	2025-08-12 05:52:12.481038+00	\N	\N	\N
93	pbkdf2_sha256$600000$X5GVQGcMvEgybHemOckY31$uX5KpClAVueVi4wi5X0H/IcoPD4dR+0DIGSPj4ASTI4=	\N	f	phantom0433@gmail.com	Aluta	Kondile	phantom0433@gmail.com	f	t	2025-06-16 13:02:11+00	\N	\N	\N	\N	South Africa	\N	\N	\N	\N	\N	\N	\N		Prof	\N		f	t	PAID	2025-06-16 13:02:12.205644+00	2025-08-22 02:34:18.068395+00	7be40832-d6c4-4e59-988f-e5fa6cb491fd	\N	\N
106	pbkdf2_sha256$600000$7CULO876jlU2zv7CgH3Qfq$rfRTOqRMT621TptfCJH1mlF5Fqd/T13/5j+u4/7L+AU=	2025-08-12 14:41:10+00	f	linathieng@gmail.com	Sango	Zixesha	linathieng@gmail.com	f	t	2025-08-12 14:41:09+00	\N	\N	\N	ec	South Africa	\N	\N	\N	\N	\N	\N	\N		Mr	\N		f	t	NOT PAID	2025-08-12 14:41:09.897656+00	2025-08-22 02:33:30.838247+00	\N	\N	\N
87	pbkdf2_sha256$600000$SK29rPis6HFX6R6i4qPsw8$W1bonU5vC7rpfB02jZ0dLAft1WHTr6pkUtpGG/wUXvE=	2025-02-26 14:22:22+00	f	ltsotetsi4@gmail.com	Lehlohonolo	Tsotetsi	ltsotetsi4@gmail.com	f	t	2025-02-26 14:07:30+00	\N	\N	\N	\N	South Africa	\N	\N	\N	\N	\N	\N	\N		Mr	\N		f	t	NOT PAID	2025-02-26 14:07:31.098054+00	2025-08-22 02:36:46.059802+00	\N	\N	\N
108	pbkdf2_sha256$600000$Mkm8L2xqta2cUzDdQ5TI0F$EOCz6WFLq8GOQv216m50pkR6ndSfWBZiQOMFE8Ngz/w=	2025-08-14 05:18:26.588547+00	f	luvotutani@imijeloconsulting.com	Luvo	Tutani	luvotutani@imijeloconsulting.com	f	t	2025-08-14 05:18:25.76825+00	\N	\N	\N	\N	South Africa	\N	\N	\N	\N	\N	\N	\N			\N		f	f	NOT PAID	2025-08-14 05:18:26.365221+00	2025-08-14 05:18:26.365233+00	\N	\N	\N
94	pbkdf2_sha256$600000$2IpBm8nGMjeTN44APp55FF$Fa3+QJjyudI1KCLh3OumXOIH/4rwuL69V80fBe12mrM=	2026-02-10 15:02:48.044257+00	f	sfatyi1@gmail.com	Sakhumzi	Fatyi	sfatyi1@gmail.com	f	t	2025-06-30 10:42:32+00	\N	\N	\N	\N	South Africa	\N	\N	\N	\N	\N	\N	\N		Mr	\N		f	t	NOT PAID	2025-06-30 10:42:33.389214+00	2025-07-12 22:34:15.039874+00	\N	\N	\N
136	pbkdf2_sha256$600000$E8lmz5IpGb65MGt4h47dYL$sL27LEClzkTPOeOoGWpT73h7w6w4Tx5vVFazCoB9JSY=	2026-02-21 11:18:42.126653+00	f	chulumanconquru050@gmail.com	Chulumanco	Nquru	chulumanconquru050@gmail.com	f	t	2026-02-21 11:10:44.943002+00	\N	\N	\N	\N	South Africa	\N	\N	\N	\N	\N	\N	\N			\N		f	f	NOT PAID	2026-02-21 11:10:45.510352+00	2026-02-21 11:10:45.510366+00	\N	\N	\N
139	pbkdf2_sha256$600000$QkDIKOiKqQP7VmSE5gRJd3$dQYPE+0TVkm6LZbfttSaTLvuacJCLnwaUisw483ix0g=	\N	f	skunanambadlisaalime@gmail.com	Pumla	Skunana	skunanambadlisaalime@gmail.com	f	t	2026-02-21 13:03:10.787594+00	\N	\N	\N	\N	South Africa	\N	\N	\N	\N	\N	\N	\N			\N		f	f	NOT PAID	2026-02-21 13:03:11.356525+00	2026-02-21 13:03:11.356538+00	\N	\N	\N
140	pbkdf2_sha256$600000$yeZ7GvOqAAlNWRugua6Lap$t6jzOyEYvLOOXB3e0aMPNXN3l20wjS/dGHu7N1F6Rlc=	2026-02-21 16:05:45.595688+00	f	hlitanarorisang9@gmail.com	Rorisang	Hlitana	hlitanarorisang9@gmail.com	f	t	2026-02-21 15:58:09.140601+00	\N	\N	\N	\N	South Africa	\N	\N	\N	\N	\N	\N	\N			\N		f	f	NOT PAID	2026-02-21 15:58:09.691629+00	2026-02-21 15:58:09.691654+00	\N	\N	\N
83	pbkdf2_sha256$600000$GbDwQexJCEOhOvrjNTcJp2$zuD0v860LNCA/rPLXWQUY2DhKD5FnXsM0CTluVO8+Lo=	2026-02-26 11:24:08.027562+00	f	mgbemenab@gmail.com	Busi	Mgbemena	mgbemenab@gmail.com	f	t	2025-02-26 09:06:12.866409+00	\N	\N	\N	\N	South Africa	\N	\N	\N	\N	\N	\N	\N			\N		f	t	NOT PAID	2025-02-26 09:06:13.530444+00	2025-02-26 09:06:13.530457+00	\N	\N	\N
116	pbkdf2_sha256$600000$dLZhMKWi1avsijy6oDuque$YbyB/8xx/9TC4AElEWTTq9m2feiV7GOmDlyDZnTdeYo=	2025-09-16 16:03:38.734012+00	f	info@alakhegroup.co.za	Kamogelo	Leeuw	info@alakhegroup.co.za	f	t	2025-09-16 16:00:31.472891+00	\N	\N	\N	\N	South Africa	\N	\N	\N	\N	\N	\N	\N			\N		f	f	NOT PAID	2025-09-16 16:00:31.999689+00	2025-09-16 16:00:31.999704+00	\N	\N	\N
110	pbkdf2_sha256$600000$VxdTuvlVdLfhKm9XpeD9EO$qp6/XpbNNniWjhDjZtV42B+bwi24VnQ4QsGHG06XroQ=	2025-08-14 07:51:28.820301+00	f	AFRICAN-XPLORA	Tawanda Quinton	Chikowore	africanxplora@gmail.com	f	t	2025-08-14 07:51:27.976472+00	\N	Pebble Crescent	Cape Town	wc	South Africa	7441	\N	0210125598	\N	\N	\N	\N			\N		f	f	NOT PAID	2025-08-14 07:51:28.563068+00	2025-08-14 07:51:28.563082+00	\N	\N	\N
109	pbkdf2_sha256$600000$drI6REHhfrnxmGIpebgV2F$9INPQki+o5lADFltrUHxemHinYgGkVd3LafMIMF4F9U=	2025-08-14 07:55:56.57547+00	f	sibiyasifundo5@gmail.com	Sifundo	Sibiya	sibiyasifundo5@gmail.com	f	t	2025-08-14 07:33:31.92527+00	\N	\N	\N	\N	South Africa	\N	\N	\N	\N	\N	\N	\N			\N		f	f	NOT PAID	2025-08-14 07:33:32.446811+00	2025-08-14 07:33:32.446829+00	\N	\N	\N
111	pbkdf2_sha256$600000$6xzRcv3aoPSk3swkfKHGik$MyMV6j7y5VOGm5w4YflbctDwEdKY3Y9EkfdyRK7LHBo=	2025-08-20 12:07:04.607921+00	f	ibrandidit@gmail.com	Didi	Mokhothu	ibrandidit@gmail.com	f	t	2025-08-20 12:07:02.819532+00	\N	\N	\N	\N	South Africa	\N	\N	\N	\N	\N	\N	\N			\N		f	f	NOT PAID	2025-08-20 12:07:03.417052+00	2025-08-20 12:07:03.417087+00	\N	\N	\N
112	pbkdf2_sha256$600000$eB02GjZoyPeXST0EPvGXZe$6FXanzXgsx0q3Xg2o86Wsqnek2xKYkwaq/i6hp/NF1k=	2025-08-23 11:54:33.729044+00	f	npndwandwa@gmail.com	Ngqondi	Ndwandwa	npndwandwa@gmail.com	f	t	2025-08-23 11:54:31.990216+00	\N	\N	\N	\N	South Africa	\N	\N	\N	\N	\N	\N	\N			\N		f	f	NOT PAID	2025-08-23 11:54:32.533307+00	2025-08-23 11:54:32.533321+00	\N	\N	\N
117	pbkdf2_sha256$600000$6s7lHnPJdpdkqpjBXyqV0W$NsDLzXlxM+Yu6dKbQWbPjjL4pytr8BRzc03m4GMyxzM=	2025-09-19 10:20:09.419313+00	f	Kamangaathule@gmail.com	Athule	Kamanga	Kamangaathule@gmail.com	f	t	2025-09-19 10:20:07.595181+00	\N	\N	\N	\N	South Africa	\N	\N	\N	\N	\N	\N	\N			\N		f	f	NOT PAID	2025-09-19 10:20:08.267401+00	2025-09-19 10:20:08.267431+00	\N	\N	\N
114	pbkdf2_sha256$600000$YXUgHtGF3mImWfiunt2ZXt$BXh59GX+BLYPHn/Renw1BldpNrSMal1KGbcUIDEx298=	2025-08-30 08:21:15.17279+00	f	siya@onevision-academy.co.za	SIYAMTHANDA	XAKAVU	siya@onevision-academy.co.za	f	t	2025-08-30 08:21:14.355502+00	\N	\N	\N	\N	South Africa	\N	\N	\N	\N	\N	\N	\N			\N		f	f	NOT PAID	2025-08-30 08:21:14.917918+00	2025-08-30 08:21:14.917933+00	\N	\N	\N
113	pbkdf2_sha256$600000$4iMLQiNYVt1SKSDFkTZo3P$n9hpTpg31/WyqSCrCEW1lqqmFmlWtZ5OJ0HozzsQpH0=	2025-09-02 08:18:35.24223+00	f	sindile.kama@gmail.com	Kama	Kama	sindile.kama@gmail.com	f	t	2025-08-29 05:28:19.062998+00	\N	\N	\N	\N	South Africa	\N	\N	\N	\N	\N	\N	\N			\N		f	f	NOT PAID	2025-08-29 05:28:19.692799+00	2025-08-29 05:28:19.692821+00	\N	\N	\N
115	pbkdf2_sha256$600000$m4IEaqB5TTKcgk2CKB2Kpf$u372lTOXhJJyvkd0PFIEHGAfAI1VXgIkrbWqOFRjnAc=	2025-09-05 10:18:53.431512+00	f	bathande12@gmail.com	Mphumzi	Sahluko	bathande12@gmail.com	f	t	2025-09-05 09:37:53.018031+00	\N	\N	\N	\N	South Africa	\N	\N	\N	\N	\N	\N	\N			\N		f	f	NOT PAID	2025-09-05 09:37:53.598795+00	2025-09-05 09:37:53.598811+00	\N	\N	\N
130	pbkdf2_sha256$600000$of26tJWTfCVPObSRDPU58y$pTe8+/r48AZNXUUllpuYAS7OmfQX8WaGMJNQcgdidhE=	2026-02-18 15:08:55+00	f	sibongumusakaptein776@gmail.com	Sibongumusa	Kaptein	sibongumusakaptein776@gmail.com	f	t	2026-02-18 11:07:18.793729+00	\N	\N	\N	\N	South Africa	\N	\N	\N	\N	\N	\N	\N		Mr	\N		f	t	NOT PAID	2026-02-18 11:07:19.365953+00	2026-02-19 02:05:27.036152+00	\N	\N	\N
121	pbkdf2_sha256$600000$ZDDa1NNdV0TVZ0f0FAvlo7$sqTz/p2M68A3NWgNTaosvwHzqxN9C1xBQZgGKDXMC2U=	2025-10-27 05:50:55.006382+00	f	sam@lubomortgage.co.za	Sam	Lephallo	sam@lubomortgage.co.za	f	t	2025-10-27 05:41:46.065794+00	\N	\N	\N	\N	South Africa	\N	\N	\N	\N	\N	\N	\N			\N		f	f	NOT PAID	2025-10-27 05:41:46.636362+00	2025-10-27 05:41:46.636433+00	\N	\N	\N
124	pbkdf2_sha256$600000$7QAjCYDjBWshTPGhP0h9ot$TvbcJAH6UDEOHaAlV7P5oaJNNApVPq5ZulsHfF89pq4=	2026-01-03 14:25:35.769486+00	f	lazarunn@gmail.com	Lazarus	Ngobeni	lazarunn@gmail.com	f	t	2026-01-03 14:20:00.056236+00	\N	\N	\N	\N	South Africa	\N	\N	\N	\N	\N	\N	\N			\N		f	f	NOT PAID	2026-01-03 14:20:00.855573+00	2026-01-03 14:20:00.855596+00	\N	\N	\N
119	pbkdf2_sha256$600000$lpGvYqFlu8C5OomU8QgAox$wZtMD6vUB4wSnKfv6+tvM8oJK/rtAzB2CO8ubLGhirI=	2025-09-30 10:24:17.07853+00	f	gumedethomas943@gmail.com	Wandile	Gumede	gumedethomas943@gmail.com	f	t	2025-09-30 10:24:16.385478+00	\N	\N	\N	\N	South Africa	\N	\N	\N	\N	\N	\N	\N			\N		f	f	NOT PAID	2025-09-30 10:24:16.936912+00	2025-09-30 10:24:16.936934+00	\N	\N	\N
118	pbkdf2_sha256$600000$G5X670HfO0G9Q6x2jrfg84$gKn8SYn7caDGd64ifZ5Xe62HKBVbGZTog4DIeIZAZ64=	2025-10-10 11:06:56.747016+00	f	siyadumisajack@gmail.com	Siyadumisa	Gumede	siyadumisajack@gmail.com	f	t	2025-09-27 21:01:45.941873+00	\N	\N	\N	\N	South Africa	\N	\N	\N	\N	\N	\N	\N			\N		f	f	NOT PAID	2025-09-27 21:01:46.496634+00	2025-10-10 11:05:47.556264+00	\N	\N	\N
122	pbkdf2_sha256$600000$Y3TXFLiABnQMt0hmJRtryt$IQRaR9K/7s49KAs29nX2frnon0ULNObQY2TIoqljCk4=	2025-11-24 22:34:46.621334+00	f	Ntyatyie@gmail.com	Nontyatyambo	Ndwandwa	Ntyatyie@gmail.com	f	t	2025-11-24 22:34:10.560404+00	\N	\N	\N	\N	South Africa	\N	\N	\N	\N	\N	\N	\N			\N		f	f	NOT PAID	2025-11-24 22:34:11.113753+00	2025-11-24 22:34:11.113771+00	\N	\N	\N
120	pbkdf2_sha256$600000$HBCOfYut0YJU4jO0NfEiNO$liYz0x/xaxEUm+1w5ESxrgV9P8sXM4RiNsE9szgVrxI=	2025-10-22 20:48:15.239328+00	f	bongi@taurusgas.co.za	Bongiswa	Grosch	bongi@taurusgas.co.za	f	t	2025-10-22 20:47:26.858374+00	\N	\N	\N	\N	South Africa	\N	\N	\N	\N	\N	\N	\N			\N		f	f	NOT PAID	2025-10-22 20:47:27.381803+00	2025-10-22 20:47:27.381836+00	\N	\N	\N
123	pbkdf2_sha256$600000$7ml8NKNA3C4pimnLpP6Y6W$h/OPXcacIFh+n0ANmY81smXLclOrla22r1cf9iY/UQA=	2025-12-14 13:39:52.323104+00	f	jumpandbouncejumpingcastles@gmail.com	Jacques	Upendo	jumpandbouncejumpingcastles@gmail.com	f	t	2025-12-14 13:39:50.821197+00	\N	\N	\N	\N	South Africa	\N	\N	\N	\N	\N	\N	\N			\N		f	f	NOT PAID	2025-12-14 13:39:51.866761+00	2025-12-14 13:39:51.866779+00	\N	\N	\N
132	pbkdf2_sha256$600000$PbYAZd3NkLiKdO2jVhC1SQ$jn8nOUvQKv6pIgZRqxiINETBAXThgMm1qRIVRhYsAm8=	2026-02-19 12:40:34.503765+00	f	lumkanobuzana@gmail.com	Lumka	Nobuzana	lumkanobuzana@gmail.com	f	t	2026-02-19 12:37:43.345566+00	\N	\N	\N	\N	South Africa	\N	\N	\N	\N	\N	\N	\N			\N		f	f	NOT PAID	2026-02-19 12:37:43.995325+00	2026-02-19 12:37:43.99534+00	\N	\N	\N
128	pbkdf2_sha256$600000$W1624BXZlFsGix3Yn2c0JN$If6bgmgkDxEiy10Af5iWih3ZHE4yr1x1awk05eqYHa0=	\N	f	nomandlavalenciamphoselwa@gmail.com	Nomandla	Mphoselwa	nomandlavalenciamphoselwa@gmail.com	f	t	2026-02-17 11:39:31.35857+00	\N	\N	\N	\N	South Africa	\N	\N	\N	\N	\N	\N	\N		Ms	\N		f	t	NOT PAID	2026-02-17 11:39:31.973697+00	2026-02-19 02:06:09.71077+00	\N	\N	\N
126	pbkdf2_sha256$600000$iXctEVKihPcF1ib0nMuCq9$iEvBSH2SKL49Gku2fVSdeXTHakAiHRxHDnHkNRnxDUU=	2026-02-06 11:35:33+00	f	thulani.ngesi@outlook.com	Thulani	Ngesi	thulani.ngesi@outlook.com	f	t	2026-02-06 11:33:28.995111+00	\N	\N	\N	\N	South Africa	\N	\N	\N	\N	\N	\N	\N		Mr	\N		f	t	NOT PAID	2026-02-06 11:33:29.542991+00	2026-02-19 02:02:07.167767+00	\N	\N	\N
127	pbkdf2_sha256$600000$D4XEZuPhdkax4WkqFnKrWq$1v5FB6sH3aIveec+MvMzYCdQ+EaC/Fdr5EK0JkkB8Hg=	\N	f	nokuthulasandile@gmail.com	Nokuthula	Sandile	nokuthulasandile@gmail.com	f	t	2026-02-17 09:13:07.057147+00	\N	\N	\N	\N	South Africa	\N	\N	\N	\N	\N	\N	\N		Ms	\N		f	t	NOT PAID	2026-02-17 09:13:07.699978+00	2026-02-19 02:03:21.266662+00	\N	\N	\N
129	pbkdf2_sha256$600000$TUudWN9wSf9tMsN8ZUxNbx$Hc2o8lxsx8IRXsAtKp6wGQ/SviH0ORh1vQNYGCB1QSA=	\N	f	mzukisimakoma94@gmail.com	Mzukisi	Makoma	mzukisimakoma94@gmail.com	f	t	2026-02-17 12:18:31.231887+00	\N	\N	\N	\N	South Africa	\N	\N	\N	\N	\N	\N	\N		Mr	\N		f	t	NOT PAID	2026-02-17 12:18:31.76476+00	2026-02-19 02:05:46.956807+00	\N	\N	\N
125	pbkdf2_sha256$600000$DND3vusXrZuh5tn4bGxPrT$OKH5LF+WtGzsOODlKuky/NvXo/T7Bf7QVIvt9DBlEQU=	2026-01-26 12:28:59+00	f	zenzilewines@gmail.com	Athule	Kamanga	zenzilewines@gmail.com	f	t	2026-01-26 12:27:43.319622+00	\N	\N	\N	\N	South Africa	\N	\N	\N	\N	\N	\N	\N	profile/62c5c710c0014f7bb72a0e6295879283.jpg	Mr	Biggie		f	t	NOT PAID	2026-01-26 12:27:43.91268+00	2026-02-19 02:06:39.098848+00	\N	\N	\N
133	pbkdf2_sha256$600000$5VNDCcsLvdxDCQnMrjFE5M$oexyg8LCsk/mblQuUOVgEjwcpXVoKA8eBxA2kd+5eo0=	\N	f	simabulose@icloud.com	Simlindile	Bulose	simabulose@icloud.com	f	t	2026-02-19 13:02:13.110289+00	\N	\N	\N	\N	South Africa	\N	\N	\N	\N	\N	\N	\N			\N		f	f	NOT PAID	2026-02-19 13:02:13.691047+00	2026-02-19 13:02:13.691062+00	\N	\N	\N
134	pbkdf2_sha256$600000$ZP22R2AqQ413eUFTVAMHvF$0hbVidxxn51skiqcl8rlJhnsTE09lsrBSNsU91wvM98=	\N	f	telavukosi@vuhosigroup.co.za	Telavukosi	Mabasa	telavukosi@vuhosigroup.co.za	f	t	2026-02-19 23:36:29.223656+00	\N	\N	\N	\N	South Africa	\N	\N	\N	\N	\N	\N	\N			\N		f	f	NOT PAID	2026-02-19 23:36:29.854881+00	2026-02-19 23:36:29.854897+00	\N	\N	\N
135	pbkdf2_sha256$600000$cImQnybvoQpeeE69jWMwFe$/o8xm9QiFb0FtSRR7TUH6F8/FXOSz9297OVtZ6nNq6s=	2026-02-21 04:53:10.036363+00	f	banelevellem@yahoo.com	Banele	Vellem	banelevellem@yahoo.com	f	t	2026-02-21 04:50:42.178151+00	\N	\N	\N	\N	South Africa	\N	\N	\N	\N	\N	\N	\N			\N		f	f	NOT PAID	2026-02-21 04:50:42.786491+00	2026-02-21 04:50:42.786512+00	\N	\N	\N
150	pbkdf2_sha256$600000$HE6bnO2y2YmwgIU5qniaJp$TqGKOx6iIJzbtNzmY1ICVRoxeXF9jebD6sBBDPlL7R4=	2026-02-23 08:47:59+00	f	gxabasiya@gmail.com	Siya	Chusta	gxabasiya@gmail.com	f	t	2026-02-23 08:45:58.84001+00	\N	\N	\N	\N	South Africa	\N	\N	\N	\N	\N	\N	\N		Mr	\N		f	t	NOT PAID	2026-02-23 08:45:59.419046+00	2026-02-24 11:29:04.341912+00	\N	\N	\N
146	pbkdf2_sha256$600000$VdvVs07hGdmalkrY81hEyI$2DoUPcU6BDUPzAuXoLKk9AMvTQyCzTjtkKlj44QOFk4=	\N	f	athenkosirabe9209@gmail.com	Athenkosi	Rabe	athenkosirabe9209@gmail.com	f	t	2026-02-22 15:21:06.31779+00	\N	\N	\N	\N	South Africa	\N	\N	\N	\N	\N	\N	\N			\N		f	f	NOT PAID	2026-02-22 15:21:06.893382+00	2026-02-22 15:21:06.893395+00	\N	\N	\N
142	pbkdf2_sha256$600000$CWgBYFlHJ0PSmYrLzVprzY$Uoy01lE9Alj9fwWEPGprjvFrlYoCAtTEa4L9x2XsaLw=	\N	f	zuziwedyasi@gmail.com	Zuziwe	Mkangala-Dyasi	zuziwedyasi@gmail.com	f	t	2026-02-22 09:53:10.903206+00	\N	\N	\N	\N	South Africa	\N	\N	\N	\N	\N	\N	\N		Ms	\N		f	t	NOT PAID	2026-02-22 09:53:11.446334+00	2026-02-22 18:32:42.727596+00	\N	\N	\N
156	pbkdf2_sha256$600000$l4S4U3AZ2pI5sAT5EjUKnE$M7dOADBhoSM2/py4Cdzmic8LD6o/lNxPjoWXuvCDBPA=	2026-02-26 17:50:51.529568+00	f	nmangweni@onpointfin.co.za	Nkululeko	Mangweni	nmangweni@onpointfin.co.za	f	t	2026-02-26 17:50:45.265409+00	\N	\N	\N	\N	South Africa	\N	\N	\N	\N	\N	\N	\N			\N		f	f	NOT PAID	2026-02-26 17:50:45.932247+00	2026-02-26 17:50:45.932264+00	\N	\N	\N
147	pbkdf2_sha256$600000$pbPEWZFABIVi4c8pUsV441$9TGw+mECp2lwA9SJ0HAaV2MP4TQ2jbGygdwdFFvWtAo=	\N	f	rabe92athi@gmail.com	Athenkosi	Rabe	rabe92athi@gmail.com	f	t	2026-02-22 15:46:15.385887+00	\N	\N	\N	\N	South Africa	\N	\N	\N	\N	\N	\N	\N		Mr	\N		f	t	NOT PAID	2026-02-22 15:46:15.975043+00	2026-02-22 18:33:24.975281+00	\N	\N	\N
145	pbkdf2_sha256$600000$nxRy2zSRwM7fR4LpMRGmDg$8FuS51qylLWPamdp0ee/J1z85evAsYv7WyFFU+b/Eho=	2026-02-22 14:53:12+00	f	kamvelihlegoci5@gmail.com	Kamvelihle	Goci	kamvelihlegoci5@gmail.com	f	t	2026-02-22 14:51:50.756961+00	\N	\N	\N	\N	South Africa	\N	\N	\N	\N	\N	\N	\N		Mr	\N		f	t	NOT PAID	2026-02-22 14:51:51.330544+00	2026-02-22 18:33:41.38711+00	\N	\N	\N
144	pbkdf2_sha256$600000$bYM062oMVsJawlwRP2Yxvy$HvEZuC9W24u27EoDQXu0Ml5Lx6aK2knBJiSqBH/gsLU=	\N	f	tukhayakazi@gmail.com	Khayakazi	Tu	tukhayakazi@gmail.com	f	t	2026-02-22 14:37:57.320325+00	\N	\N	\N	\N	South Africa	\N	\N	\N	\N	\N	\N	\N		Ms	\N		f	t	NOT PAID	2026-02-22 14:37:57.863949+00	2026-02-22 18:33:57.291444+00	\N	\N	\N
137	pbkdf2_sha256$600000$6h0t38SD3cfGILq89zldiv$3oGBxEh8pjPhl7p5dJX36szcjOcXDRD3Ab6+aCbezmI=	\N	f	sizakeleb@gmail.com	Sizakele Witness	Booi	sizakeleb@gmail.com	f	t	2026-02-21 11:25:24.127187+00	\N	\N	\N	\N	South Africa	\N	\N	\N	\N	\N	\N	\N		Ms	\N		f	t	NOT PAID	2026-02-21 11:25:24.705384+00	2026-02-22 18:35:06.179943+00	\N	\N	\N
141	pbkdf2_sha256$600000$fv0rhF1zhCwGkGtJWouCIp$nP5MJhGpHhbBshhQtk1cR3P6C1FgPyesdp6UzY7y04Y=	2026-02-21 17:36:38+00	f	sihlemjali4@gmail.com	sihle	mjali	sihlemjali4@gmail.com	f	t	2026-02-21 17:28:52.656953+00	\N	\N	\N	\N	South Africa	\N	\N	\N	\N	\N	\N	\N		Ms	\N		f	t	NOT PAID	2026-02-21 17:28:53.187696+00	2026-02-22 18:35:32.200828+00	\N	\N	\N
149	pbkdf2_sha256$600000$BVTUTvoAsfLfGNnUemSHhz$XFn/P+lHIIQfPKKdDosJ9T5w3ZHHWeAWpFSH48pDT9A=	\N	f	bongzngubane@gmail.com	Bonginkosi	Ngubane	bongzngubane@gmail.com	f	t	2026-02-23 07:50:19.875041+00	\N	\N	\N	\N	South Africa	\N	\N	\N	\N	\N	\N	\N		Mr	\N		f	t	NOT PAID	2026-02-23 07:50:20.536807+00	2026-02-24 11:29:34.122713+00	\N	\N	\N
148	pbkdf2_sha256$600000$gxzOV8Hf4KNdHS7nUfMjiI$lH6R84OU5nWGP5/OIOopZDc8wfpO1S8vKh5ZR0GMeY8=	\N	f	taniakilo@gmail.com	Tania	Kilo	taniakilo@gmail.com	f	t	2026-02-22 17:11:56.327595+00	\N	\N	\N	\N	South Africa	\N	\N	\N	\N	\N	\N	\N		Ms	\N		f	t	NOT PAID	2026-02-22 17:11:56.937188+00	2026-02-24 11:29:51.633473+00	\N	\N	\N
152	pbkdf2_sha256$600000$0XLBn5wK8CflZIOnblb0uR$tO6+ovfBF/rmEz+UpWrsM1ojaAptqdCIyNdCGB1VFA8=	2026-02-24 07:58:49+00	f	sikhumbuzo.banzi@uct.ac.za	Sikhumbuzo	Banzi	sikhumbuzo.banzi@uct.ac.za	f	t	2026-02-24 07:52:46.553117+00	\N	\N	\N	\N	South Africa	\N	\N	\N	\N	\N	\N	\N		Mr	0606125924		f	t	NOT PAID	2026-02-24 07:52:47.142956+00	2026-02-24 11:28:10.21615+00	\N	\N	\N
151	pbkdf2_sha256$600000$6DfkIceuSlK39vzkGQXIhV$tS+B3ZtAsGJfaqUPuB/yHTQFEBLaO8UTJOWgN6ln81E=	\N	f	masivuke@gmail.com	Nomvuzo Peggy	Kali	masivuke@gmail.com	f	t	2026-02-24 06:25:20.319914+00	\N	\N	\N	\N	South Africa	\N	\N	\N	\N	\N	\N	\N		Ms	\N		f	t	NOT PAID	2026-02-24 06:25:20.891319+00	2026-02-24 11:28:29.895369+00	\N	\N	\N
153	pbkdf2_sha256$600000$47yV9S3fO3U5J7wh46v2FS$ztfZlaQTzEbneINjeTgmthKOuiRM57xn4rHi1LWMUho=	2026-02-25 07:41:07.258907+00	f	maveziholdings@gmail.com	Nopinki	Lisa	maveziholdings@gmail.com	f	t	2026-02-25 07:41:02.216001+00	\N	\N	\N	\N	South Africa	\N	\N	\N	\N	\N	\N	\N			\N		f	f	NOT PAID	2026-02-25 07:41:02.805457+00	2026-02-25 07:41:02.805479+00	\N	\N	\N
154	pbkdf2_sha256$600000$SyRckUNLfY2EBuJnFk18lm$ckh1lPaPFm0bgGhW3FdriBmaBdNJTblFFA9V7sc1McA=	2026-02-26 11:01:58.670209+00	f	babalwasabsana@gmail.com	Babalwa	Sabsana	babalwasabsana@gmail.com	f	t	2026-02-26 11:00:08.841615+00	\N	\N	\N	\N	South Africa	\N	\N	\N	\N	\N	\N	\N			\N		f	f	NOT PAID	2026-02-26 11:00:09.476948+00	2026-02-26 11:00:09.476963+00	\N	\N	\N
1	pbkdf2_sha256$600000$ypCVyMpKCBmxkbCU7YTOsb$WXQSq7Jzy+hDgF7X3upwshMdZ4mylk10PgFtP/HueGE=	2026-02-26 16:21:45.527765+00	t	admin_thomas	Thomas	Gumede	gumedewandile18@gmail.com	t	t	2024-08-06 19:41:01+00	None	Suite 4	Cape Town	kzn	South Africa	7441	\N	0663409363	\N	\N	\N	\N	profile/d0e754e717bf4cd1bb95f91579d5ba81.jpg	Mr	\N	Finished High School in 2018, Went to Accounting school for my BCom Accounting degree, graduated and went on to complete my PGDA. Self taught Software developer and designer.	t	t	NOT PAID	2024-08-06 19:41:01.79333+00	2025-07-29 14:44:11.906907+00	\N	2025-11-07 04:14:23+00	2024-11-07 04:14:23+00
155	pbkdf2_sha256$600000$UtMQPJAaltvo9DPjaX7iez$vS5zT6QhHqLaQhsypJ6NDLlGEQKGZLpwSQ8nEmWTLG8=	2026-02-26 16:24:30.253411+00	f	sgcwabe@gmail.com	Sandiso	Gcwabe	sgcwabe@gmail.com	f	t	2026-02-26 16:24:22.627289+00	\N	\N	\N	\N	South Africa	\N	\N	\N	\N	\N	\N	\N			\N		f	f	NOT PAID	2026-02-26 16:24:23.201771+00	2026-02-26 16:24:23.201785+00	\N	\N	\N
157	pbkdf2_sha256$600000$JWoxF9mZJUhTX6ezlcRHSt$nPtGTI1FwkxbNwkR7/fZM8LMFO0CD9RvkYvWnJ+0JtI=	2026-02-27 19:47:42.789217+00	f	NoluthandoPhokojoe@capitecbank.co.za	Noluthando	Phokojoe	NoluthandoPhokojoe@capitecbank.co.za	f	t	2026-02-27 19:43:13.454889+00	\N	\N	\N	\N	South Africa	\N	\N	\N	\N	\N	\N	\N			\N		f	f	NOT PAID	2026-02-27 19:43:14.010175+00	2026-02-27 19:43:14.010192+00	\N	\N	\N
160	pbkdf2_sha256$600000$6zEMYgV1hZMPDguWHIw7oG$14fDlpA72XLH/Fa8TDnAkOUdvpOMfkGuKCl8FCbSkZs=	2026-03-03 18:14:34+00	f	sengoatsimapaseka@gmail.com	Mapaseka	Sengoatsi	sengoatsimapaseka@gmail.com	f	t	2026-03-03 18:12:50.500787+00	\N	\N	\N	\N	South Africa	\N	\N	\N	\N	\N	\N	\N		Mr	\N		f	t	NOT PAID	2026-03-03 18:12:51.118721+00	2026-03-04 17:41:35.328847+00	\N	\N	\N
161	pbkdf2_sha256$600000$kGzNj6ZtyiqhkcFJS12k20$KnNH4L8oaphg4jehH2ZifsclCpQnOhSUQ7ue8CX8oXQ=	2026-03-04 17:11:34+00	f	noni@libango.co.za	Noni	Sophe	noni@libango.co.za	f	t	2026-03-04 17:11:29.026557+00	\N	\N	\N	\N	South Africa	\N	\N	\N	\N	\N	\N	\N		Ms	\N		f	t	NOT PAID	2026-03-04 17:11:29.606849+00	2026-03-04 17:41:50.082799+00	\N	\N	\N
158	pbkdf2_sha256$600000$5ZyCkqoSnNz4avzdzods9I$wC4TyqNdktPeFKcZh4so2DrB6VSUWVSUv8PzArMBS/g=	2026-03-02 14:00:21+00	f	inammabetha7@gmail.com	Ziyanda	Mabetha	inammabetha7@gmail.com	f	t	2026-03-02 14:00:13.750079+00	\N	\N	\N	\N	South Africa	\N	\N	\N	\N	\N	\N	\N		Ms	\N		f	t	NOT PAID	2026-03-02 14:00:14.364224+00	2026-03-04 17:40:50.808614+00	\N	\N	\N
143	pbkdf2_sha256$600000$rGbXtdattptzmAEduzp3Tq$XdTvxxrRKISQn5AUnNtfYoQK/XHN1CLsapRmIILu2kE=	2026-03-05 08:30:49.790166+00	f	mapoloban84@gmail.com	Noluthando	Phokojoe	mapoloban84@gmail.com	f	t	2026-02-22 14:03:05.180884+00	\N	\N	\N	\N	South Africa	\N	\N	\N	\N	\N	\N	\N		Ms	\N		f	t	NOT PAID	2026-02-22 14:03:05.771582+00	2026-02-22 18:34:12.077297+00	\N	\N	\N
162	pbkdf2_sha256$600000$ynNJSbIw6wipnd8YaBTPb3$l16FLWOrZ+RLIWtGm6s8N8uaIEXiUX8Ocv5eN3+Bp68=	2026-03-05 10:15:20.311172+00	f	tebisa@wongatechnologies.co.za	Wongalethu	Vakala	tebisa@wongatechnologies.co.za	f	t	2026-03-05 10:15:15.657992+00	\N	\N	\N	\N	South Africa	\N	\N	\N	\N	\N	\N	\N			\N		f	f	NOT PAID	2026-03-05 10:15:16.209471+00	2026-03-05 10:15:16.209496+00	\N	\N	\N
2	pbkdf2_sha256$600000$b1SzlBhnEw6ETZiqTAiNAq$djeNoEscJw2qoAUiTW5R/LRZw4uC7hfpBAxNrRUiZak=	2026-03-04 17:33:11.17317+00	t	sazi.ndwandwa	Sazi	Ndwandwa	sazi.ndwandwa@gmail.com	t	t	2024-08-06 20:30:32+00	\N	\N	Cape Town	\N	South Africa	7441	\N	\N	\N	\N	\N	\N	profile/605be33a7e1f45048f16d6ed12ceaee3.jpg	Mr	\N	Chartered Accountant\r\nBusiness Growth Expert\r\nBusiness owner since 2018.\r\nPassionate about growth and unity.	f	t	PAID	2024-08-06 20:30:33.378926+00	2025-09-30 06:32:13.519313+00	7be40832-d6c4-4e59-988f-e5fa6cb491fd	\N	\N
159	pbkdf2_sha256$600000$2D3rBTNObonHi2lpCVEsJd$pZXxmIcmt8SbBwNUtgi7t4WlgfRWNqqu9P+bmQCvcqI=	2026-03-03 16:19:14+00	f	zaylartoriginals@gmail.com	Yolo Liso	Xulu	zaylartoriginals@gmail.com	f	t	2026-03-03 16:19:08.857164+00	\N	\N	\N	\N	South Africa	\N	\N	\N	\N	\N	\N	\N		Mr	\N		f	t	NOT PAID	2026-03-03 16:19:09.442682+00	2026-03-04 17:41:09.063744+00	\N	\N	\N
\.


--
-- Data for Name: accounts_account_groups; Type: TABLE DATA; Schema: public; Owner: thomas
--

COPY public.accounts_account_groups (id, account_id, group_id) FROM stdin;
1	2	1
2	29	1
\.


--
-- Data for Name: accounts_account_user_permissions; Type: TABLE DATA; Schema: public; Owner: thomas
--

COPY public.accounts_account_user_permissions (id, account_id, permission_id) FROM stdin;
\.


--
-- Data for Name: accounts_subscriptionorder; Type: TABLE DATA; Schema: public; Owner: thomas
--

COPY public.accounts_subscriptionorder (id, created, updated, payment_method_type, payment_method_card_holder, payment_method_masked_card, payment_method_scheme, payment_date, order_id, vat, total_amount, checkout_id, payment_status, package_id, subscriber_id, client_address_one, client_address_two, client_city, client_country, client_email, client_first_name, client_last_name, client_phone, client_province, client_zipcode, discount, checkout_details) FROM stdin;
\.


--
-- Data for Name: accounts_subscriptionpackage; Type: TABLE DATA; Schema: public; Owner: thomas
--

COPY public.accounts_subscriptionpackage (id, created, updated, title, amount, details, max_businesses, max_services_per_business, max_products_per_business) FROM stdin;
7be40832-d6c4-4e59-988f-e5fa6cb491fd	2024-08-06 19:54:13.789114+00	2024-10-02 16:37:03.673281+00	Business Listing Premium	500.00	List your business on our website and generate more customers.\r\n\r\nAccess our growth benefits including:\r\n- training\r\n- Mentoring\r\n- special prices\r\n- funding opportunities\r\n- access to sell to our members\r\n- commission earning opportunities	500	500	500
\.


--
-- Data for Name: accounts_walletmodel; Type: TABLE DATA; Schema: public; Owner: thomas
--

COPY public.accounts_walletmodel (id, created, updated, name, balance, status, cleared_date, owner_id) FROM stdin;
29a061de-c8f7-4c6e-95f9-d5e8ee08d047	2024-09-18 17:10:15.122452+00	2024-09-18 17:10:15.122476+00		840.00	('No status', 'No status')	2024-09-18 17:10:15.122092+00	2
739a7d88-5950-419f-8580-c73f07b08be7	2024-08-22 13:11:49.660732+00	2024-08-22 13:11:49.660751+00		2717.64	('No status', 'No status')	2024-08-22 13:11:49.660379+00	1
a8cfba46-19e3-4b83-a45a-d9a487a03a25	2024-11-06 15:08:52.90393+00	2024-11-06 15:08:52.903957+00		5060.00	('No status', 'No status')	2024-11-06 15:08:52.903433+00	29
\.


--
-- Data for Name: admin_interface_theme; Type: TABLE DATA; Schema: public; Owner: thomas
--

COPY public.admin_interface_theme (id, name, active, title, title_visible, logo, logo_visible, css_header_background_color, title_color, css_header_text_color, css_header_link_color, css_header_link_hover_color, css_module_background_color, css_module_text_color, css_module_link_color, css_module_link_hover_color, css_module_rounded_corners, css_generic_link_color, css_generic_link_hover_color, css_save_button_background_color, css_save_button_background_hover_color, css_save_button_text_color, css_delete_button_background_color, css_delete_button_background_hover_color, css_delete_button_text_color, list_filter_dropdown, related_modal_active, related_modal_background_color, related_modal_rounded_corners, logo_color, recent_actions_visible, favicon, related_modal_background_opacity, env_name, env_visible_in_header, env_color, env_visible_in_favicon, related_modal_close_button_visible, language_chooser_active, language_chooser_display, list_filter_sticky, form_pagination_sticky, form_submit_sticky, css_module_background_selected_color, css_module_link_selected_color, logo_max_height, logo_max_width, foldable_apps, language_chooser_control, list_filter_highlight, list_filter_removal_links, show_fieldsets_as_tabs, show_inlines_as_tabs, css_generic_link_active_color, collapsible_stacked_inlines, collapsible_stacked_inlines_collapsed, collapsible_tabular_inlines, collapsible_tabular_inlines_collapsed) FROM stdin;
2	BBGI	t	BBGI ADMIN	f	admin-interface/logo/logo_1.png	t	#071A1D	#FFFFFF	#5D737E	#FFFFFF	#D1B54B	#071C1F	#FFFFFF	#FFFFFF	#8A7832	t	#0C3C26	#156641	#0C4B33	#0C3C26	#FFFFFF	#BA2121	#A41515	#FFFFFF	t	t	#000000	t	#FFFFFF	t	admin-interface/favicon/cropped-Footer-192x192.png	0.3	BBGI Admin	t	#E74C3C	t	t	t	code	t	f	f	#15535C	#FFFFFF	100	400	t	default-select	t	f	f	f	#29B864	f	t	f	t
1	Django	f	Django administration	t		t	#0C4B33	#F5DD5D	#44B78B	#FFFFFF	#C9F0DD	#44B78B	#FFFFFF	#FFFFFF	#C9F0DD	t	#0C3C26	#156641	#0C4B33	#0C3C26	#FFFFFF	#BA2121	#A41515	#FFFFFF	t	t	#000000	t	#FFFFFF	t		0.3		t	#E74C3C	t	t	t	code	t	f	f	#FFFFCC	#FFFFFF	100	400	t	default-select	t	f	f	f	#29B864	f	t	f	t
\.


--
-- Data for Name: auth_group; Type: TABLE DATA; Schema: public; Owner: thomas
--

COPY public.auth_group (id, name) FROM stdin;
1	saff
\.


--
-- Data for Name: auth_group_permissions; Type: TABLE DATA; Schema: public; Owner: thomas
--

COPY public.auth_group_permissions (id, group_id, permission_id) FROM stdin;
1	1	21
2	1	22
3	1	24
4	1	25
5	1	26
6	1	27
7	1	28
8	1	29
9	1	30
10	1	31
11	1	32
12	1	33
13	1	34
14	1	35
15	1	36
16	1	37
17	1	38
18	1	39
19	1	40
20	1	41
21	1	42
22	1	43
23	1	44
24	1	45
25	1	46
26	1	47
27	1	48
28	1	49
29	1	50
30	1	51
31	1	52
32	1	53
33	1	54
34	1	55
35	1	56
36	1	57
37	1	58
38	1	59
39	1	60
40	1	61
41	1	62
42	1	63
43	1	64
44	1	65
45	1	66
46	1	67
47	1	68
48	1	71
49	1	72
50	1	75
51	1	76
52	1	79
53	1	80
54	1	81
55	1	82
56	1	83
57	1	84
58	1	85
59	1	86
60	1	87
61	1	88
62	1	89
63	1	90
64	1	91
65	1	92
66	1	93
67	1	94
68	1	95
69	1	96
70	1	97
71	1	98
72	1	99
73	1	100
74	1	102
75	1	103
76	1	104
77	1	105
78	1	106
79	1	107
80	1	108
81	1	109
82	1	110
83	1	111
84	1	112
85	1	113
86	1	114
87	1	115
88	1	116
89	1	119
90	1	120
91	1	123
92	1	124
93	1	163
94	1	164
95	1	167
96	1	168
97	1	169
98	1	170
99	1	171
100	1	172
101	1	173
102	1	174
103	1	175
104	1	176
105	1	177
106	1	178
107	1	179
108	1	180
109	1	181
110	1	182
111	1	183
112	1	184
113	1	185
114	1	186
115	1	187
116	1	188
117	1	189
118	1	190
119	1	191
120	1	192
121	1	193
122	1	194
123	1	195
124	1	196
125	1	197
126	1	198
127	1	199
128	1	200
129	1	201
130	1	202
131	1	203
132	1	204
133	1	205
134	1	206
135	1	207
136	1	208
137	1	209
138	1	210
139	1	211
140	1	212
141	1	213
142	1	214
143	1	215
144	1	216
145	1	217
146	1	218
147	1	219
148	1	220
149	1	161
150	1	162
151	1	4
152	1	101
153	1	165
154	1	166
155	1	69
156	1	73
157	1	74
158	1	70
159	1	77
160	1	78
161	1	117
162	1	118
163	1	23
164	1	121
165	1	122
\.


--
-- Data for Name: auth_permission; Type: TABLE DATA; Schema: public; Owner: thomas
--

COPY public.auth_permission (id, name, content_type_id, codename) FROM stdin;
1	Can add log entry	1	add_logentry
2	Can change log entry	1	change_logentry
3	Can delete log entry	1	delete_logentry
4	Can view log entry	1	view_logentry
5	Can add permission	2	add_permission
6	Can change permission	2	change_permission
7	Can delete permission	2	delete_permission
8	Can view permission	2	view_permission
9	Can add group	3	add_group
10	Can change group	3	change_group
11	Can delete group	3	delete_group
12	Can view group	3	view_group
13	Can add content type	4	add_contenttype
14	Can change content type	4	change_contenttype
15	Can delete content type	4	delete_contenttype
16	Can view content type	4	view_contenttype
17	Can add session	5	add_session
18	Can change session	5	change_session
19	Can delete session	5	delete_session
20	Can view session	5	view_session
21	Can add Account	6	add_account
22	Can change Account	6	change_account
23	Can delete Account	6	delete_account
24	Can view Account	6	view_account
25	Can add Package	7	add_subscriptionpackage
26	Can change Package	7	change_subscriptionpackage
27	Can delete Package	7	delete_subscriptionpackage
28	Can view Package	7	view_subscriptionpackage
29	Can add Wallet	8	add_walletmodel
30	Can change Wallet	8	change_walletmodel
31	Can delete Wallet	8	delete_walletmodel
32	Can view Wallet	8	view_walletmodel
33	Can add Post	9	add_blog
34	Can change Post	9	change_blog
35	Can delete Post	9	delete_blog
36	Can view Post	9	view_blog
37	Can add Categorie	10	add_blogcategory
38	Can change Categorie	10	change_blogcategory
39	Can delete Categorie	10	delete_blogcategory
40	Can view Categorie	10	view_blogcategory
41	Can add Email	11	add_emailmodel
42	Can change Email	11	change_emailmodel
43	Can delete Email	11	delete_emailmodel
44	Can view Email	11	view_emailmodel
45	Can add FAQ	12	add_faq
46	Can change FAQ	12	change_faq
47	Can delete FAQ	12	delete_faq
48	Can view FAQ	12	view_faq
49	Can add member	13	add_member
50	Can change member	13	change_member
51	Can delete member	13	delete_member
52	Can view member	13	view_member
53	Can add Privacy	14	add_privacy
54	Can change Privacy	14	change_privacy
55	Can delete Privacy	14	delete_privacy
56	Can view Privacy	14	view_privacy
57	Can add Comment	15	add_comment
58	Can change Comment	15	change_comment
59	Can delete Comment	15	delete_comment
60	Can view Comment	15	view_comment
61	Can add Business	16	add_business
62	Can change Business	16	change_business
63	Can delete Business	16	delete_business
64	Can view Business	16	view_business
65	Can add Category	17	add_category
66	Can change Category	17	change_category
67	Can delete Category	17	delete_category
68	Can view Category	17	view_category
69	Can add Business Review	18	add_businessreview
70	Can change Business Review	18	change_businessreview
71	Can delete Business Review	18	delete_businessreview
72	Can view Business Review	18	view_businessreview
73	Can add business content	19	add_businesscontent
74	Can change business content	19	change_businesscontent
75	Can delete business content	19	delete_businesscontent
76	Can view business content	19	view_businesscontent
77	Can add Business Hour	20	add_businesshour
78	Can change Business Hour	20	change_businesshour
79	Can delete Business Hour	20	delete_businesshour
80	Can view Business Hour	20	view_businesshour
81	Can add Campaigns	21	add_campaignmodel
82	Can change Campaigns	21	change_campaignmodel
83	Can delete Campaigns	21	delete_campaignmodel
84	Can view Campaigns	21	view_campaignmodel
85	Can add Contribution	22	add_contributionmodel
86	Can change Contribution	22	change_contributionmodel
87	Can delete Contribution	22	delete_contributionmodel
88	Can view Contribution	22	view_contributionmodel
89	Can add Campaign Update	23	add_campaignupdatemodel
90	Can change Campaign Update	23	change_campaignupdatemodel
91	Can delete Campaign Update	23	delete_campaignupdatemodel
92	Can view Campaign Update	23	view_campaignupdatemodel
93	Can add Event	24	add_eventmodel
94	Can change Event	24	change_eventmodel
95	Can delete Event	24	delete_eventmodel
96	Can view Event	24	view_eventmodel
97	Can add event ticket type model	25	add_eventtickettypemodel
98	Can change event ticket type model	25	change_eventtickettypemodel
99	Can delete event ticket type model	25	delete_eventtickettypemodel
100	Can view event ticket type model	25	view_eventtickettypemodel
101	Can add Ticker order	26	add_ticketordermodel
102	Can change Ticker order	26	change_ticketordermodel
103	Can delete Ticker order	26	delete_ticketordermodel
104	Can view Ticker order	26	view_ticketordermodel
105	Can add Ticket	27	add_ticketmodel
106	Can change Ticket	27	change_ticketmodel
107	Can delete Ticket	27	delete_ticketmodel
108	Can view Ticket	27	view_ticketmodel
109	Can add Service	28	add_service
110	Can change Service	28	change_service
111	Can delete Service	28	delete_service
112	Can view Service	28	view_service
113	Can add Qoutation Request	29	add_qoutation
114	Can change Qoutation Request	29	change_qoutation
115	Can delete Qoutation Request	29	delete_qoutation
116	Can view Qoutation Request	29	view_qoutation
117	Can add BBGI Finance Information	30	add_bbgibankmodel
118	Can change BBGI Finance Information	30	change_bbgibankmodel
119	Can delete BBGI Finance Information	30	delete_bbgibankmodel
120	Can view BBGI Finance Information	30	view_bbgibankmodel
121	Can add Payment Information	31	add_paymentinformation
122	Can change Payment Information	31	change_paymentinformation
123	Can delete Payment Information	31	delete_paymentinformation
124	Can view Payment Information	31	view_paymentinformation
125	Can add crontab	32	add_crontabschedule
126	Can change crontab	32	change_crontabschedule
127	Can delete crontab	32	delete_crontabschedule
128	Can view crontab	32	view_crontabschedule
129	Can add interval	33	add_intervalschedule
130	Can change interval	33	change_intervalschedule
131	Can delete interval	33	delete_intervalschedule
132	Can view interval	33	view_intervalschedule
133	Can add periodic task	34	add_periodictask
134	Can change periodic task	34	change_periodictask
135	Can delete periodic task	34	delete_periodictask
136	Can view periodic task	34	view_periodictask
137	Can add periodic tasks	35	add_periodictasks
138	Can change periodic tasks	35	change_periodictasks
139	Can delete periodic tasks	35	delete_periodictasks
140	Can view periodic tasks	35	view_periodictasks
141	Can add solar event	36	add_solarschedule
142	Can change solar event	36	change_solarschedule
143	Can delete solar event	36	delete_solarschedule
144	Can view solar event	36	view_solarschedule
145	Can add clocked	37	add_clockedschedule
146	Can change clocked	37	change_clockedschedule
147	Can delete clocked	37	delete_clockedschedule
148	Can view clocked	37	view_clockedschedule
149	Can add task result	38	add_taskresult
150	Can change task result	38	change_taskresult
151	Can delete task result	38	delete_taskresult
152	Can view task result	38	view_taskresult
153	Can add chord counter	39	add_chordcounter
154	Can change chord counter	39	change_chordcounter
155	Can delete chord counter	39	delete_chordcounter
156	Can view chord counter	39	view_chordcounter
157	Can add group result	40	add_groupresult
158	Can change group result	40	change_groupresult
159	Can delete group result	40	delete_groupresult
160	Can view group result	40	view_groupresult
161	Can add Subscription Order	41	add_subscriptionorder
162	Can change Subscription Order	41	change_subscriptionorder
163	Can delete Subscription Order	41	delete_subscriptionorder
164	Can view Subscription Order	41	view_subscriptionorder
165	Can add business location	42	add_businesslocation
166	Can change business location	42	change_businesslocation
167	Can delete business location	42	delete_businesslocation
168	Can view business location	42	view_businesslocation
169	Can add business address	43	add_businessaddress
170	Can change business address	43	change_businessaddress
171	Can delete business address	43	delete_businessaddress
172	Can view business address	43	view_businessaddress
173	Can add Event Organisor	44	add_eventorganisor
174	Can change Event Organisor	44	change_eventorganisor
175	Can delete Event Organisor	44	delete_eventorganisor
176	Can view Event Organisor	44	view_eventorganisor
177	Can add About Company	45	add_aboutcompany
178	Can change About Company	45	change_aboutcompany
179	Can delete About Company	45	delete_aboutcompany
180	Can view About Company	45	view_aboutcompany
181	Can add coupon	46	add_coupon
182	Can change coupon	46	change_coupon
183	Can delete coupon	46	delete_coupon
184	Can view coupon	46	view_coupon
185	Can add Campaign Review	47	add_campaignreview
186	Can change Campaign Review	47	change_campaignreview
187	Can delete Campaign Review	47	delete_campaignreview
188	Can view Campaign Review	47	view_campaignreview
189	Can add campaign content	48	add_campaigncontent
190	Can change campaign content	48	change_campaigncontent
191	Can delete campaign content	48	delete_campaigncontent
192	Can view campaign content	48	view_campaigncontent
193	Can add Ecent Review	49	add_eventreview
194	Can change Ecent Review	49	change_eventreview
195	Can delete Ecent Review	49	delete_eventreview
196	Can view Ecent Review	49	view_eventreview
197	Can add event content	50	add_eventcontent
198	Can change event content	50	change_eventcontent
199	Can delete event content	50	delete_eventcontent
200	Can view event content	50	view_eventcontent
201	Can add Accreditation	51	add_accreditation
202	Can change Accreditation	51	change_accreditation
203	Can delete Accreditation	51	delete_accreditation
204	Can view Accreditation	51	view_accreditation
205	Can add Review	52	add_review
206	Can change Review	52	change_review
207	Can delete Review	52	delete_review
208	Can view Review	52	view_review
209	Can add Sponsor	53	add_sponsor
210	Can change Sponsor	53	change_sponsor
211	Can delete Sponsor	53	delete_sponsor
212	Can view Sponsor	53	view_sponsor
213	Can add Qoutation Request	54	add_requestservice
214	Can change Qoutation Request	54	change_requestservice
215	Can delete Qoutation Request	54	delete_requestservice
216	Can view Qoutation Request	54	view_requestservice
217	Can add Listing Order	55	add_listingorder
218	Can change Listing Order	55	change_listingorder
219	Can delete Listing Order	55	delete_listingorder
220	Can view Listing Order	55	view_listingorder
221	Can add Theme	56	add_theme
222	Can change Theme	56	change_theme
223	Can delete Theme	56	delete_theme
224	Can view Theme	56	view_theme
\.


--
-- Data for Name: bbgi_home_accreditation; Type: TABLE DATA; Schema: public; Owner: thomas
--

COPY public.bbgi_home_accreditation (id, created, updated, logo, accreditation) FROM stdin;
\.


--
-- Data for Name: bbgi_home_blog; Type: TABLE DATA; Schema: public; Owner: thomas
--

COPY public.bbgi_home_blog (id, created, updated, image, title, description, slug, content, author_id, category_id) FROM stdin;
68b33542-affb-490d-90ae-364e356db324	2024-08-06 20:07:17.551628+00	2024-12-23 00:46:10.309388+00	post/20c1770be9914d518c562b1f73f81e36.jpg	Black Business Growth Initiative Calls for Unity, Heritage	<h3><em><strong><span style="font-size: 14pt;">Themed: &ldquo;Black Business Growth Initiative Celeb	black-business-growth-initiative-calls-for-unity-heritage	<h3><em><strong><span style="font-size: 14pt;">Themed: &ldquo;Black Business Growth Initiative Celebrating our Heritage, Carrying it into the Future, Building Legacies</span></strong></em></h3>\r\n<p>&nbsp;</p>\r\n<p><span style="font-size: 12pt; color: #7e8c8d;">The event takes place next Wednesday, (20 September 2023), at the Personal Trust House in Rondebosch, Cape Town. The BBGI reflects itself as a community of like-minded people united for the growth of Black African businesses and careers. The BBGI is going to discuss the importance of the female voice in black matters; the truths and myths around Women&rsquo;s Day celebrations in South Africa; celebrating Black women with the support and buy-in of Black men.</span></p>\r\n<p>&nbsp;</p>\r\n<p><span style="color: #7e8c8d;">Black Business Growth Initiative celebrates our beautiful and diverse heritage. We carry our heritage into our very bright future.&nbsp;</span></p>\r\n<p>&nbsp;</p>\r\n<p><span style="color: #7e8c8d;">&ldquo;Through our individual heritage, we shall collectively build legacies for our nation.&rdquo;</span></p>\r\n<p>&nbsp;</p>\r\n<p><span style="color: #7e8c8d;">The BBGI asks several questions:</span></p>\r\n<p>&nbsp;</p>\r\n<ul style="list-style-type: circle;">\r\n<li><span style="color: #7e8c8d;">What aspects of your heritage do you want to take into the future to change the lives of your family and community?</span></li>\r\n<li><span style="color: #7e8c8d;">What baton was handed over to you, that you want to pass on to the next generation?</span></li>\r\n<li><span style="color: #7e8c8d;">Is your vision crystal clear and what tools do you have to chisel at this legacy every day?</span></li>\r\n</ul>\r\n<p>&nbsp;</p>\r\n<p><span style="color: #7e8c8d;">Organisers are reaching out to the Black business community saying: &ldquo;Come join Black Business Growth Initiative, as we sit around the proverbial fire and discuss our heritage with an esteemed panel of experts.&rdquo;</span></p>	1	a05af2ea-1fcd-43be-bd35-3f996f75b6df
5ad109aa-054a-42bc-a1a7-90e1c3b80559	2024-08-06 20:10:14.530108+00	2024-12-23 00:47:09.295595+00	post/c4c0719a74624ee2ab0a971a4537ce7d.png	One hand can feed another”…a look at the phenomenon	<p><iframe style="width: 876px; height: 491px;" src="https://www.youtube.com/embed/GoMqGk2hIV4?featu	one-hand-can-feed-anothera-look-at-the-phenomenon	<p><iframe style="width: 876px; height: 491px;" src="https://www.youtube.com/embed/GoMqGk2hIV4?feature=youtu" width="876" height="491" allowfullscreen="allowfullscreen"></iframe></p>	1	a05af2ea-1fcd-43be-bd35-3f996f75b6df
20930ddb-6b40-4c6c-91ee-24df037c912c	2024-10-19 10:51:31.414227+00	2024-12-23 00:48:04.143825+00	post/5d29649c267b42fd9b7ef8fb67d6b3d3.png	Entrepreneur Lessons: When marketing outruns service delivery readiness	On our website we encourage our community members to give ratings after receiving products or services for the businesses on our platform.	entrepreneur-lessons-when-marketing-outruns-service-delivery-readiness	<ul>\r\n<li>On our website we encourage our community members to give ratings after receiving products or services for the businesses on our platform.</li>\r\n</ul>\r\n<p>&nbsp;</p>\r\n<p>It is encouraging to see that the reviews are largely positive.&nbsp;</p>\r\n<p>We celebrate those.</p>\r\n<p>&nbsp;</p>\r\n<p>We have found that for those few where the feedback is not good, the root cause is oftentimes that the business owners get more business than they are ready for.&nbsp;</p>\r\n<p>&nbsp;</p>\r\n<p>This is a critical matter for us to look into as business owners.</p>\r\n<p>The temptation is that we want as much business as possible. Sometimes, our marketing and sales are so good that we get more business than we can handle.&nbsp;</p>\r\n<p>&nbsp;</p>\r\n<p>In these times, we need to be able to be honest with our clients and tell them what we can deliver realistically.</p>\r\n<p>We should avoid over-promising.</p>\r\n<p>&nbsp;</p>\r\n<p>The positive experience of clients is a powerful marketing tool.</p>\r\n<p>The negative experience of clients is a dangerous thing that causes reputational damage and loses trust in your business brand and in you as a person.</p>\r\n<p>&nbsp;</p>\r\n<p>The lesson, ask for help and be honest if you cannot deliver on expectations.</p>\r\n<p>&nbsp;</p>\r\n<p>It means much more because - building trust is critical for sustainable business success.</p>\r\n<p>&nbsp;</p>\r\n<p>Sazi Ndwandwa CA (SA)</p>\r\n<p>MPhil (Leadership Coaching)</p>\r\n<p>&nbsp;</p>\r\n<p>About the Author</p>\r\n<p>Sazi Ndwandwa is a business and leadership coach.</p>\r\n<p>He is the CEO of GoldOurs (Pty) Ltd which helps companies and individuals to grow sustainably through three main service categories:</p>\r\n<p>- Direction and strategy</p>\r\n<p>- Talent management, leadership development, and training</p>\r\n<p>- Systems and processes including internal audit, accounting &amp; tax, and internal processes design &amp; reviews.</p>\r\n<p>&nbsp;</p>	2	caee35c6-b0b9-4f1c-a4ed-d103955c72dc
18fa37ee-d640-4c68-9cab-327358fe433e	2025-12-03 21:00:36.512987+00	2025-12-03 21:03:19.115316+00	post/ff5e9beac4fb4ee9bf7eb85556ca3280.png	Alakhe Group Holdings: Building Sustainable Solutions for South Africa’s Future	In today’s rapidly changing economic landscape, South African businesses need more than just vision — they need partners who bring innovation, efficiency	alakhe-group-holdings-building-sustainable-solutions-for-south-africas-future-1	<p>In today&rsquo;s rapidly changing economic landscape, South African businesses need more than just vision &mdash; they need partners who bring innovation, efficiency, and long-term sustainability. <strong>Alakhe Group Holdings</strong> has emerged as one of the most searched and fast-growing Black-owned enterprises in South Africa, and for good reason. Their commitment to excellence, community upliftment, and innovative service delivery is positioning them as a leader in multiple sectors.</p>\r\n<p>As part of BBGI&rsquo;s mission to spotlight high-performing Black-owned businesses, we&rsquo;re proud to feature <strong>Alakhe Group Holdings</strong> as a business making a meaningful impact in the country.</p>\r\n<p>&nbsp;</p>\r\n<h2><strong>Who Is Alakhe Group Holdings?</strong></h2>\r\n<p>Alakhe Group Holdings is a dynamic South African company offering a range of professional services designed to help businesses operate more efficiently and achieve sustainable growth. Backed by strong leadership and a passion for development, the company focuses on delivering real value to clients across both the public and private sectors.</p>\r\n<p>Their operations are rooted in:</p>\r\n<ul>\r\n<li>\r\n<p><strong>Professional excellence</strong></p>\r\n</li>\r\n<li>\r\n<p><strong>Reliable service delivery</strong></p>\r\n</li>\r\n<li>\r\n<p><strong>Innovation-driven solutions</strong></p>\r\n</li>\r\n<li>\r\n<p><strong>Transformational economic participation</strong></p>\r\n</li>\r\n<li>&nbsp;</li>\r\n</ul>\r\n<h2><strong>Key Services Offered by Alakhe Group Holdings</strong></h2>\r\n<p>&nbsp;</p>\r\n<h3><strong>1. Business Consulting &amp; Advisory</strong></h3>\r\n<p>The company provides strategic consulting services that help organisations improve performance, streamline operations, and unlock growth opportunities. Their advisory solutions are tailored to the unique needs of each business, ensuring measurable progress.</p>\r\n<p>&nbsp;</p>\r\n<h3><strong>2. Project &amp; Facilities Management</strong></h3>\r\n<p>Alakhe Group Holdings supports both small and large organisations with full project lifecycle management, from planning to execution. Their emphasis on efficiency and quality ensures that every project delivers long-lasting value.</p>\r\n<p>&nbsp;</p>\r\n<h3><strong>3. Construction &amp; Infrastructure Solutions</strong></h3>\r\n<p>From construction support to infrastructure-related services, the company is committed to building safe, modern, and reliable spaces that support economic development and community upliftment.</p>\r\n<p>&nbsp;</p>\r\n<h3><strong>4. Skills Development &amp; Training</strong></h3>\r\n<p>Understanding the importance of ongoing learning, the group offers skills programmes aimed at empowering individuals and improving workplace productivity. These programmes align with South Africa&rsquo;s long-term goals for inclusive growth.</p>\r\n<p>&nbsp;</p>\r\n<h2><strong>What Sets Alakhe Group Holdings Apart?</strong></h2>\r\n<p>&nbsp;</p>\r\n<h3>⭐ <strong>A Commitment to Empowerment</strong></h3>\r\n<p>As a proudly Black-owned enterprise, Alakhe Group Holdings plays an important role in advancing economic inclusion. Their business model is rooted in creating opportunities and uplifting local communities.</p>\r\n<p>&nbsp;</p>\r\n<h3>⭐ <strong>High Demand and Growing Visibility</strong></h3>\r\n<p>According to BBGI website analytics, <strong>&ldquo;Alakhe Group Holdings&rdquo; is currently among the most searched business names</strong>, showing strong public interest and trust in the brand. Their rapid rise in visibility demonstrates their growing reputation and influence in the market.</p>\r\n<p>&nbsp;</p>\r\n<h3>⭐ <strong>Integrity and Professionalism</strong></h3>\r\n<p>The company operates with transparency and accountability &mdash; two qualities that consistently attract both new and returning clients.</p>\r\n<p>&nbsp;</p>\r\n<h2><strong>Why BBGI Is Featuring Alakhe Group Holdings?</strong></h2>\r\n<p>&nbsp;</p>\r\n<p>At BBGI, we celebrate Black-owned businesses that are paving the way for excellence, empowerment, and economic transformation. Alakhe Group Holdings embodies these values through their service quality, leadership, and community-focused approach.</p>\r\n<p>This feature serves as both recognition of their growing impact and an invitation for South Africans to engage with and support their work.</p>\r\n<p>&nbsp;</p>\r\n<h2><strong>How to Connect With Alakhe Group Holdings?</strong></h2>\r\n<p>&nbsp;</p>\r\n<p>To learn more about their services, offerings, and latest projects, visit:</p>\r\n<p>👉 <strong><a href="http://www.alakhegroup.co.za/">www.alakhegroup.co.za</a></strong><br />👉 Connect through BBGI&rsquo;s business directory: <strong>bbgi.co.za</strong></p>\r\n<p>Supporting a Black-owned business today helps build the future we want to see tomorrow.</p>\r\n<p>&nbsp;</p>	1	f4736bc4-bcb1-4576-9b6d-547e5e93a2c9
\.


--
-- Data for Name: bbgi_home_blogcategory; Type: TABLE DATA; Schema: public; Owner: thomas
--

COPY public.bbgi_home_blogcategory (id, created, updated, thumbnail, slug, label) FROM stdin;
a05af2ea-1fcd-43be-bd35-3f996f75b6df	2024-08-06 20:05:14.885051+00	2024-08-06 20:05:14.885081+00	category/Other.png	other	Other
c45adf01-f038-4c07-bad3-dd31183cb8b3	2024-08-06 20:05:27.309594+00	2024-08-06 20:05:27.309613+00	category/Medical-removebg-preview.png	medical	Medical
70cac03b-717c-4743-b612-fb3e4ce743a6	2024-08-06 20:05:42.520879+00	2024-08-06 20:05:42.520899+00	category/Financial-removebg-preview.png	financial-insurance-services	Financial & Insurance Services
caee35c6-b0b9-4f1c-a4ed-d103955c72dc	2024-08-20 12:50:20.933039+00	2024-08-20 12:50:20.933059+00		business	Business
bffa3aba-2e71-4a45-a66d-02ddfa2d7b04	2024-08-20 12:51:16.631977+00	2024-08-20 12:51:16.632035+00		product-launches	Product launches
cbc243ff-6667-4a37-86ca-6ac0e06ee9e3	2024-08-20 12:51:28.942413+00	2024-08-20 12:51:28.94244+00		networking-events	Networking events
f047fff4-5d62-40f6-a0ce-ac6430823308	2024-08-20 12:51:39.030365+00	2024-08-20 12:51:39.030383+00		festivals	Festivals
b2f05b76-a288-4017-8d98-63cf3db42a52	2024-08-20 12:51:55.147902+00	2024-08-20 12:51:55.147932+00		convention	Convention
84a0849e-c9da-40af-8098-df713cd527cc	2024-09-25 02:14:03.392785+00	2024-09-25 02:14:03.392813+00		market-day	Market Day
f4736bc4-bcb1-4576-9b6d-547e5e93a2c9	2025-12-03 20:21:31.802374+00	2025-12-03 20:21:31.802395+00		company-success	Company success
\.


--
-- Data for Name: bbgi_home_comment; Type: TABLE DATA; Schema: public; Owner: thomas
--

COPY public.bbgi_home_comment (id, created, updated, comment, commenter_id, post_id) FROM stdin;
cd31acd5-f64c-4c42-ba5e-8a01649f37a3	2024-08-14 21:31:47.759179+00	2024-08-14 21:31:47.759206+00	Nice Article	1	68b33542-affb-490d-90ae-364e356db324
\.


--
-- Data for Name: bbgi_home_emailmodel; Type: TABLE DATA; Schema: public; Owner: thomas
--

COPY public.bbgi_home_emailmodel (id, created, updated, subject, from_email, name, phone, message, task_id) FROM stdin;
\.


--
-- Data for Name: bbgi_home_faq; Type: TABLE DATA; Schema: public; Owner: thomas
--

COPY public.bbgi_home_faq (id, created, updated, question, answer) FROM stdin;
\.


--
-- Data for Name: bbgi_home_member; Type: TABLE DATA; Schema: public; Owner: thomas
--

COPY public.bbgi_home_member (id, created, updated, image, full_names, slug, role, decription) FROM stdin;
8f6e04ab-b56a-4eeb-8e55-6b89ac85da99	2024-08-06 20:20:42.075831+00	2024-08-06 20:20:42.07586+00	home/images/team/Sazi-1-1024x922-1.jpg	Sazi Ndwandwa	sazi-ndwandwa	Managing Director	
6fdf7582-9230-4096-bfd0-32baa34bfca3	2024-10-19 11:16:34.039975+00	2024-10-19 11:16:34.039994+00	home/images/team/TSK_2427.jpg	Pabalelo Magoro	pabalelo-magoro	Team Manager	<p>Lelo is an accomplished professional working in the field of assurance and forensic auditing.</p>\r\n<p>&nbsp;</p>\r\n<p>Her passion for business, people, and transformation of lives has led her to contribute to the BBGI as our people manager.</p>\r\n<p>&nbsp;</p>\r\n<p>She recuits, co-ordinates, and clarifies roles &amp; expectations for our team.&nbsp;</p>
a0977244-1994-43c0-be4a-42c2ee85f3c1	2024-10-21 13:37:04.877547+00	2024-10-21 13:37:04.877566+00	home/images/team/Zolisa_Magadla_BBGI_2024_a.jpg	Zolisa	zolisa	Marketing & Events	<p>Zolisa leads the marketing and events team.</p>\r\n<p>&nbsp;</p>\r\n<p>His experience as an entrepreneur and events organiser makes him ideal for the role.&nbsp;</p>\r\n<p>&nbsp;</p>\r\n<p>His committment, boundless and positive energy, and his genuine care for people is an asset to the team and the BBGI community.</p>\r\n<p>&nbsp;</p>\r\n<p>Key Driver that connects him to the BBGI cause - we can be more. we can do more. If we support each other and unite.</p>
d3f00f62-7c6f-4638-9459-d8e9e6822322	2024-10-21 13:40:16.818966+00	2024-10-21 13:40:16.818987+00	home/images/team/Salathiso_Ndwandwa_bbgi_2024.jpg	Salathiso Ndwandwa	salathiso-ndwandwa	IT and website	<p>Salathiso has a wealth of experience in the development space.&nbsp;</p>\r\n<p>&nbsp;</p>\r\n<p>His main area of strength is ensuring a good user experience which makes his website architecture and design good to look at and simple to navigate.</p>\r\n<p>&nbsp;</p>\r\n<p>His pet hates are website downtime and slow processing.&nbsp;</p>\r\n<p>&nbsp;</p>\r\n<p>Key words that bring him to the BBGI community - Anything is possible. If we can think it and communicate it well, then we can make it happen.</p>
\.


--
-- Data for Name: bbgi_home_privacy; Type: TABLE DATA; Schema: public; Owner: thomas
--

COPY public.bbgi_home_privacy (id, created, updated, title, slug, description, content) FROM stdin;
\.


--
-- Data for Name: bbgi_home_review; Type: TABLE DATA; Schema: public; Owner: thomas
--

COPY public.bbgi_home_review (id, created, updated, logo, reviewer, review) FROM stdin;
\.


--
-- Data for Name: bbgi_home_sponsor; Type: TABLE DATA; Schema: public; Owner: thomas
--

COPY public.bbgi_home_sponsor (id, created, updated, logo, sponsor, decription) FROM stdin;
\.


--
-- Data for Name: campaigns_campaigncontent; Type: TABLE DATA; Schema: public; Owner: thomas
--

COPY public.campaigns_campaigncontent (id, created, updated, image, campaign_id) FROM stdin;
\.


--
-- Data for Name: campaigns_campaignmodel; Type: TABLE DATA; Schema: public; Owner: thomas
--

COPY public.campaigns_campaignmodel (id, created, updated, image, title, slug, details, target, current_amount, start_date, end_date, status, is_featured, category_id, organiser_id, alternative_phone, campaign_address, email, facebook, instagram, "linkedIn", map_coordinates, phone, small_description, twitter, website) FROM stdin;
b1b7231b-b20c-49bc-a9cb-219886644efc	2026-02-10 14:56:35.998361+00	2026-02-10 17:36:22.670423+00	campaign/97018a7bd9bf45c095677914749e5a84.jpg	BBGI Operational Costs Fundraising	bbgi-operational-costs-fundraising	<p>Dear BBGI community&nbsp;</p>\r\n<p>&nbsp;</p>\r\n<p>We offer you the opportunity to pledge your financial support to the BBGI community.</p>\r\n<p>&nbsp;</p>\r\n<p>We have running costs for arranging events and we have volunteers and youth who give of their time and skills for our benefit.</p>\r\n<p>&nbsp;</p>\r\n<p>Help us to honour this value and to keep BBGI strong and growing.</p>\r\n<p>&nbsp;</p>\r\n<p>Thank you</p>\r\n<p>&nbsp;</p>\r\n<p>The BBGI team</p>	500000.00	0.00	2026-02-10 14:53:40+00	2030-02-24 14:48:06+00	APPROVED	f	caee35c6-b0b9-4f1c-a4ed-d103955c72dc	2	+27792131566	Edison Way, Cape Town, WC, 7441, South Africa	info@bbgi.co.za	\N	\N	\N	-33.8815368,18.5207302	0215259188	This campaign is to give an opportunity for supporters of BBGI to lend their financial support so we may keep the BBGI community and activities alive \r\n\r\nThank you	\N	https://www.bbgi.co.za
\.


--
-- Data for Name: campaigns_campaignreview; Type: TABLE DATA; Schema: public; Owner: thomas
--

COPY public.campaigns_campaignreview (id, created, updated, rating_value, commenter_email, commenter_full_names, comment_title, comment, campaign_id, commenter_id) FROM stdin;
\.


--
-- Data for Name: campaigns_campaignupdatemodel; Type: TABLE DATA; Schema: public; Owner: thomas
--

COPY public.campaigns_campaignupdatemodel (id, updated, title, content, created, campaign_id) FROM stdin;
\.


--
-- Data for Name: campaigns_contributionmodel; Type: TABLE DATA; Schema: public; Owner: thomas
--

COPY public.campaigns_contributionmodel (id, created, updated, payment_method_type, payment_method_card_holder, payment_method_masked_card, payment_method_scheme, payment_date, order_number, checkout_id, amount, tip, total_amount, accepted_laws, message, paid, anonymous, receipt, campaign_id, contributor_id) FROM stdin;
\.


--
-- Data for Name: coupons_coupon; Type: TABLE DATA; Schema: public; Owner: thomas
--

COPY public.coupons_coupon (id, created, updated, discount, code, order_id, valid_from, valid_to, active, campaign_id, event_id) FROM stdin;
e1b8c534-eb27-4180-a07f-1956eacf9357	2026-02-10 17:39:01.322156+00	2026-02-10 18:45:53.647778+00	100.00	BBGIPARTNER2026	548364fc-0fa3-49bc-a643-e3c5e9a325e1	2026-02-10 18:50:46+00	2026-02-26 17:38:55+00	t	\N	ee429c8e-3824-4785-a891-20b322ee4e96
\.


--
-- Data for Name: django_admin_log; Type: TABLE DATA; Schema: public; Owner: thomas
--

COPY public.django_admin_log (id, action_time, object_id, object_repr, action_flag, change_message, content_type_id, user_id) FROM stdin;
1	2024-08-06 19:43:54.606783+00	1d4bcafc-fad9-4ab5-9dd3-2cf3f19ec4cf	Home, Building & Trade	1	[{"added": {}}]	17	1
2	2024-08-06 19:44:20.432138+00	66c6f357-c6fe-44cb-8d45-4957f590dbd1	Transport	1	[{"added": {}}]	17	1
3	2024-08-06 19:45:09.292351+00	c9cc596a-f618-4659-936e-3cb5bd0ab891	Marketing, Business, And Legal	1	[{"added": {}}]	17	1
4	2024-08-06 19:45:43.377953+00	9e8f9ab4-a014-47c8-9e57-20e8321f05e5	IT, Computer & Technology	1	[{"added": {}}]	17	1
5	2024-08-06 19:46:07.407597+00	a50cd364-2852-469d-91fa-212255813489	Hotels and Accommodations	1	[{"added": {}}]	17	1
6	2024-08-06 19:46:25.783266+00	2135b159-3a9e-462e-a577-0905d0ba4950	Cars & Automotive	1	[{"added": {}}]	17	1
7	2024-08-06 19:46:42.988705+00	ed758709-d94f-4d61-8341-0ebbb42cc265	Financial & Insurance Services	1	[{"added": {}}]	17	1
8	2024-08-06 19:47:00.171172+00	5036d526-1ed8-42e6-a1e8-08da460951d5	Events & Entertainment	1	[{"added": {}}]	17	1
9	2024-08-06 19:47:16.949821+00	aa5acc39-5617-470b-86ae-7601bfdf6246	Security Systems & Protection	1	[{"added": {}}]	17	1
10	2024-08-06 19:47:57.726687+00	1d4bcafc-fad9-4ab5-9dd3-2cf3f19ec4cf	Home, Building & Trade	2	[{"changed": {"fields": ["Thumbnail"]}}]	17	1
11	2024-08-06 19:51:42.678419+00	300ddcb3-0f08-4164-b8e8-d76bcb165454	Education, Training, Lessons	1	[{"added": {}}]	17	1
12	2024-08-06 19:53:16.153223+00	83f25dd3-d96a-4499-9b1a-89e9e36180c0	Medical	1	[{"added": {}}]	17	1
13	2024-08-06 19:54:13.791804+00	7be40832-d6c4-4e59-988f-e5fa6cb491fd	Business Listing Premium	1	[{"added": {}}]	7	1
14	2024-08-06 20:05:14.888301+00	a05af2ea-1fcd-43be-bd35-3f996f75b6df	Other	1	[{"added": {}}]	10	1
15	2024-08-06 20:05:27.312132+00	c45adf01-f038-4c07-bad3-dd31183cb8b3	Medical	1	[{"added": {}}]	10	1
16	2024-08-06 20:05:42.522391+00	70cac03b-717c-4743-b612-fb3e4ce743a6	Financial & Insurance Services	1	[{"added": {}}]	10	1
17	2024-08-06 20:49:52.177698+00	2	sazi.ndwandwa	2	[{"changed": {"fields": ["Staff status"]}}]	6	1
18	2024-08-06 21:04:20.511659+00	4e41552b-fa41-4956-b1df-81ea86dc86f8	GoldOurs Organisational Growth Consultants	2	[{"changed": {"fields": ["Status"]}}]	16	1
19	2024-08-06 21:04:30.077619+00	328c19b3-656f-4183-b103-97a96b0f7cff	WeDoDev (Pty) Ltd	2	[{"changed": {"fields": ["Status"]}}]	16	1
20	2024-08-11 17:05:11.006563+00	1	admin_thomas	2	[{"changed": {"fields": ["Is technical"]}}]	6	1
21	2024-08-11 18:05:59.397696+00	1	Thomas Gumede	2	[{"changed": {"fields": ["Subscription"]}}]	6	1
22	2024-08-11 19:03:25.636468+00	b6995587-6fa3-448c-82d4-4285de74502a	SubscriptionOrder object (b6995587-6fa3-448c-82d4-4285de74502a)	3		41	1
23	2024-08-14 18:18:22.92746+00	4e41552b-fa41-4956-b1df-81ea86dc86f8	GoldOurs Organisational Growth Consultants	2	[{"changed": {"fields": ["Main address", "Province"]}}]	16	1
24	2024-08-15 15:13:57.961512+00	4e41552b-fa41-4956-b1df-81ea86dc86f8	GoldOurs Organisational Growth Consultants	2	[{"changed": {"fields": ["Logo"]}}]	16	1
25	2024-08-16 09:44:17.482798+00	4e41552b-fa41-4956-b1df-81ea86dc86f8	GoldOurs Organisational Growth Consultants	2	[{"changed": {"fields": ["Background image"]}}]	16	1
26	2024-08-16 09:44:22.155244+00	4e41552b-fa41-4956-b1df-81ea86dc86f8	GoldOurs Organisational Growth Consultants	2	[{"changed": {"fields": ["Is completed"]}}]	16	1
27	2024-08-16 09:47:18.1916+00	4e41552b-fa41-4956-b1df-81ea86dc86f8	GoldOurs Organisational Growth Consultants	2	[{"changed": {"fields": ["Logo"]}}]	16	1
28	2024-08-20 12:50:20.934162+00	caee35c6-b0b9-4f1c-a4ed-d103955c72dc	Business	1	[{"added": {}}]	10	1
29	2024-08-20 12:51:16.633123+00	bffa3aba-2e71-4a45-a66d-02ddfa2d7b04	Product launches	1	[{"added": {}}]	10	1
30	2024-08-20 12:51:28.943442+00	cbc243ff-6667-4a37-86ca-6ac0e06ee9e3	Networking events	1	[{"added": {}}]	10	1
31	2024-08-20 12:51:39.031362+00	f047fff4-5d62-40f6-a0ce-ac6430823308	Festivals	1	[{"added": {}}]	10	1
32	2024-08-20 12:51:55.148989+00	b2f05b76-a288-4017-8d98-63cf3db42a52	Convention	1	[{"added": {}}]	10	1
33	2024-08-22 14:21:37.756414+00	1	Thomas Gumede	2	[{"changed": {"fields": ["Subscription", "Is paid"]}}]	6	1
34	2024-08-22 14:24:24.383717+00	f5d6a2db-5418-4dc0-b760-91c1b0a79c26	SubscriptionOrder object (f5d6a2db-5418-4dc0-b760-91c1b0a79c26)	3		41	1
35	2024-08-22 16:52:49.685553+00	c430d87e-ccbe-4652-9beb-1ae76e301745	BBGI202487	3		26	1
36	2024-08-22 16:52:49.691356+00	b6196ccc-39b0-4511-86ca-0c23be1eff92	BBGI202482	3		26	1
37	2024-08-22 16:52:49.694673+00	b5b9da40-00c4-4bcb-8ae8-209ce28e1ac0	BBGI202486	3		26	1
38	2024-08-22 16:52:49.697783+00	8f2d92b9-698c-4bc7-a6b0-ac523e967b4d	BBGI2024810	3		26	1
39	2024-08-22 16:52:49.701504+00	5de81d93-8f18-4abd-b7c1-0037f73c619b	BBGI202484	3		26	1
40	2024-08-22 16:52:49.70691+00	3dbe38c7-e1ef-45d4-b4b5-a902a357eb0e	BBGI202485	3		26	1
41	2024-08-22 16:52:49.711067+00	21fffb22-ae79-4bf1-b487-e763ec04dca1	BBGI202483	3		26	1
42	2024-08-22 16:52:49.714618+00	1e4263eb-4ff9-49e1-a270-2bbaea9c46b4	BBGI20248	3		26	1
43	2024-08-22 16:52:49.721394+00	16d4c9ec-0012-4bc9-8fe3-d4f2df7766a4	BBGI202481	3		26	1
44	2024-08-22 16:52:49.724901+00	0ec7c7ea-c1fd-43c3-8ee9-9ea3a3a42e63	BBGI202488	3		26	1
45	2024-08-22 16:52:49.729356+00	0badbf00-e496-49fc-9a42-2cb0ad561617	BBGI202489	3		26	1
46	2024-08-22 17:47:57.812085+00	fe5c155b-51e7-4e0b-910c-8b5e5dec704d	BBGI202481	3		26	1
47	2024-08-22 17:47:57.822597+00	d5bbbfe8-cb2d-47fd-b64a-ce9e7c9f9d14	BBGI202486	3		26	1
48	2024-08-22 17:47:57.831347+00	aaf0bb0a-43f2-40e1-b41d-013542b4b5a0	BBGI202482	3		26	1
49	2024-08-22 17:47:57.835135+00	7f282b7a-5bc1-427b-8c93-0eac55f89a01	BBGI202483	3		26	1
50	2024-08-22 17:47:57.842395+00	63b03c2c-4bff-43a8-ae63-e04070d3b4d5	BBGI202484	3		26	1
51	2024-08-22 17:47:57.847748+00	5fd277b7-35ed-4e25-9ea0-4e7c28678d14	BBGI202488	3		26	1
52	2024-08-22 17:47:57.852974+00	5155b294-7bbe-44de-af85-dab55a1c6c2c	BBGI202487	3		26	1
53	2024-08-22 17:47:57.856031+00	30df61e1-c087-4886-b458-7f9be6aec070	BBGI20248	3		26	1
54	2024-08-22 17:47:57.85929+00	2bacce43-1713-4e64-863c-c912b3e93617	BBGI202485	3		26	1
55	2024-08-22 18:01:21.041325+00	a1e1d96e-9fb0-41d8-9763-84a1746d50ac	BBGI Business Market	3		24	1
56	2024-08-22 20:44:05.704648+00	c3d7acf6-520b-4f0f-9f89-82ac0783c84e	BBGI Market Business	3		24	1
57	2024-08-22 21:04:41.661672+00	7be40832-d6c4-4e59-988f-e5fa6cb491fd	Business Listing Premium	2	[{"changed": {"fields": ["Amount"]}}]	7	1
58	2024-08-22 21:04:51.733217+00	7be40832-d6c4-4e59-988f-e5fa6cb491fd	Business Listing Premium	2	[{"changed": {"fields": ["Max businesses", "Max services per business", "Max products per business"]}}]	7	1
59	2024-08-23 16:45:51.925957+00	1	Thomas Gumede	2	[{"changed": {"fields": ["Subscription", "Is paid"]}}]	6	1
60	2024-08-23 16:46:43.667863+00	6c89fd9f-ca69-4443-b896-a198b41c2b61	SubscriptionOrder object (6c89fd9f-ca69-4443-b896-a198b41c2b61)	3		41	1
370	2025-08-22 02:32:49.356665+00	107	Mr S Zixesha	3		6	2
61	2024-08-25 14:12:22.216704+00	fdaf45ed-dde8-4fb4-9eca-e3a8312f006b	BBGI2024813	3		26	1
62	2024-08-25 14:12:22.224623+00	e471aa16-1ab8-46e0-b20b-6c1aff5f7311	BBGI20248	3		26	1
63	2024-08-25 14:12:22.228495+00	e3984089-b95d-4054-8dc8-d0542340f338	BBGI2024811	3		26	1
64	2024-08-25 14:12:22.231884+00	d7009b54-0ff2-4c63-b327-a42604e076d7	BBGI202489	3		26	1
65	2024-08-25 14:12:22.235276+00	d1b04af4-aa85-4a56-87f2-b5c965859b89	BBGI202487	3		26	1
66	2024-08-25 14:12:22.238742+00	c35a454a-b555-47d8-adc1-b04f8de8e9e7	BBGI202484	3		26	1
67	2024-08-25 14:12:22.242424+00	a429321e-53e4-4038-9dd8-f0930f25291c	BBGI2024810	3		26	1
68	2024-08-25 14:12:22.246169+00	95248911-b176-47e1-b90b-5eb352ef0c34	BBGI2024812	3		26	1
69	2024-08-25 14:12:22.249693+00	60cd86eb-cdfa-4b31-a8fd-9d58bcd7e26d	BBGI202483	3		26	1
70	2024-08-25 14:12:22.253224+00	2800f192-347a-4826-8afc-d57b6d3661bd	BBGI202488	3		26	1
71	2024-08-25 14:12:22.256919+00	20a8d570-a4f2-44f2-99e5-a3c215f7a5f7	BBGI202482	3		26	1
72	2024-08-25 14:12:22.260596+00	15b2d8ae-57b5-40c0-a462-936b808f4645	BBGI202485	3		26	1
73	2024-08-25 14:12:22.264147+00	0de5bb84-428e-4d14-9b54-e1c0ecbfd970	BBGI202486	3		26	1
74	2024-09-11 20:47:28.658805+00	717eaa58-7419-4917-9484-b1a96225a062	BBGI Business Market Heritage	2	[{"changed": {"fields": ["Organiser"]}}]	24	1
75	2024-09-12 04:45:04.69521+00	4	Thomas Gumede	3		6	1
76	2024-09-12 04:45:04.702747+00	3	Thomas Gumede	3		6	1
77	2024-09-12 14:28:23.806282+00	0ba26c97-0c9f-4067-aea3-6067e9f19cfe	Ndwandwa Family Launch	3		21	1
78	2024-09-13 16:20:31.226168+00	1	Thomas Gumede	2	[{"changed": {"fields": ["Subscription", "Is paid"]}}]	6	1
79	2024-09-13 16:21:14.850494+00	f4e1c433-1194-46c7-bef0-c5749da8bcfc	SubscriptionOrder object (f4e1c433-1194-46c7-bef0-c5749da8bcfc)	3		41	1
80	2024-09-13 17:14:38.507542+00	2	Sazi Ndwandwa	2	[{"changed": {"fields": ["Superuser status"]}}]	6	1
81	2024-09-14 15:04:07.839301+00	bcf79b49-a57e-495a-9eee-86085e2a028e	BBGI	1	[{"added": {}}]	45	1
82	2024-09-17 07:30:06.014406+00	6	Aviwe Panya	2	[{"changed": {"fields": ["Title", "Subscription", "Is paid"]}}]	6	1
83	2024-09-18 17:59:52.530904+00	bd5225e4-6a49-44a4-b048-a549677e0fe1	BBGI202495	3		26	1
84	2024-09-18 17:59:52.536515+00	ba265ea4-9ab4-4b41-bde0-58e734ac74ec	BBGI202494	3		26	1
85	2024-09-18 17:59:52.541007+00	a3189e87-42c9-43e9-a927-161b9da499d3	BBGI202493	3		26	1
86	2024-09-18 17:59:52.544991+00	91ba89ca-c47b-4093-9d07-226456dfc687	BBGI202497	3		26	1
87	2024-09-18 17:59:52.553042+00	850deb1a-329d-4ff0-aa74-8c6fa7284c3e	BBGI202491	3		26	1
88	2024-09-18 17:59:52.556458+00	6cf5b4fb-15cb-4de1-942e-92dda8e4e592	BBGI202492	3		26	1
89	2024-09-18 18:34:13.280639+00	1	Thomas Gumede	2	[{"changed": {"fields": ["Subscription", "Is paid"]}}]	6	1
90	2024-09-18 18:34:41.604504+00	f847e8c0-2665-4e7f-93e6-245b7e43efd2	SubscriptionOrder object (f847e8c0-2665-4e7f-93e6-245b7e43efd2)	3		41	1
91	2024-09-18 18:35:23.661269+00	df571d42-01cb-416a-9b06-d57d42b8dc6e	BBGICP202492	2	[]	46	1
92	2024-09-18 19:02:54.384019+00	df571d42-01cb-416a-9b06-d57d42b8dc6e	BBGICP202492	3		46	1
93	2024-09-18 19:02:54.390899+00	d717dd22-3e08-48c2-80ec-36c6274993d4	BBGICP20249	3		46	1
94	2024-09-18 19:02:54.397841+00	d4ae36ac-9db6-4d95-bf9d-3c198866392e	BBGI202492	3		46	1
95	2024-09-18 19:02:54.402087+00	aa870d93-5767-4660-8cad-0cda69f70f21	BBGICP202496	3		46	1
96	2024-09-18 19:02:54.405359+00	a3a9ce65-a1e9-4ab0-9a99-7817eaa101b4	BBGICP202491	3		46	1
97	2024-09-18 19:02:54.408292+00	996b6b3f-e9e8-41f7-8a1d-a42665996642	BBGICP202493	3		46	1
98	2024-09-18 19:02:54.416884+00	93ed2d42-8e94-45e8-87ab-ec0cccc192ac	BBGI20249	3		46	1
99	2024-09-18 19:02:54.420862+00	81d986e0-eea2-4c18-9df3-174265dc1ca9	BBGICP202497	3		46	1
100	2024-09-18 19:02:54.424266+00	60517f31-5305-4eb1-8eef-6dc7e5c07f3c	BBGICP202494	3		46	1
101	2024-09-18 19:02:54.432588+00	35694418-7f52-4293-828d-f4a52f1c3cda	BBGICP202495	3		46	1
102	2024-09-18 19:03:23.479437+00	8b0c592f-2227-4751-b17a-94de819e58d5	BBGI2024HE17	1	[{"added": {}}]	46	1
103	2024-09-18 19:03:34.760695+00	ac28a440-1f9f-4223-b1a8-8ff660f1a2f4	SubscriptionOrder object (ac28a440-1f9f-4223-b1a8-8ff660f1a2f4)	3		41	1
104	2024-09-18 19:03:51.518795+00	1	Thomas Gumede	2	[{"changed": {"fields": ["Subscription", "Is paid"]}}]	6	1
105	2024-09-18 19:12:07.429497+00	798f736f-faed-4c8c-9db2-872f3cdd5caa	SubscriptionOrder object (798f736f-faed-4c8c-9db2-872f3cdd5caa)	2	[{"changed": {"fields": ["Payment status"]}}]	41	1
106	2024-09-18 19:12:24.972288+00	1	Thomas Gumede	2	[{"changed": {"fields": ["Subscription", "Is paid"]}}]	6	1
107	2024-09-18 19:39:48.552774+00	8b0c592f-2227-4751-b17a-94de819e58d5	BBGI2024HE17	2	[{"changed": {"fields": ["Active"]}}]	46	1
108	2024-09-18 19:39:59.548582+00	8b0c592f-2227-4751-b17a-94de819e58d5	BBGI2024HE17	2	[{"changed": {"fields": ["Order id"]}}]	46	1
109	2024-09-18 21:45:24.424425+00	6933ed46-acc8-4abf-936d-73af4100532c	Aviwe band	2	[{"changed": {"fields": ["Province", "Status", "Is completed"]}}]	16	1
110	2024-09-18 21:48:26.367729+00	6933ed46-acc8-4abf-936d-73af4100532c	Aviwe band	2	[{"changed": {"fields": ["Background image"]}}]	16	1
111	2024-09-18 21:51:01.802127+00	03115bfa-f4ea-413a-8362-976a33f3ced2	BBGI20248	3		26	1
112	2024-09-18 21:51:01.806549+00	1f74d217-e99d-4e29-b733-8eaace1ef72b	BBGI202491	3		26	1
113	2024-09-18 21:51:01.809887+00	a9c76e4b-89ea-4cfd-9e93-a59454fa596b	BBGI202492	3		26	1
114	2024-09-18 21:51:23.944017+00	36169bf3-ac9f-438e-a183-bcc856cfd58c	BBGI202493	3		26	1
115	2024-09-19 06:55:49.319614+00	6933ed46-acc8-4abf-936d-73af4100532c	Aviwe band	2	[{"changed": {"fields": ["Background image"]}}]	16	1
116	2024-09-21 18:03:33.538914+00	9	Wandile Gumede	3		6	1
117	2024-09-24 00:24:24.390507+00	717eaa58-7419-4917-9484-b1a96225a062	BBGI Business Market Heritage	2	[{"changed": {"fields": ["Event startdate", "Event enddate"]}}]	24	1
118	2024-09-24 00:24:35.255791+00	717eaa58-7419-4917-9484-b1a96225a062	BBGI Business Market Heritage	2	[{"changed": {"fields": ["Status"]}}]	24	1
119	2024-09-24 00:25:22.098245+00	717eaa58-7419-4917-9484-b1a96225a062	BBGI Business Market Heritage	2	[{"added": {"name": "event ticket type model", "object": "1 Adult + kids - R120(+ R3.60)"}}]	24	1
120	2024-09-24 09:23:26.472861+00	14	Wandile Gumede	3		6	1
121	2024-09-24 09:23:26.477361+00	13	Thomas Gumede	3		6	1
122	2024-09-24 09:34:48.088921+00	16	Thomas Gumede	3		6	1
123	2024-09-24 09:34:48.093059+00	15	Thomas Gumede	3		6	1
124	2024-09-25 02:14:03.397829+00	84a0849e-c9da-40af-8098-df713cd527cc	Market Day	1	[{"added": {}}]	10	2
125	2024-09-25 02:15:59.602229+00	012f8ad8-ea4a-4d21-9d9e-388b03a917fc	Clothing and Textiles	1	[{"added": {}}]	17	2
126	2024-09-25 02:16:13.628544+00	012f8ad8-ea4a-4d21-9d9e-388b03a917fc	Clothing & Textiles	2	[{"changed": {"fields": ["Label"]}}]	17	2
127	2024-09-25 02:16:52.856579+00	b35c3e66-2991-481d-8ebf-ee1815c5f0b4	Food & Other Consumables	1	[{"added": {}}]	17	2
128	2024-09-25 02:17:19.194721+00	300ddcb3-0f08-4164-b8e8-d76bcb165454	Education & Training	2	[{"changed": {"fields": ["Label"]}}]	17	2
129	2024-09-25 02:18:04.752653+00	c9cc596a-f618-4659-936e-3cb5bd0ab891	Professionals Services	2	[{"changed": {"fields": ["Label"]}}]	17	2
130	2024-09-25 02:18:29.468482+00	c9cc596a-f618-4659-936e-3cb5bd0ab891	Professionals Services for Businesses	2	[{"changed": {"fields": ["Label"]}}]	17	2
131	2024-09-25 02:18:56.722759+00	a50cd364-2852-469d-91fa-212255813489	Hotels & Accommodations	2	[{"changed": {"fields": ["Label"]}}]	17	2
132	2024-09-25 02:19:11.914748+00	83f25dd3-d96a-4499-9b1a-89e9e36180c0	Medical & Healthcare	2	[{"changed": {"fields": ["Label"]}}]	17	2
133	2024-09-25 02:19:38.221527+00	66c6f357-c6fe-44cb-8d45-4957f590dbd1	Transport & Courier	2	[{"changed": {"fields": ["Label"]}}]	17	2
134	2024-09-25 02:20:09.586293+00	1d4bcafc-fad9-4ab5-9dd3-2cf3f19ec4cf	Home, Building & Maintanance	2	[{"changed": {"fields": ["Label"]}}]	17	2
135	2024-09-25 02:20:44.477647+00	1d4bcafc-fad9-4ab5-9dd3-2cf3f19ec4cf	Building Construction & Maintanance	2	[{"changed": {"fields": ["Label"]}}]	17	2
136	2024-09-25 02:21:12.713723+00	0c07b980-2257-4aec-88e8-709fd1bdf07f	Professional Servives for Homes	1	[{"added": {}}]	17	2
137	2024-09-25 02:21:48.756474+00	a7f0657b-1b36-4d34-a5b7-86f72799245a	Beauty & Cosmetics	1	[{"added": {}}]	17	2
138	2024-09-25 02:21:57.394098+00	a7f0657b-1b36-4d34-a5b7-86f72799245a	Beauty & Cosmetics	2	[]	17	2
139	2024-09-25 02:22:27.833828+00	ccb4e41f-ee53-46a5-8546-a23454d5a181	Energy & Fuel	1	[{"added": {}}]	17	2
140	2024-09-25 05:25:09.588206+00	717eaa58-7419-4917-9484-b1a96225a062	BBGI Family Market Day - October 2024	2	[{"changed": {"name": "event ticket type model", "object": "1 Adult + kids - R120.00(+ R3.60)", "fields": ["Sale start", "Sale end"]}}]	24	1
141	2024-09-25 05:26:32.392763+00	717eaa58-7419-4917-9484-b1a96225a062	BBGI Family Market Day - October 2024	2	[]	24	1
142	2024-09-25 05:26:53.927084+00	717eaa58-7419-4917-9484-b1a96225a062	BBGI Family Market Day - October 2024	2	[]	24	1
143	2024-09-25 05:35:13.599598+00	717eaa58-7419-4917-9484-b1a96225a062	BBGI Family Market Day - October 2024	2	[{"changed": {"fields": ["Event enddate"]}}, {"changed": {"name": "event ticket type model", "object": "1 Adult + kids - R120.00(+ R3.60)", "fields": ["Sale start"]}}]	24	1
144	2024-09-25 05:35:43.382418+00	717eaa58-7419-4917-9484-b1a96225a062	BBGI Family Market Day - October 2024	2	[{"changed": {"fields": ["Event enddate"]}}]	24	1
145	2024-09-25 05:36:09.295949+00	717eaa58-7419-4917-9484-b1a96225a062	BBGI Family Market Day - October 2024	2	[{"changed": {"fields": ["Event enddate"]}}]	24	1
146	2024-09-25 08:46:28.250454+00	717eaa58-7419-4917-9484-b1a96225a062	BBGI Family Market Day - October 2024	2	[{"changed": {"fields": ["Event enddate"]}}, {"changed": {"name": "event ticket type model", "object": "1 Adult + kids - R120.00(+ R3.60)", "fields": ["Available seats", "Sale start", "Sale end"]}}]	24	2
147	2024-09-26 10:34:10.656818+00	81fbce18-bd33-4984-8dde-d0803b863af4	Celebrating Black Excellence in our midst	2	[{"changed": {"name": "event ticket type model", "object": "Individual Ticket - R210.00(+ R6.30)", "fields": ["Sale start"]}}]	24	1
148	2024-09-27 05:44:31.311933+00	bcf79b49-a57e-495a-9eee-86085e2a028e	BBGI	2	[{"changed": {"fields": ["Phone", "Slogan", "Small description"]}}]	45	2
149	2024-09-27 06:17:27.808104+00	7be40832-d6c4-4e59-988f-e5fa6cb491fd	Business Listing Premium	2	[{"changed": {"fields": ["Max businesses"]}}]	7	2
150	2024-10-02 16:21:30.602581+00	7be40832-d6c4-4e59-988f-e5fa6cb491fd	Business Listing Premium	2	[{"changed": {"fields": ["Amount"]}}]	7	2
151	2024-10-02 16:29:53.434708+00	61172fce-f7cb-4196-9f80-2108a0b7ae6a	SubscriptionOrder object (61172fce-f7cb-4196-9f80-2108a0b7ae6a)	2	[{"changed": {"fields": ["Vat", "Total amount"]}}]	41	2
152	2024-10-02 16:30:09.496927+00	61172fce-f7cb-4196-9f80-2108a0b7ae6a	SubscriptionOrder object (61172fce-f7cb-4196-9f80-2108a0b7ae6a)	2	[{"changed": {"fields": ["Vat"]}}]	41	2
153	2024-10-02 16:30:21.768616+00	61172fce-f7cb-4196-9f80-2108a0b7ae6a	SubscriptionOrder object (61172fce-f7cb-4196-9f80-2108a0b7ae6a)	2	[]	41	2
154	2024-10-02 16:37:03.674512+00	7be40832-d6c4-4e59-988f-e5fa6cb491fd	Business Listing Premium	2	[{"changed": {"fields": ["Details"]}}]	7	2
155	2024-10-15 03:18:47.066547+00	be921b01-7838-446f-82cc-f9c243272859	SubscriptionOrder object (be921b01-7838-446f-82cc-f9c243272859)	3		41	2
156	2024-10-15 03:18:59.523065+00	6725a3ba-f6a2-481e-882a-858033c54cac	SubscriptionOrder object (6725a3ba-f6a2-481e-882a-858033c54cac)	3		41	2
157	2024-10-18 07:10:31.693347+00	26	Lunga Mamputa	2	[{"changed": {"fields": ["Title", "Is email activated"]}}]	6	2
158	2024-10-18 07:13:18.456255+00	26	Lunga Mamputa	2	[{"changed": {"fields": ["Active"]}}]	6	2
159	2024-10-19 05:34:00.72837+00	26	Lunga Mamputa	2	[{"changed": {"fields": ["Subscription"]}}]	6	1
160	2024-10-19 10:55:30.32623+00	be4f0d25-f2d4-4cbd-a274-b4f3d0348dc2	Bespwoke Clothing Design	2	[{"changed": {"fields": ["Province", "Status"]}}]	16	1
161	2024-10-20 00:21:39.064813+00	28	Asimol Ddd	3		6	1
162	2024-10-20 00:21:54.594008+00	1	Thomas Gumede	2	[{"changed": {"fields": ["Subscription", "Is paid"]}}]	6	1
163	2024-10-20 01:49:07.259661+00	1	Mr T Gumede	2	[{"changed": {"fields": ["Subscription", "Is paid"]}}]	6	1
164	2024-10-20 01:55:18.971931+00	fc74bb22-04d6-46b3-a6b2-bf7039d6495c	SubscriptionOrder object (fc74bb22-04d6-46b3-a6b2-bf7039d6495c)	3		41	1
165	2024-10-21 13:41:15.861758+00	915b2b21-4fcb-4460-8241-e6750d090971	Still	3		24	1
166	2024-10-22 00:49:24.62976+00	30	Thomas Gumede	3		6	1
167	2024-10-22 01:14:30.126863+00	31	Mr T Gumede	2	[{"changed": {"fields": ["Subscription"]}}]	6	1
168	2024-10-22 01:15:08.864591+00	31	Mr T Gumede	2	[{"changed": {"fields": ["Subscription"]}}]	6	1
169	2024-10-22 02:30:12.369047+00	31	Mr T Gumede	3		6	1
170	2024-10-22 10:20:40.162538+00	c664d58c-419f-45ee-9cfa-7363c0965883	SubscriptionOrder object (c664d58c-419f-45ee-9cfa-7363c0965883)	2	[{"changed": {"fields": ["Payment status"]}}]	41	1
171	2024-10-22 10:21:32.193214+00	24	Mr T Kamuto	2	[{"changed": {"fields": ["Subscription", "Is paid"]}}]	6	1
172	2024-10-22 13:58:59.302044+00	b2bbb504-05a0-44de-bc2e-20448c0ab8bc	Mamputa Holdings Pty	2	[{"changed": {"fields": ["Province", "Status"]}}]	16	1
173	2024-10-22 13:59:18.57468+00	573a757b-2233-4885-9a3c-41965af5b4cb	TSK International	2	[{"changed": {"fields": ["Province", "Status"]}}]	16	1
174	2024-10-22 20:30:31.684155+00	6933ed46-acc8-4abf-936d-73af4100532c	Aviwe band	2	[{"changed": {"fields": ["Background image", "Logo"]}}]	16	1
175	2024-10-22 20:37:01.774264+00	be4f0d25-f2d4-4cbd-a274-b4f3d0348dc2	Bespwoke Clothing Design	2	[{"changed": {"fields": ["Background image", "Logo"]}}]	16	1
176	2024-10-22 20:37:54.120556+00	4e41552b-fa41-4956-b1df-81ea86dc86f8	GoldOurs Organisational Growth Consultants	2	[{"changed": {"fields": ["Background image", "Logo"]}}]	16	1
177	2024-10-22 20:39:16.451431+00	4d985c09-41fe-46fe-8d96-489f4102268f	Sako Electricians	2	[{"changed": {"fields": ["Background image", "Logo", "Province", "Status"]}}]	16	1
178	2024-10-22 20:43:22.97016+00	ed758709-d94f-4d61-8341-0ebbb42cc265	Financial & Insurance Services	2	[{"changed": {"fields": ["Thumbnail"]}}]	17	1
179	2024-10-22 20:43:53.2949+00	c9cc596a-f618-4659-936e-3cb5bd0ab891	Professionals Services for Businesses	2	[{"changed": {"fields": ["Thumbnail"]}}]	17	1
180	2024-10-22 20:45:03.986298+00	aa5acc39-5617-470b-86ae-7601bfdf6246	Security Systems & Protection	2	[{"changed": {"fields": ["Thumbnail"]}}]	17	1
181	2024-10-22 20:45:43.514384+00	a50cd364-2852-469d-91fa-212255813489	Hotels & Accommodations	2	[{"changed": {"fields": ["Thumbnail"]}}]	17	1
182	2024-10-22 20:46:12.376957+00	9e8f9ab4-a014-47c8-9e57-20e8321f05e5	IT, Computer & Technology	2	[{"changed": {"fields": ["Thumbnail"]}}]	17	1
183	2024-10-22 20:46:48.007369+00	83f25dd3-d96a-4499-9b1a-89e9e36180c0	Medical & Healthcare	2	[{"changed": {"fields": ["Thumbnail"]}}]	17	1
184	2024-10-22 20:47:32.520575+00	66c6f357-c6fe-44cb-8d45-4957f590dbd1	Transport & Courier	2	[{"changed": {"fields": ["Thumbnail"]}}]	17	1
185	2024-10-22 20:48:14.729591+00	5036d526-1ed8-42e6-a1e8-08da460951d5	Events & Entertainment	2	[{"changed": {"fields": ["Thumbnail"]}}]	17	1
186	2024-10-22 20:48:35.391354+00	300ddcb3-0f08-4164-b8e8-d76bcb165454	Education & Training	2	[{"changed": {"fields": ["Thumbnail"]}}]	17	1
187	2024-10-22 20:49:08.023306+00	2135b159-3a9e-462e-a577-0905d0ba4950	Cars & Automotive	2	[{"changed": {"fields": ["Thumbnail"]}}]	17	1
188	2024-10-22 20:49:31.831432+00	1d4bcafc-fad9-4ab5-9dd3-2cf3f19ec4cf	Building Construction & Maintanance	2	[{"changed": {"fields": ["Thumbnail"]}}]	17	1
189	2024-10-22 20:49:50.936728+00	012f8ad8-ea4a-4d21-9d9e-388b03a917fc	Clothing & Textiles	2	[]	17	1
190	2024-10-22 20:49:51.040718+00	012f8ad8-ea4a-4d21-9d9e-388b03a917fc	Clothing & Textiles	2	[]	17	1
191	2024-10-22 20:52:00.707706+00	81fbce18-bd33-4984-8dde-d0803b863af4	Celebrating Black Excellence in our midst	2	[{"changed": {"fields": ["Image"]}}, {"changed": {"name": "event ticket type model", "object": "Individual Ticket - R210.00(+ R6.30)", "fields": ["Sale start"]}}]	24	1
192	2024-10-22 21:01:38.134364+00	68b33542-affb-490d-90ae-364e356db324	Black Business Growth Initiative Calls for Unity, Heritage	2	[{"changed": {"fields": ["Image"]}}]	9	1
193	2024-10-22 21:02:11.035009+00	5ad109aa-054a-42bc-a1a7-90e1c3b80559	One hand can feed another”…a look at the phenomenon	2	[{"changed": {"fields": ["Image"]}}]	9	1
194	2024-10-22 21:02:58.781161+00	20930ddb-6b40-4c6c-91ee-24df037c912c	Entrepreneur Lessons: When marketing outruns service delivery readiness	2	[{"changed": {"fields": ["Image", "Description"]}}]	9	1
195	2024-10-23 10:07:43.725888+00	9852824e-4f3c-44b5-a009-c0a7ddd0607f	Graphic Design	2	[{"changed": {"fields": ["Is popular"]}}]	28	1
196	2024-10-23 10:07:51.652874+00	425cb855-8915-40db-a916-9e8807d8d4f0	Electrical Maintanance	2	[{"changed": {"fields": ["Is popular"]}}]	28	1
197	2024-10-23 10:07:58.370899+00	8714e01e-75da-45ec-b5f4-80810acaf71c	Strategy Facilitation	2	[{"changed": {"fields": ["Is popular"]}}]	28	1
198	2024-10-27 17:45:14.767422+00	9cdbefb2-22f5-48aa-8b8c-ffcb15e70955	SubscriptionOrder object (9cdbefb2-22f5-48aa-8b8c-ffcb15e70955)	3		41	1
199	2024-10-27 17:45:14.79726+00	c664d58c-419f-45ee-9cfa-7363c0965883	SubscriptionOrder object (c664d58c-419f-45ee-9cfa-7363c0965883)	3		41	1
200	2024-10-27 17:45:14.801632+00	c4cdefcc-6d99-4fe1-b159-a66b3cdd61a0	SubscriptionOrder object (c4cdefcc-6d99-4fe1-b159-a66b3cdd61a0)	3		41	1
201	2024-10-27 17:45:53.828651+00	1	Mr T Gumede	2	[{"changed": {"fields": ["Subscription", "Is paid"]}}]	6	1
202	2024-11-06 07:46:40.006448+00	1d2ee013-c950-418b-8203-372c0dc6d29e	Mental Health and Business	2	[{"changed": {"fields": ["Status"]}}]	24	2
203	2024-11-06 07:48:39.897486+00	1d2ee013-c950-418b-8203-372c0dc6d29e	Mental Health and Business	2	[{"changed": {"name": "event ticket type model", "object": "1 Person - R200.00(+ R6.00)", "fields": ["Sale start", "Sale end", "Price", "Transaction cost", "Total price"]}}]	24	2
204	2024-11-07 01:24:50.590975+00	21fe8e18-a3dd-4837-91f5-028755dfae51	BBGI202410	3		26	1
205	2024-11-07 01:49:46.444457+00	1	Mr T Gumede	2	[{"changed": {"fields": ["Subscription", "Is paid"]}}]	6	1
206	2024-11-07 03:45:08.322982+00	b680aa60-8722-43da-b121-939f68ecc82e	BBGI2024115	3		26	1
207	2024-11-07 03:45:08.329741+00	adf63061-f6dc-4b39-b003-f9a9bd948c40	BBGI2024113	3		26	1
208	2024-11-07 03:45:08.333496+00	a16bb9cc-f025-4f3b-a6c7-a7664006d1ac	BBGI2024114	3		26	1
209	2024-11-07 03:45:08.337275+00	95657954-8d03-43b6-9aea-dfb7177f5df0	BBGI2024117	3		26	1
210	2024-11-07 03:45:08.340851+00	3ce410bb-d70a-4cec-988e-442f6d38f7bb	BBGI202411	3		26	1
211	2024-11-07 03:45:08.344476+00	3aadeae2-f69c-4de2-ab81-ee1a0f300deb	BBGI2024112	3		26	1
212	2024-11-07 03:46:52.8682+00	37	Ms A Goci	2	[{"changed": {"fields": ["Profile image", "Title"]}}]	6	1
213	2024-11-07 04:13:10.408363+00	1	Mr T Gumede	2	[{"changed": {"fields": ["Subscription", "Is paid"]}}]	6	1
214	2024-11-07 04:39:03.369908+00	ee853407-6153-4f1e-b696-1d52c47821fd	BBGI2024112	3		26	1
215	2024-11-07 04:39:03.375187+00	8c400b35-4c1e-4ce3-a678-db1d7aa53856	BBGI2024113	3		26	1
216	2024-11-07 04:44:49.221527+00	2	Mr S Ndwandwa	2	[{"changed": {"fields": ["Province", "Profile image"]}}]	6	1
217	2024-11-07 04:47:17.353743+00	797c5129-deda-4e4c-8342-0c83fd70b8a0	SubscriptionOrder object (797c5129-deda-4e4c-8342-0c83fd70b8a0)	3		41	1
218	2024-11-07 09:53:32.260542+00	c0212bed-5e0d-42e7-8f36-83d44e6a4fef	Ndwandwa Launch	3		24	1
219	2024-11-07 09:53:32.267489+00	2a029abe-c3cb-440d-a46b-8e6944b8a57c	BBGI Event Testing Emails	3		24	1
220	2024-11-07 09:53:32.271873+00	087d4f85-4ec7-4f47-9fe0-802cf363cdfc	Testing	3		24	1
221	2024-11-07 10:04:34.734749+00	c58e0781-6a28-4038-81b3-181ecbfb9880	BBGI2024113	3		26	1
222	2024-11-07 10:04:34.739457+00	b4ed6a79-c4a9-448f-a6a9-ad3fabeaa281	BBGI2024112	3		26	1
223	2024-11-14 12:47:38.105463+00	1d2ee013-c950-418b-8203-372c0dc6d29e	Mental Health and Business	2	[{"changed": {"fields": ["Phone", "Email"]}}, {"added": {"name": "event ticket type model", "object": "1 BMF Member - R0.0(+ R0.00)"}}, {"added": {"name": "event ticket type model", "object": "Ubumbo Member - R0.0(+ R0.00)"}}, {"added": {"name": "event ticket type model", "object": "BBGI subscriber - R0.0(+ R0.00)"}}, {"changed": {"name": "event ticket type model", "object": "1 Person - R200.00(+ R6.00)", "fields": ["Sale start"]}}]	24	2
224	2024-11-14 12:49:00.07824+00	1d2ee013-c950-418b-8203-372c0dc6d29e	Mental Health and Business	2	[{"added": {"name": "event ticket type model", "object": "Spartans Soccer Club - R0.0(+ R0.00)"}}, {"changed": {"name": "event ticket type model", "object": "Ubumbo Member - R0.00(+ R0.00)", "fields": ["Available seats"]}}, {"changed": {"name": "event ticket type model", "object": "BBGI subscriber - R0.00(+ R0.00)", "fields": ["Available seats"]}}]	24	2
225	2024-11-14 12:50:49.836379+00	1d2ee013-c950-418b-8203-372c0dc6d29e	Mental Health and Business	2	[{"changed": {"name": "event ticket type model", "object": "1 Person - R200.00(+ R6.00)", "fields": ["Available seats"]}}, {"changed": {"name": "event ticket type model", "object": "BBGI subscriber - R0.00(+ R0.00)", "fields": ["Available seats"]}}]	24	2
226	2024-11-14 12:53:12.938285+00	1d2ee013-c950-418b-8203-372c0dc6d29e	Mental Health and Business	2	[{"added": {"name": "event ticket type model", "object": "Sponsor - SMTax. GoldOurs. Noble. Personal Trust. Cape Executive Parking - R0.0(+ R0.00)"}}]	24	2
227	2024-11-14 12:55:18.538486+00	1d2ee013-c950-418b-8203-372c0dc6d29e	Mental Health and Business	2	[{"changed": {"name": "event ticket type model", "object": "1 BMF / Ubumbo/ Spartans Soccer Club Member - R0.00(+ R0.00)", "fields": ["Title"]}}, {"changed": {"name": "event ticket type model", "object": "1 non-affiliate - R200.00(+ R6.00)", "fields": ["Title"]}}, {"deleted": {"name": "event ticket type model", "object": "Spartans Soccer Club - R0.00(+ R0.00)"}}, {"deleted": {"name": "event ticket type model", "object": "Ubumbo Member - R0.00(+ R0.00)"}}, {"deleted": {"name": "event ticket type model", "object": "Sponsor - SMTax. GoldOurs. Noble. Personal Trust. Cape Executive Parking - R0.00(+ R0.00)"}}]	24	2
228	2024-11-14 12:55:26.389742+00	1d2ee013-c950-418b-8203-372c0dc6d29e	Mental Health and Business	2	[]	24	2
229	2024-11-14 12:57:16.936736+00	1d2ee013-c950-418b-8203-372c0dc6d29e	Mental Health and Business	2	[{"added": {"name": "event ticket type model", "object": "Sponsors - GoldOurs. SMTax. Noble. - R0.0(+ R0.00)"}}]	24	2
230	2024-11-14 12:59:04.491795+00	1d2ee013-c950-418b-8203-372c0dc6d29e	Mental Health and Business	2	[{"changed": {"name": "event ticket type model", "object": "Sponsors - GoldOurs. SMTax. Noble. Personal Trust - R0.00(+ R0.00)", "fields": ["Title"]}}]	24	2
231	2024-11-20 23:36:12.290612+00	1d2ee013-c950-418b-8203-372c0dc6d29e	Mental Health and Business	2	[{"changed": {"name": "event ticket type model", "object": "BMF / Sister Space Africa/ Ubumbo/ Spartans Soccer Club Member - R0.00(+ R0.00)", "fields": ["Title"]}}, {"changed": {"name": "event ticket type model", "object": "Non-affiliate - R200.00(+ R6.00)", "fields": ["Title"]}}]	24	2
232	2024-11-22 15:07:52.462245+00	25	Ms L Jobodwana	2	[{"changed": {"fields": ["Active", "Title", "Is email activated"]}}]	6	2
233	2024-11-23 23:49:21.688588+00	41	Coach Nat D	3		6	2
234	2024-11-23 23:49:21.701029+00	27	experi Ment	3		6	2
235	2024-11-23 23:49:21.705126+00	12	Aninomazi Yena	3		6	2
236	2024-11-23 23:53:27.869699+00	7cdb6dec-3fdb-42b2-88f9-76a83bc222a0	BBGI2024117	3		26	2
237	2024-11-24 00:21:19.342725+00	6491d245-3a77-40bd-8c29-e056ee551d5c	SubscriptionOrder object (6491d245-3a77-40bd-8c29-e056ee551d5c)	2	[{"changed": {"fields": ["Vat"]}}]	41	2
238	2024-11-24 19:58:45.4016+00	10	Penelope Ndimande	3		6	2
239	2024-11-27 07:17:56.986255+00	1d2ee013-c950-418b-8203-372c0dc6d29e	Mental Health and Business	2	[{"changed": {"fields": ["Status"]}}, {"changed": {"name": "event ticket type model", "object": "BMF / Sister Space Africa/ Ubumbo/ Spartans Soccer Club Member - R0.00(+ R0.00)", "fields": ["Sale start"]}}, {"changed": {"name": "event ticket type model", "object": "Non-affiliate - R200.00(+ R6.00)", "fields": ["Sale start"]}}, {"changed": {"name": "event ticket type model", "object": "Sponsors - GoldOurs. SMTax. Noble. Personal Trust - R0.00(+ R0.00)", "fields": ["Sale start"]}}, {"changed": {"name": "event ticket type model", "object": "BBGI subscriber - R0.00(+ R0.00)", "fields": ["Sale start"]}}]	24	2
240	2024-11-27 09:19:43.40311+00	1d2ee013-c950-418b-8203-372c0dc6d29e	Mental Health and Business	2	[]	24	1
241	2024-11-27 09:20:34.262182+00	1d2ee013-c950-418b-8203-372c0dc6d29e	Mental Health and Business	2	[{"changed": {"fields": ["Status"]}}]	24	1
242	2024-11-27 09:21:04.632307+00	1d2ee013-c950-418b-8203-372c0dc6d29e	Mental Health and Business	2	[{"changed": {"fields": ["Status"]}}]	24	1
243	2024-11-27 10:27:48.312289+00	aa03b5f9-1445-460c-9ebc-7344647c9b8e	BBGI20241120	3		26	2
244	2024-12-23 00:23:28.300073+00	81fbce18-bd33-4984-8dde-d0803b863af4	Celebrating Black Excellence in our midst	2	[{"changed": {"fields": ["Image", "Phone", "Email"]}}]	24	1
245	2024-12-23 00:23:57.092566+00	1d2ee013-c950-418b-8203-372c0dc6d29e	Mental Health and Business	2	[{"changed": {"fields": ["Image"]}}]	24	1
246	2024-12-23 00:29:07.475255+00	be4f0d25-f2d4-4cbd-a274-b4f3d0348dc2	Bespwoke Clothing Design	2	[]	16	1
247	2024-12-23 00:32:21.771123+00	b2bbb504-05a0-44de-bc2e-20448c0ab8bc	Mamputa Holdings Pty	2	[{"changed": {"fields": ["Background image", "Logo"]}}]	16	1
248	2024-12-23 00:33:53.41489+00	6933ed46-acc8-4abf-936d-73af4100532c	Aviwe band	2	[{"changed": {"fields": ["Background image", "Logo"]}}]	16	1
249	2024-12-23 00:38:58.983048+00	573a757b-2233-4885-9a3c-41965af5b4cb	TSK International Photography	2	[{"changed": {"fields": ["Background image", "Logo"]}}]	16	1
250	2024-12-23 00:41:04.592622+00	4e41552b-fa41-4956-b1df-81ea86dc86f8	GoldOurs Organisational Growth Consultants	2	[{"changed": {"fields": ["Background image", "Logo"]}}]	16	1
251	2024-12-23 00:41:33.034703+00	4d985c09-41fe-46fe-8d96-489f4102268f	Sako Electricians	2	[{"changed": {"fields": ["Background image", "Logo"]}}]	16	1
252	2024-12-23 00:43:37.795553+00	be4f0d25-f2d4-4cbd-a274-b4f3d0348dc2	Bespwoke Clothing Design	2	[{"changed": {"fields": ["Background image", "Logo"]}}]	16	1
253	2024-12-23 00:44:21.463051+00	2	Mr S Ndwandwa	2	[{"changed": {"fields": ["Profile image"]}}]	6	1
254	2024-12-23 00:46:10.340686+00	68b33542-affb-490d-90ae-364e356db324	Black Business Growth Initiative Calls for Unity, Heritage	2	[{"changed": {"fields": ["Image"]}}]	9	1
255	2024-12-23 00:47:09.299265+00	5ad109aa-054a-42bc-a1a7-90e1c3b80559	One hand can feed another”…a look at the phenomenon	2	[{"changed": {"fields": ["Image"]}}]	9	1
256	2024-12-23 00:48:04.146829+00	20930ddb-6b40-4c6c-91ee-24df037c912c	Entrepreneur Lessons: When marketing outruns service delivery readiness	2	[{"changed": {"fields": ["Image"]}}]	9	1
257	2024-12-23 00:48:28.570893+00	de4638fa-2c20-43fa-bf3a-c4d62f8d5229	BusinessContent object (de4638fa-2c20-43fa-bf3a-c4d62f8d5229)	3		19	1
258	2024-12-23 00:48:28.575914+00	d53ee731-8314-43c4-9c87-60f1a1dda6e7	BusinessContent object (d53ee731-8314-43c4-9c87-60f1a1dda6e7)	3		19	1
259	2024-12-23 00:48:28.579619+00	c51b85fb-d53b-431e-b835-4e1f55b7c1e4	BusinessContent object (c51b85fb-d53b-431e-b835-4e1f55b7c1e4)	3		19	1
260	2024-12-23 00:48:28.583398+00	c321bd51-9ff2-4417-ab5c-581aa6c65ca8	BusinessContent object (c321bd51-9ff2-4417-ab5c-581aa6c65ca8)	3		19	1
261	2024-12-23 00:48:28.587448+00	bd7fd137-ecc5-4535-a23d-615ae40ea335	BusinessContent object (bd7fd137-ecc5-4535-a23d-615ae40ea335)	3		19	1
262	2024-12-23 00:48:28.59131+00	b926a1f9-c802-4bc0-952c-7dd3c2b283f6	BusinessContent object (b926a1f9-c802-4bc0-952c-7dd3c2b283f6)	3		19	1
263	2024-12-23 00:48:28.594447+00	a586b48e-7b08-4163-b514-674c183d8cec	BusinessContent object (a586b48e-7b08-4163-b514-674c183d8cec)	3		19	1
264	2024-12-23 00:48:28.598128+00	9c64aff2-b2e0-44d0-926b-c13d5695e62a	BusinessContent object (9c64aff2-b2e0-44d0-926b-c13d5695e62a)	3		19	1
265	2024-12-23 00:48:28.601205+00	7a38a568-02b8-4fef-9aaf-06d62a4053ae	BusinessContent object (7a38a568-02b8-4fef-9aaf-06d62a4053ae)	3		19	1
266	2024-12-23 00:48:28.606342+00	6276bb45-7456-4f14-878f-8521884bb5c5	BusinessContent object (6276bb45-7456-4f14-878f-8521884bb5c5)	3		19	1
267	2024-12-23 00:48:28.609227+00	4f8e5fae-bda5-40c5-b4cd-12ecefb6e954	BusinessContent object (4f8e5fae-bda5-40c5-b4cd-12ecefb6e954)	3		19	1
268	2024-12-23 00:48:28.612605+00	200e4be4-15ff-4224-ab82-fc5d4ba48531	BusinessContent object (200e4be4-15ff-4224-ab82-fc5d4ba48531)	3		19	1
269	2024-12-23 00:48:28.615517+00	186cdd2e-0b45-4051-af06-0abb999e996a	BusinessContent object (186cdd2e-0b45-4051-af06-0abb999e996a)	3		19	1
270	2024-12-23 00:48:28.619084+00	0d494c7b-a2af-419e-8cb1-155e02b6d798	BusinessContent object (0d494c7b-a2af-419e-8cb1-155e02b6d798)	3		19	1
271	2024-12-23 00:48:28.622233+00	0971860b-9dc1-43b0-8098-1b68935621be	BusinessContent object (0971860b-9dc1-43b0-8098-1b68935621be)	3		19	1
272	2024-12-25 23:07:59.263074+00	bcf79b49-a57e-495a-9eee-86085e2a028e	BBGI	2	[{"changed": {"fields": ["Vision", "Mission"]}}]	45	1
273	2024-12-25 23:08:26.454017+00	bcf79b49-a57e-495a-9eee-86085e2a028e	BBGI	2	[{"changed": {"fields": ["Address one", "Address two"]}}]	45	1
274	2025-01-18 07:38:17.360869+00	a57df7ec-ac04-4cea-8b21-036f0d20b304	Hello  i wrote about your   price	3		11	1
275	2025-01-18 07:38:17.392807+00	7bf41dfc-2ef1-4745-9807-12683c33e489	Hello, i writing about     price	3		11	1
276	2025-01-18 07:38:17.398896+00	73667e14-8497-456b-a815-edad4cc852e8	Hallo, i writing about   the price	3		11	1
277	2025-01-18 07:38:17.408696+00	c1bcf6d6-e369-412c-84f0-a7a24b71e956	You can count on us for the delivery of your emails.	3		11	1
278	2025-01-18 07:38:17.416845+00	d3efb37f-47b5-4438-aca1-4470b6aac0e5	Hello,   write about your   prices	3		11	1
279	2025-01-18 07:38:17.42407+00	0e5daff6-1895-4cab-92fc-4df19a2048b8	Increase rankings with a SEO friendly web design	3		11	1
280	2025-01-18 07:38:17.430776+00	c16cd7e3-baf5-4ef1-8514-854e0feed263	Hi  i am wrote about     price	3		11	1
281	2025-01-18 07:38:17.437597+00	a0bfd79f-05d7-4025-bfbb-7b2431083a79	Aloha,   write about your   prices	3		11	1
282	2025-01-18 07:38:17.446128+00	02d83d04-bbed-448e-b608-3e48b495ac49	Improve your website`s ranks totally free	3		11	1
283	2025-01-18 07:38:17.452171+00	d775b27e-fde3-42dc-8b79-ce0ecd2cbb2c	Hello  i writing about your the price for reseller	3		11	1
284	2025-01-18 07:38:17.459297+00	884a6bba-1d19-4e37-9ba4-ca10bd8fdf4b	Collaboration request	3		11	1
285	2025-01-18 07:38:17.4664+00	4484f76c-7e01-4e86-b824-3b1c9bc6ed8d	Hi    wrote about   the prices	3		11	1
286	2025-01-18 07:38:17.472909+00	54519fe7-17dd-432b-8d45-5f6ec4e2029c	Whitehat SEO for bbgi.co.za	3		11	1
287	2025-01-18 07:38:17.481483+00	c207ce53-9339-40cf-ab63-a8fe595a1f46	Hallo, i wrote about your   price	3		11	1
288	2025-01-18 07:38:17.489785+00	830b9998-5136-4a26-8af3-b203caf7bb1d	Aloha,   writing about     prices	3		11	1
289	2025-01-18 07:38:17.495861+00	dd3644ce-7976-40ae-a1c2-ccbd0451ca10	NEW: semrush backlinks available on sale	3		11	1
290	2025-01-18 07:38:17.505978+00	bd2a9dee-9afe-4973-ba2d-c25331529474	Aloha  i wrote about     price	3		11	1
291	2025-01-18 07:38:17.528499+00	67bc9244-dc6a-4956-b51d-4f4b56f7cd81	dapoxetine side effects in telugu	3		11	1
292	2025-01-18 07:38:17.536818+00	cbd6e84a-9821-4797-85cd-72b94776ab58	Hallo,   wrote about     price for reseller	3		11	1
293	2025-01-18 07:38:17.543257+00	e1bcecf5-303d-43f5-9f8f-cea291ae6987	Social ads country traffic	3		11	1
294	2025-01-18 07:38:17.549864+00	76feac59-8bf3-4909-982d-2e65d6270e1e	Hi, i wrote about your   prices	3		11	1
295	2025-01-18 07:38:17.55578+00	506f8046-cc72-4414-811d-c46988c5628e	Hi, i wrote about your   prices	3		11	1
296	2025-01-18 07:38:17.561579+00	e15ae413-58ab-4837-9a01-261c650360cd	Hi  i am writing about   the price for reseller	3		11	1
297	2025-01-18 07:38:17.57033+00	be0c2bc2-b1e9-4a3a-b175-cfb3e1e42de3	Inquire of 24 September heritage day	3		11	1
298	2025-01-18 07:38:17.576687+00	518df5d3-3204-49e8-b547-abb64f05c0b0	Hello  i am write about your   price for reseller	3		11	1
299	2025-01-18 07:38:17.585397+00	5575ec0c-5732-46ab-8950-63fd4461c16c	Earn 35% Commission for Life with Our Affiliate Program!	3		11	1
300	2025-01-18 07:38:17.591422+00	50dc2774-e7f2-4e23-b62c-e3ae4ffe66a6	Improve your website`s ranks totally free	3		11	1
301	2025-01-18 07:38:17.599739+00	522d408d-6f48-433c-bf01-c85c0f2d8d9f	URGENT loan offer at 3%	3		11	1
302	2025-01-18 07:38:17.605491+00	b441ad80-6cf2-47e5-b1cb-0dafb512e843	Backlinks by Country to improve bbgi.co.za locally	3		11	1
303	2025-01-18 07:38:17.611875+00	dae20724-4fd5-4908-81ce-e01dae1be1a0	Hello  i am writing about     price for reseller	3		11	1
304	2025-01-18 07:38:17.61856+00	8da73c0a-b84d-43cc-8b92-e1b57388bba9	Social Ads Traffic by Country for bbgi.co.za	3		11	1
305	2025-01-18 07:38:17.624014+00	2aace477-3b30-414d-acc6-ac553aca88b1	Hello  i am writing about   the price for reseller	3		11	1
306	2025-01-18 07:38:17.630199+00	613916d5-eef5-4daa-b713-4620e8f5fe29	Boost Your SEO with Country Targeted Backlinks!	3		11	1
307	2025-01-18 07:38:17.636395+00	042c389e-debb-4d84-a792-2de664ff65e2	Hallo  i writing about   the price	3		11	1
308	2025-01-18 07:38:17.643571+00	18090ab0-9384-49c8-84ac-6fe9914e2869	Improve your website`s ranks totally free	3		11	1
309	2025-01-18 07:38:17.650243+00	d1e947e2-cc61-41b1-a9b9-3ee1d946c35a	Boost Sales Today – Limited Offer!	3		11	1
310	2025-01-21 12:42:28.027126+00	98f7b8ff-bd36-4fbb-9c43-bd6330b3583c	Restaurants & Cafes	1	[{"added": {}}]	17	1
311	2025-01-21 12:43:33.79708+00	caba5ae4-36f5-4138-b4ca-36047cc17133	Health & Wellness	1	[{"added": {}}]	17	1
312	2025-02-04 08:52:37.328176+00	73	Mr W Mlaba	3		6	1
313	2025-02-05 16:09:47.770857+00	37eb4c3f-58c3-4845-9d42-8ec91dc7452e	Black Business Growth InitThe Pulse: Connecting Through Love, Business & African Legacy	2	[{"changed": {"fields": ["Image"]}}]	24	1
314	2025-02-25 15:10:06.984731+00	cc5a61cd-3a0c-4b64-a2da-d67e3420c93f	BBGI202528	2	[{"changed": {"fields": ["Paid"]}}]	26	1
315	2025-02-26 14:33:00.830656+00	1a7a5c3e-0dde-4db7-8621-a46c4297a4d1	BBGI202526	2	[{"changed": {"fields": ["Paid"]}}]	26	1
316	2025-02-26 14:33:00.865731+00	740ea4e6-b9ca-4a63-96c5-cbcb076c41a6	BBGI202524	2	[{"changed": {"fields": ["Paid"]}}]	26	1
317	2025-02-26 14:33:00.872944+00	f4e65439-851c-4633-8d6f-3b5a54c43ef4	BBGI202523	2	[{"changed": {"fields": ["Paid"]}}]	26	1
318	2025-02-26 15:15:26.542805+00	bd723afa-3c5d-48b0-ad75-4b1bcb23692a	BBGI202529	2	[{"changed": {"fields": ["Paid"]}}]	26	1
319	2025-02-26 15:16:05.59364+00	954d4261-9035-4b83-a326-35bbc5592c4d	BBGI202529	2	[{"changed": {"fields": ["Paid"]}}]	26	1
369	2025-08-22 02:32:14.530065+00	107	Mr S Zixesha	2	[{"changed": {"fields": ["Title"]}}]	6	2
579	2026-02-10 17:37:08.301594+00	245f48cf-b177-4817-8ad1-a7d4b7e5c6a2	BBGICP202494	3		46	1
320	2025-02-28 14:47:50.226624+00	94595c09-fcef-49af-ae64-43d0cb29929f	BBGI March 2025, Our Human Rights Agenda: How to be an Active Agent for Transformation Where You Are	2	[{"changed": {"fields": ["Content", "Venue name", "Event address", "Map coordinates"]}}, {"changed": {"name": "event ticket type model", "object": "Sponsors and Partners Tickets: BMF, SisterSpace, SMTax, eLalini, Lelo's Tasty Foods, DrinksNil, Noble Advisory, Goldours and Personal Trust - R100(+ R3.00)", "fields": ["Title", "Price"]}}, {"changed": {"name": "event ticket type model", "object": "Standard Ticket - R200(+ R6.00)", "fields": ["Title", "Price"]}}]	24	2
321	2025-02-28 14:52:03.525951+00	94595c09-fcef-49af-ae64-43d0cb29929f	BBGI March 2025, Our Human Rights Agenda: How to be an Active Agent for Transformation Where You Are	2	[{"changed": {"fields": ["Small description", "Content"]}}]	24	2
322	2025-02-28 14:54:50.139765+00	94595c09-fcef-49af-ae64-43d0cb29929f	BBGI March 2025, Our Human Rights Agenda: How to be an Active Agent for Transformation Where You Are	2	[{"changed": {"fields": ["Image"]}}]	24	2
323	2025-02-28 15:32:38.043625+00	94595c09-fcef-49af-ae64-43d0cb29929f	BBGI March 2025, Our Human Rights Agenda: How to be an Active Agent for Transformation Where You Are	2	[{"changed": {"fields": ["Content"]}}]	24	2
324	2025-02-28 15:54:21.235709+00	98b42d6f-3682-454f-8a0e-35594ee70e8d	BBGI2025211	2	[{"changed": {"fields": ["Paid"]}}]	26	1
325	2025-02-28 15:54:21.249228+00	9751df41-8012-43ba-99c1-ec02a156535d	BBGI2025210	2	[{"changed": {"fields": ["Paid"]}}]	26	1
326	2025-03-01 08:19:19.234766+00	94595c09-fcef-49af-ae64-43d0cb29929f	BBGI March 2025, Our Human Rights Agenda: How to be an Active Agent for Transformation Where You Are	2	[{"changed": {"fields": ["Image"]}}]	24	2
327	2025-03-01 09:03:53.193482+00	94595c09-fcef-49af-ae64-43d0cb29929f	BBGI March 2025, Our Human Rights Agenda: How to be an Active Agent for Transformation Where You Are	2	[{"changed": {"fields": ["Image"]}}]	24	2
328	2025-03-01 09:04:07.556945+00	94595c09-fcef-49af-ae64-43d0cb29929f	BBGI March 2025, Our Human Rights Agenda: How to be an Active Agent for Transformation Where You Are	2	[{"changed": {"fields": ["Image"]}}]	24	2
329	2025-03-09 04:21:06.531658+00	d49ad6b8-9453-494b-a8ad-4ea3f70085e3	BBGI202531	3		26	1
330	2025-03-09 04:21:06.54845+00	9a4bc339-1ef5-4bf2-9e8b-f9487f39dce8	BBGI202533	3		26	1
331	2025-03-09 04:21:06.553208+00	292beff6-09fe-42c1-b15e-d9b8b50532f8	BBGI202532	3		26	1
332	2025-03-09 04:21:06.557563+00	17d255b2-7a83-47da-ba99-72950cd25b0e	BBGI202534	3		26	1
333	2025-03-31 15:11:57.613226+00	1	Mr T Gumede	2	[{"changed": {"fields": ["Subscription", "Is paid"]}}]	6	1
334	2025-04-06 17:57:34.239831+00	1	Mr T Gumede	2	[{"changed": {"fields": ["Subscription", "Is paid"]}}]	6	1
335	2025-04-09 14:47:40.513149+00	89	Wandile Gumede	3		6	1
336	2025-04-09 15:07:08.324565+00	91	Tomas Gumede	3		6	1
337	2025-04-09 15:07:30.940884+00	1	Mr T Gumede	2	[{"changed": {"fields": ["Subscription", "Is paid"]}}]	6	1
338	2025-04-24 15:13:04.435996+00	b64400b7-efc6-47e3-ad25-14b142e33ffd	Subscription order by Thomas Gumede	2	[{"changed": {"fields": ["Payment status"]}}]	41	1
339	2025-04-24 15:15:34.773197+00	1	Mr T Gumede	2	[{"changed": {"fields": ["Subscription", "Is paid"]}}]	6	1
340	2025-05-15 12:17:44.806412+00	daf86b68-62c5-429e-9161-d393a668e917	Working & Thriving in Africa – Exploring Practical Financial Solutions	2	[{"changed": {"fields": ["Status"]}}]	24	2
341	2025-05-16 21:05:51.755841+00	daf86b68-62c5-429e-9161-d393a668e917	Working & Thriving in Africa – Exploring Practical Financial Solutions	2	[{"changed": {"fields": ["Image"]}}]	24	1
342	2025-06-09 09:03:24.426471+00	b64400b7-efc6-47e3-ad25-14b142e33ffd	Subscription order by Thomas Gumede	3		41	1
343	2025-06-09 09:04:13.835057+00	1	Mr T Gumede	2	[{"changed": {"fields": ["Subscription", "Is paid"]}}]	6	1
344	2025-07-12 22:33:22.425972+00	97	Wandile Gumede	3		6	1
345	2025-07-12 22:33:22.441391+00	96	Wandile Gumede	3		6	1
346	2025-07-12 22:33:45.756268+00	95	Mr C Oostendurp	2	[{"changed": {"fields": ["Active", "Title", "Subscription", "Is email activated"]}}]	6	1
347	2025-07-12 22:34:15.045809+00	94	Mr S Fatyi	2	[{"changed": {"fields": ["Active", "Title", "Is email activated"]}}]	6	1
348	2025-07-12 22:34:58.415382+00	93	Prof A Kondile	2	[{"changed": {"fields": ["Active", "Title", "Subscription", "Is email activated", "Is paid"]}}]	6	1
349	2025-07-12 22:35:23.648178+00	92	Prof P Kanyolo	2	[{"changed": {"fields": ["Active", "Title", "Is email activated"]}}]	6	1
350	2025-07-23 18:13:28.280185+00	99	Wandile Gumede	3		6	1
351	2025-07-23 18:13:28.292677+00	98	 	3		6	1
352	2025-07-24 04:55:13.650812+00	101	Test Two	3		6	1
353	2025-07-24 04:55:13.660363+00	100	Wandile Gumede	3		6	1
354	2025-08-05 16:23:24.036128+00	500a60c4-1405-497b-b680-5624de0db7a1	Listing order by Sigqibo Nogaya	2	[{"changed": {"fields": ["Vat", "Total amount", "Payment status", "Subscription starts"]}}]	55	2
355	2025-08-10 16:06:03.109257+00	500a60c4-1405-497b-b680-5624de0db7a1	Listing order by Sigqibo Nogaya	2	[{"changed": {"fields": ["Vat", "Total amount"]}}]	55	2
356	2025-08-10 16:09:27.396899+00	f7a2715c-10c0-4c3d-a453-a4ae829c9730	Nova Analytica and Consulting	2	[{"changed": {"fields": ["Province", "Status", "Is completed"]}}]	16	2
357	2025-08-10 16:09:53.619651+00	27476f73-508b-47c0-b436-86dd4051e754	Idinga	2	[{"changed": {"fields": ["Province", "Status", "Is completed"]}}]	16	2
358	2025-08-12 04:33:45.438017+00	f967e7aa-9c8c-46ce-afb0-7a71d978353d	Changing Your Business Through Theatre	2	[{"changed": {"fields": ["Province", "Status"]}}]	16	2
359	2025-08-12 06:11:06.921715+00	aedbe126-307b-476b-b44e-7e7c762646cd	Women's Month Movie watch - Testing event	3		24	1
360	2025-08-12 15:46:52.237968+00	500a60c4-1405-497b-b680-5624de0db7a1	Listing order by Sigqibo Nogaya	2	[{"changed": {"fields": ["Vat", "Total amount"]}}]	55	2
361	2025-08-14 07:00:54.177948+00	dfcc48b4-a9c4-4f33-8a9e-1502ac008ddc	Imojelo Consulting	2	[{"changed": {"fields": ["Title", "Slug", "Province", "Status"]}}]	16	2
362	2025-08-14 07:01:31.316784+00	84ea22c3-a4ec-44c2-b91b-db147506d2cc	WeDoDev.	2	[{"changed": {"fields": ["Bbbee level", "Province", "Status"]}}]	16	2
363	2025-08-14 07:03:21.10745+00	573a757b-2233-4885-9a3c-41965af5b4cb	TSK International Photography	2	[{"changed": {"fields": ["Bbbee level", "Is completed"]}}]	16	2
364	2025-08-19 04:47:24.109106+00	dfcc48b4-a9c4-4f33-8a9e-1502ac008ddc	Imijelo Consulting	2	[{"changed": {"fields": ["Title"]}}]	16	2
365	2025-08-19 04:47:55.498323+00	be30c868-3be4-4a17-9047-a85b639d6c53	AFRICAN XPLORA	2	[{"changed": {"fields": ["Province", "Status"]}}]	16	2
366	2025-08-19 04:48:46.844536+00	7d5f8790-f2db-49fd-b010-862ea52d5a31	Kuhle Apha	2	[{"changed": {"fields": ["Bbbee level", "Province", "Status"]}}]	16	2
367	2025-08-20 13:21:33.505516+00	1067150c-3bc3-4648-9bb1-77abd085166a	Abadala	2	[{"changed": {"fields": ["Province", "Status"]}}]	16	2
368	2025-08-20 13:22:41.919045+00	d3134636-cf34-47b9-8be6-79b05a736322	QualiSphere	2	[{"changed": {"fields": ["Province", "Status"]}}]	16	2
371	2025-08-22 02:33:30.844079+00	106	Mr S Zixesha	2	[{"changed": {"fields": ["Province", "Title", "Is email activated"]}}]	6	2
372	2025-08-22 02:34:18.076247+00	93	Prof A Kondile	2	[]	6	2
373	2025-08-22 02:36:11.597652+00	2	Mr S Ndwandwa	2	[]	6	2
374	2025-08-22 02:36:46.066591+00	87	Mr L Tsotetsi	2	[{"changed": {"fields": ["Title"]}}]	6	2
375	2025-08-22 02:37:29.018306+00	11	Mr T Bites	2	[{"changed": {"fields": ["Title"]}}]	6	2
376	2025-08-22 02:37:55.314229+00	11	Mr T Bites	2	[]	6	2
377	2025-08-22 02:39:09.869867+00	ff843585-d7fb-43c9-8de7-7d08dfb78405	Yalwa Holdings	2	[{"changed": {"fields": ["Province", "Status"]}}]	16	2
378	2025-08-22 02:39:21.004729+00	f967e7aa-9c8c-46ce-afb0-7a71d978353d	Changing Your Business Through Theatre	2	[]	16	2
379	2025-08-22 02:39:51.654527+00	e1a9ba0b-1da9-42d6-b7ef-b3978f488497	Amatola clothing	2	[{"changed": {"fields": ["Province", "Status"]}}]	16	2
380	2025-08-22 02:40:13.99727+00	dd94c58e-1c2a-4ec9-9298-37ddae733bfc	Lash Events	2	[{"changed": {"fields": ["Province"]}}]	16	2
381	2025-08-22 02:40:53.787354+00	db351bf5-b99e-4d8c-8726-9db450c83988	On point finances	2	[{"changed": {"fields": ["Province", "Status"]}}]	16	2
382	2025-08-22 02:41:31.93854+00	d1db81a7-7820-4dae-8ea2-d1818383fee3	Maxoli Spaza shop	2	[{"changed": {"fields": ["Province"]}}]	16	2
383	2025-08-22 02:50:26.890389+00	dd94c58e-1c2a-4ec9-9298-37ddae733bfc	Lash Events	2	[{"changed": {"fields": ["Status"]}}]	16	2
384	2025-08-22 02:51:57.189452+00	cb58a2f1-c74a-4224-ace9-b52b9343e974	Mrhari Enterprise	2	[{"changed": {"fields": ["Province", "Status"]}}]	16	2
385	2025-08-22 02:53:02.588043+00	c806d354-01d4-4406-9422-fc74c995cf6f	Sisco Spaza shop	2	[{"changed": {"fields": ["Province", "Status"]}}]	16	2
386	2025-08-22 02:53:27.988396+00	c0b15a49-c311-4513-b89e-9d448b7af649	KMH Consulting	2	[{"changed": {"fields": ["Province", "Status"]}}]	16	2
387	2025-08-22 03:02:48.198299+00	f967e7aa-9c8c-46ce-afb0-7a71d978353d	Changing Your Business Through Theatre	2	[{"changed": {"fields": ["Enter your business email (e.g info@business.co.za)"]}}]	16	2
388	2025-08-22 03:04:28.426309+00	e1a9ba0b-1da9-42d6-b7ef-b3978f488497	Amatola clothing	2	[{"changed": {"fields": ["Province"]}}]	16	2
389	2025-08-22 03:09:39.522271+00	b35c3e66-2991-481d-8ebf-ee1815c5f0b4	Food & Other Consumables	2	[{"changed": {"fields": ["Icon"]}}]	17	1
390	2025-08-22 03:10:55.551025+00	0c07b980-2257-4aec-88e8-709fd1bdf07f	Professional Services for Homes	2	[{"changed": {"fields": ["Icon", "Slug", "Label"]}}]	17	1
391	2025-08-22 03:12:25.148601+00	012f8ad8-ea4a-4d21-9d9e-388b03a917fc	Clothing & Textiles	2	[{"changed": {"fields": ["Icon"]}}]	17	1
392	2025-08-22 03:16:28.037693+00	a7f0657b-1b36-4d34-a5b7-86f72799245a	Beauty & Cosmetics	2	[{"changed": {"fields": ["Icon"]}}]	17	1
393	2025-08-22 03:18:45.807014+00	ccb4e41f-ee53-46a5-8546-a23454d5a181	Energy & Fuel	2	[{"changed": {"fields": ["Icon"]}}]	17	1
394	2025-08-26 18:37:55.176645+00	ff843585-d7fb-43c9-8de7-7d08dfb78405	Yalwa Holdings	2	[{"changed": {"fields": ["Is hours", "Hours type"]}}]	16	1
395	2025-08-26 18:38:19.20542+00	f967e7aa-9c8c-46ce-afb0-7a71d978353d	Changing Your Business Through Theatre	2	[{"changed": {"fields": ["Is hours", "Hours type", "Phone"]}}]	16	1
396	2025-08-26 18:38:29.584993+00	f7a2715c-10c0-4c3d-a453-a4ae829c9730	Nova Analytica and Consulting	2	[{"changed": {"fields": ["Is hours", "Hours type"]}}]	16	1
397	2025-08-26 18:38:37.883113+00	e1a9ba0b-1da9-42d6-b7ef-b3978f488497	Amatola clothing	2	[{"changed": {"fields": ["Is hours", "Hours type"]}}]	16	1
398	2025-08-26 18:38:46.904023+00	dfcc48b4-a9c4-4f33-8a9e-1502ac008ddc	Imijelo Consulting	2	[{"changed": {"fields": ["Is hours", "Hours type"]}}]	16	1
399	2025-08-26 18:39:04.267999+00	1067150c-3bc3-4648-9bb1-77abd085166a	Abadala	2	[{"changed": {"fields": ["Is hours", "Hours type"]}}]	16	1
400	2025-08-26 18:39:12.028811+00	27476f73-508b-47c0-b436-86dd4051e754	Idinga	2	[{"changed": {"fields": ["Is hours", "Hours type"]}}]	16	1
401	2025-08-26 18:39:28.557278+00	2c0d743f-632a-40ff-97df-295f20cd23ee	Mfubesi projects (pty) ltd	2	[{"changed": {"fields": ["Province", "Is hours", "Hours type"]}}]	16	1
402	2025-08-26 18:39:42.223219+00	401d35ad-c590-4174-bf02-a54f6270b3ac	Lothiliwa investments	2	[{"changed": {"fields": ["Province", "Is hours", "Hours type"]}}]	16	1
403	2025-08-26 18:39:52.144548+00	4d985c09-41fe-46fe-8d96-489f4102268f	Sako Electricians	2	[{"changed": {"fields": ["Is hours", "Hours type"]}}]	16	1
404	2025-08-26 18:40:04.475769+00	4e41552b-fa41-4956-b1df-81ea86dc86f8	GoldOurs Organisational Growth Consultants	2	[{"changed": {"fields": ["Is hours", "Hours type"]}}]	16	1
405	2025-08-26 18:40:19.147872+00	4f0a4fed-f6af-48fd-ae69-d4e71eb25575	Site C business forum	2	[{"changed": {"fields": ["Province", "Is hours", "Hours type"]}}]	16	1
406	2025-08-26 18:40:39.705317+00	559c9ff5-7ea4-4fff-a25c-7c9cf148f0b5	Thamica beauty & wellness	2	[{"changed": {"fields": ["Province", "Is hours", "Hours type"]}}]	16	1
407	2025-08-26 18:40:52.277566+00	573a757b-2233-4885-9a3c-41965af5b4cb	TSK International Photography	2	[{"changed": {"fields": ["Is hours", "Hours type"]}}]	16	1
408	2025-08-26 18:41:06.799336+00	5a1e8e63-ddcd-4932-aafc-710499071653	Isibaya funeral services	2	[{"changed": {"fields": ["Province", "Is hours", "Hours type"]}}]	16	1
409	2025-08-26 18:41:18.196841+00	63c8c0ab-0eeb-4cce-8980-a7b0d945ca0f	NLOS Projects	2	[{"changed": {"fields": ["Province", "Is hours", "Hours type"]}}]	16	1
410	2025-08-26 18:41:29.696592+00	704cc773-1e93-4159-8c35-535bad3ace5e	Cook with Mantu	2	[{"changed": {"fields": ["Province", "Is hours", "Hours type"]}}]	16	1
411	2025-08-26 18:41:39.092852+00	6933ed46-acc8-4abf-936d-73af4100532c	Aviwe band	2	[{"changed": {"fields": ["Is hours", "Hours type"]}}]	16	1
412	2025-08-26 18:43:10.356554+00	7d5f8790-f2db-49fd-b010-862ea52d5a31	Kuhle Apha	2	[{"changed": {"fields": ["Is hours", "Hours type", "Phone"]}}]	16	1
413	2025-08-26 18:43:25.300354+00	7dc0df5e-bc5b-4347-8253-7eb3661f2e92	Reliable cleaning services	2	[{"changed": {"fields": ["Province", "Is hours", "Hours type"]}}]	16	1
414	2025-08-26 18:43:37.356458+00	811d2c90-d854-482d-b9c8-6540377c0c33	Mfubeis projects	2	[{"changed": {"fields": ["Province", "Is hours", "Hours type"]}}]	16	1
415	2025-08-26 18:43:49.409767+00	84ea22c3-a4ec-44c2-b91b-db147506d2cc	WeDoDev.	2	[{"changed": {"fields": ["Province", "Is hours", "Hours type"]}}]	16	1
416	2025-08-26 18:44:31.26711+00	92add19b-c920-4133-8c9e-f0c39e0255ed	Kuboo events & manufacturing	2	[{"changed": {"fields": ["Province", "Is hours", "Hours type", "Phone"]}}]	16	1
417	2025-08-26 18:44:40.743274+00	b2bbb504-05a0-44de-bc2e-20448c0ab8bc	Mamputa Holdings Pty	2	[{"changed": {"fields": ["Is hours", "Hours type"]}}]	16	1
418	2025-08-26 18:44:49.91935+00	be30c868-3be4-4a17-9047-a85b639d6c53	AFRICAN XPLORA	2	[{"changed": {"fields": ["Is hours", "Hours type"]}}]	16	1
419	2025-08-26 18:44:57.564277+00	be4f0d25-f2d4-4cbd-a274-b4f3d0348dc2	Bespwoke Clothing Design	2	[{"changed": {"fields": ["Is hours", "Hours type"]}}]	16	1
574	2026-02-10 17:37:08.284295+00	2e9ddfe9-0ed9-4aed-ba5c-215e7977a02b	BBGICP2024112	3		46	1
420	2025-08-26 18:45:09.367798+00	c0b15a49-c311-4513-b89e-9d448b7af649	KMH Consulting	2	[{"changed": {"fields": ["Is hours", "Hours type"]}}]	16	1
421	2025-08-26 18:45:19.486432+00	c806d354-01d4-4406-9422-fc74c995cf6f	Sisco Spaza shop	2	[{"changed": {"fields": ["Is hours", "Hours type"]}}]	16	1
422	2025-08-26 18:45:28.972295+00	cb58a2f1-c74a-4224-ace9-b52b9343e974	Mrhari Enterprise	2	[{"changed": {"fields": ["Is hours", "Hours type"]}}]	16	1
423	2025-08-26 18:45:38.081085+00	d1db81a7-7820-4dae-8ea2-d1818383fee3	Maxoli Spaza shop	2	[{"changed": {"fields": ["Is hours", "Hours type"]}}]	16	1
424	2025-08-26 18:45:55.368011+00	d3134636-cf34-47b9-8be6-79b05a736322	QualiSphere	2	[{"changed": {"fields": ["Is hours", "Hours type"]}}]	16	1
425	2025-08-27 03:53:24.110901+00	d1db81a7-7820-4dae-8ea2-d1818383fee3	Maxoli Spaza shop	2	[{"changed": {"fields": ["Status"]}}]	16	2
426	2025-08-27 03:54:20.427994+00	92add19b-c920-4133-8c9e-f0c39e0255ed	Kuboo events & manufacturing	2	[{"changed": {"fields": ["Status"]}}]	16	2
427	2025-08-27 03:55:17.227123+00	811d2c90-d854-482d-b9c8-6540377c0c33	Mfubeis projects	2	[{"changed": {"fields": ["Bbbee level", "Status"]}}]	16	2
428	2025-08-27 03:55:45.783476+00	7dc0df5e-bc5b-4347-8253-7eb3661f2e92	Reliable cleaning services	2	[{"changed": {"fields": ["Bbbee level", "Status"]}}]	16	2
429	2025-08-27 03:56:28.055565+00	704cc773-1e93-4159-8c35-535bad3ace5e	Cook with Mantu	2	[{"changed": {"fields": ["Bbbee level", "Status"]}}]	16	2
430	2025-08-27 03:57:06.108933+00	66b5505f-866c-4965-89fb-d97164801862	Zonke world fridge & flush services	2	[{"changed": {"fields": ["Bbbee level", "Province", "Hours type", "Status"]}}]	16	2
431	2025-08-27 03:58:04.328171+00	63c8c0ab-0eeb-4cce-8980-a7b0d945ca0f	NLOS Projects	2	[{"changed": {"fields": ["Bbbee level", "Status"]}}]	16	2
432	2025-08-27 03:58:51.675971+00	5a1e8e63-ddcd-4932-aafc-710499071653	Isibaya funeral services	2	[{"changed": {"fields": ["Main address", "Status"]}}]	16	2
433	2025-08-27 03:59:58.900848+00	559c9ff5-7ea4-4fff-a25c-7c9cf148f0b5	Thamica beauty & wellness	2	[{"changed": {"fields": ["Details", "Main address", "Status"]}}]	16	2
434	2025-08-27 04:00:42.780928+00	4f0a4fed-f6af-48fd-ae69-d4e71eb25575	Site C business forum	2	[{"changed": {"fields": ["Details", "Bbbee level", "Status"]}}]	16	2
435	2025-08-27 04:01:05.223813+00	48445bd2-1ed0-4fee-99d2-d257fcc85b5c	Chulus retail store	2	[{"changed": {"fields": ["Province", "Hours type", "Status"]}}]	16	2
436	2025-08-27 04:01:29.537063+00	401d35ad-c590-4174-bf02-a54f6270b3ac	Lothiliwa investments	2	[{"changed": {"fields": ["Bbbee level", "Status"]}}]	16	2
437	2025-08-27 04:02:03.349822+00	2d301ea5-6d19-4813-a941-8212da6bf208	Madiba smoothflow & renovations	2	[{"changed": {"fields": ["Bbbee level", "Province", "Hours type", "Status"]}}]	16	2
438	2025-08-27 04:02:53.113297+00	2c0d743f-632a-40ff-97df-295f20cd23ee	Mfubesi projects (pty) ltd	2	[{"changed": {"fields": ["Bbbee level", "Status"]}}]	16	2
439	2025-08-27 04:03:44.264522+00	811d2c90-d854-482d-b9c8-6540377c0c33	Mfubeis projects	3		16	2
440	2025-08-30 14:48:23.137606+00	9457425a-cc08-407b-91d1-6330e0e66cb4	One-Visio Academy	2	[{"changed": {"fields": ["Title", "Enter your business slug", "Slug", "Province", "Status"]}}]	16	2
441	2025-08-30 15:06:20.842905+00	db351bf5-b99e-4d8c-8726-9db450c83988	On point finances	2	[{"changed": {"fields": ["Hours type"]}}]	16	2
442	2025-08-30 19:38:48.136314+00	ff843585-d7fb-43c9-8de7-7d08dfb78405	Yalwa Holdings	2	[{"changed": {"fields": ["Bbbee level"]}}]	16	2
443	2025-09-05 11:06:54.029835+00	149facbb-a85a-4488-882d-f331528990b1	Sazi NdwandwaMorning(7am - 12pm)	3		29	2
444	2025-09-05 11:08:44.458071+00	fc0946f3-b5c7-4ca3-af86-d03d19e2b9b1	sahluko funeral service	2	[{"changed": {"fields": ["Province", "Status"]}}]	16	2
445	2025-09-05 11:09:31.075777+00	cfec3c9d-a3ab-42e6-9166-a87c1963f007	Sinbad Wines	2	[{"changed": {"fields": ["Province", "Status"]}}]	16	2
446	2025-09-05 11:10:59.918482+00	9457425a-cc08-407b-91d1-6330e0e66cb4	One-Vision Academy	2	[{"changed": {"fields": ["Title"]}}]	16	2
447	2025-09-05 11:11:56.163137+00	24b4dc4f-093e-45a2-a387-326dc2258ccd	Fifty On Gugs Tshisanyama	2	[{"changed": {"fields": ["Province", "Status"]}}]	16	2
448	2025-09-29 09:24:33.608668+00	ec015d28-f9af-450b-9477-6739f450eaff	ISIPHO DECOR AND CATERING	2	[{"changed": {"fields": ["Province", "Status"]}}]	16	2
449	2025-09-29 09:26:10.118655+00	d50bf3f9-1f86-4993-9115-847d6e20258d	Littys enterprise	2	[{"changed": {"fields": ["Main address", "Bbbee level", "Province"]}}]	16	2
450	2025-09-29 09:26:24.251593+00	d50bf3f9-1f86-4993-9115-847d6e20258d	Littys enterprise	2	[{"changed": {"fields": ["Status"]}}]	16	2
451	2025-09-29 09:26:52.025191+00	cb58a2f1-c74a-4224-ace9-b52b9343e974	Mrhari Enterprise	2	[{"changed": {"fields": ["Bbbee level"]}}]	16	2
452	2025-09-30 06:31:23.932846+00	1	saff	1	[{"added": {}}]	3	1
453	2025-09-30 06:32:13.529461+00	2	Mr S Ndwandwa	2	[{"changed": {"fields": ["Groups"]}}]	6	1
454	2025-10-02 12:44:38.625041+00	3a1d0b2c-f7e0-4480-b0f8-0e4f4600c302	Checking	3		11	1
455	2025-10-02 12:44:38.630903+00	1751425d-ce28-4746-8373-498c0bce35f4	Checking	3		11	1
456	2025-10-05 20:33:04.958533+00	2	BBGI	1	[{"added": {}}]	56	1
457	2025-10-05 20:33:15.201019+00	2	BBGI	2	[]	56	1
458	2025-10-05 20:33:40.007407+00	2	BBGI	2	[{"changed": {"fields": ["Visible"]}}]	56	1
459	2025-10-05 20:35:29.571695+00	82	Thabang Tsotetsi	3		6	1
460	2025-10-05 20:35:29.576667+00	57	Afikile SIwa	3		6	1
461	2025-10-05 20:40:16.529447+00	2	BBGI	2	[{"changed": {"fields": ["Background color", "Text color", "Link color", "Link hover color", "Background color", "Background selected color", "Link color", "Link hover color"]}}]	56	1
462	2025-10-05 20:41:48.789272+00	2	BBGI	2	[{"changed": {"fields": ["Background color", "Link color", "Link hover color"]}}]	56	1
463	2025-10-05 20:43:04.503094+00	2	BBGI	2	[{"changed": {"fields": ["Background selected color", "Link color"]}}]	56	1
464	2025-10-05 20:44:42.555787+00	2	BBGI	2	[]	56	1
465	2025-10-06 07:28:44.861003+00	be30c868-3be4-4a17-9047-a85b639d6c53	AFRICAN XPLORA	2	[{"changed": {"fields": ["Is completed"]}}]	16	1
466	2025-10-06 07:28:44.864043+00	1067150c-3bc3-4648-9bb1-77abd085166a	Abadala	2	[{"changed": {"fields": ["Is completed"]}}]	16	1
467	2025-10-06 07:28:44.866254+00	948b0722-747e-4de6-9d69-47b465787da6	Alakhe Group Holdings	2	[{"changed": {"fields": ["Status", "Is completed"]}}]	16	1
468	2025-10-06 07:28:44.868288+00	e1a9ba0b-1da9-42d6-b7ef-b3978f488497	Amatola clothing	2	[{"changed": {"fields": ["Is completed"]}}]	16	1
469	2025-10-06 07:28:44.870302+00	be4f0d25-f2d4-4cbd-a274-b4f3d0348dc2	Bespwoke Clothing Design	2	[{"changed": {"fields": ["Is completed"]}}]	16	1
470	2025-10-06 07:28:44.872456+00	f967e7aa-9c8c-46ce-afb0-7a71d978353d	Changing Your Business Through Theatre	2	[{"changed": {"fields": ["Is completed"]}}]	16	1
471	2025-10-06 07:28:44.874702+00	48445bd2-1ed0-4fee-99d2-d257fcc85b5c	Chulus retail store	2	[{"changed": {"fields": ["Is completed"]}}]	16	1
472	2025-10-06 07:28:44.876588+00	704cc773-1e93-4159-8c35-535bad3ace5e	Cook with Mantu	2	[{"changed": {"fields": ["Is completed"]}}]	16	1
473	2025-10-06 07:28:44.881662+00	24b4dc4f-093e-45a2-a387-326dc2258ccd	Fifty On Gugs Tshisanyama	2	[{"changed": {"fields": ["Is completed"]}}]	16	1
474	2025-10-06 07:28:44.884419+00	ec015d28-f9af-450b-9477-6739f450eaff	ISIPHO DECOR AND CATERING	2	[{"changed": {"fields": ["Is completed"]}}]	16	1
475	2025-10-06 07:28:44.887021+00	dfcc48b4-a9c4-4f33-8a9e-1502ac008ddc	Imijelo Consulting	2	[{"changed": {"fields": ["Is completed"]}}]	16	1
476	2025-10-06 07:28:44.889521+00	5a1e8e63-ddcd-4932-aafc-710499071653	Isibaya funeral services	2	[{"changed": {"fields": ["Is completed"]}}]	16	1
477	2025-10-06 07:28:44.892076+00	c0b15a49-c311-4513-b89e-9d448b7af649	KMH Consulting	2	[{"changed": {"fields": ["Is completed"]}}]	16	1
478	2025-10-06 07:28:44.894701+00	92add19b-c920-4133-8c9e-f0c39e0255ed	Kuboo events & manufacturing	2	[{"changed": {"fields": ["Is completed"]}}]	16	1
479	2025-10-06 07:28:44.897163+00	7d5f8790-f2db-49fd-b010-862ea52d5a31	Kuhle Apha	2	[{"changed": {"fields": ["Is completed"]}}]	16	1
480	2025-10-06 07:28:44.899717+00	dd94c58e-1c2a-4ec9-9298-37ddae733bfc	Lash Events	2	[{"changed": {"fields": ["Is completed"]}}]	16	1
481	2025-10-06 07:28:44.902196+00	d50bf3f9-1f86-4993-9115-847d6e20258d	Littys enterprise	2	[{"changed": {"fields": ["Is completed"]}}]	16	1
482	2025-10-06 07:28:44.904068+00	401d35ad-c590-4174-bf02-a54f6270b3ac	Lothiliwa investments	2	[{"changed": {"fields": ["Is completed"]}}]	16	1
483	2025-10-06 07:28:44.90596+00	2d301ea5-6d19-4813-a941-8212da6bf208	Madiba smoothflow & renovations	2	[{"changed": {"fields": ["Is completed"]}}]	16	1
484	2025-10-06 07:28:44.907763+00	b2bbb504-05a0-44de-bc2e-20448c0ab8bc	Mamputa Holdings Pty	2	[{"changed": {"fields": ["Is completed"]}}]	16	1
485	2025-10-06 07:28:44.90964+00	d1db81a7-7820-4dae-8ea2-d1818383fee3	Maxoli Spaza shop	2	[{"changed": {"fields": ["Is completed"]}}]	16	1
486	2025-10-06 07:28:44.911463+00	2c0d743f-632a-40ff-97df-295f20cd23ee	Mfubesi projects (pty) ltd	2	[{"changed": {"fields": ["Is completed"]}}]	16	1
487	2025-10-06 07:28:44.913389+00	cb58a2f1-c74a-4224-ace9-b52b9343e974	Mrhari Enterprise	2	[{"changed": {"fields": ["Is completed"]}}]	16	1
488	2025-10-06 07:28:44.915297+00	63c8c0ab-0eeb-4cce-8980-a7b0d945ca0f	NLOS Projects	2	[{"changed": {"fields": ["Is completed"]}}]	16	1
489	2025-10-06 07:28:44.917173+00	db351bf5-b99e-4d8c-8726-9db450c83988	On point finances	2	[{"changed": {"fields": ["Is completed"]}}]	16	1
490	2025-10-06 07:28:44.919012+00	9457425a-cc08-407b-91d1-6330e0e66cb4	One-Vision Academy	2	[{"changed": {"fields": ["Is completed"]}}]	16	1
491	2025-10-06 07:28:44.920742+00	b520e025-6f86-471c-906e-c6eba8183f2b	PROMOTONE	2	[{"changed": {"fields": ["Is completed"]}}]	16	1
492	2025-10-06 07:28:44.922671+00	d3134636-cf34-47b9-8be6-79b05a736322	QualiSphere	2	[{"changed": {"fields": ["Is completed"]}}]	16	1
493	2025-10-06 07:28:44.924553+00	7dc0df5e-bc5b-4347-8253-7eb3661f2e92	Reliable cleaning services	2	[{"changed": {"fields": ["Is completed"]}}]	16	1
494	2025-10-06 07:28:44.92652+00	2452e10c-5609-4750-9d63-dbf0fe6c7cce	SAHLUKO FUNERAL SERVICES	2	[{"changed": {"fields": ["Is completed"]}}]	16	1
495	2025-10-06 07:28:44.928362+00	4d985c09-41fe-46fe-8d96-489f4102268f	Sako Electricians	2	[{"changed": {"fields": ["Is completed"]}}]	16	1
496	2025-10-06 07:28:44.930344+00	cfec3c9d-a3ab-42e6-9166-a87c1963f007	Sinbad Wines	2	[{"changed": {"fields": ["Is completed"]}}]	16	1
497	2025-10-06 07:28:44.932245+00	c806d354-01d4-4406-9422-fc74c995cf6f	Sisco Spaza shop	2	[{"changed": {"fields": ["Is completed"]}}]	16	1
498	2025-10-06 07:28:44.934365+00	4f0a4fed-f6af-48fd-ae69-d4e71eb25575	Site C business forum	2	[{"changed": {"fields": ["Is completed"]}}]	16	1
499	2025-10-06 07:28:44.936327+00	559c9ff5-7ea4-4fff-a25c-7c9cf148f0b5	Thamica beauty & wellness	2	[{"changed": {"fields": ["Is completed"]}}]	16	1
500	2025-10-06 07:28:44.938363+00	84ea22c3-a4ec-44c2-b91b-db147506d2cc	WeDoDev.	2	[{"changed": {"fields": ["Is completed"]}}]	16	1
501	2025-10-06 07:28:44.940097+00	ff843585-d7fb-43c9-8de7-7d08dfb78405	Yalwa Holdings	2	[{"changed": {"fields": ["Is completed"]}}]	16	1
502	2025-10-06 07:28:44.942184+00	66b5505f-866c-4965-89fb-d97164801862	Zonke world fridge & flush services	2	[{"changed": {"fields": ["Is completed"]}}]	16	1
503	2025-10-06 07:28:44.94402+00	fc0946f3-b5c7-4ca3-af86-d03d19e2b9b1	sahluko funeral service	2	[{"changed": {"fields": ["Is completed"]}}]	16	1
504	2025-10-06 07:28:58.10175+00	b520e025-6f86-471c-906e-c6eba8183f2b	PROMOTONE	2	[{"changed": {"fields": ["Status"]}}]	16	1
505	2025-10-06 07:30:37.024492+00	2452e10c-5609-4750-9d63-dbf0fe6c7cce	SAHLUKO FUNERAL SERVICES	2	[{"changed": {"fields": ["Status"]}}]	16	1
506	2025-11-01 21:47:03.470034+00	1	saff	2	[{"changed": {"fields": ["Permissions"]}}]	3	1
507	2025-11-01 23:02:51.434419+00	1af481be-72fa-4b20-bccb-50773d6b6f6d	Alakhe BuildHers - She Builds, She Leads, She Rises.	3		24	1
508	2025-11-01 23:09:57.656403+00	746f2944-3353-4a78-bebe-428b1b478c76	LuboMortgage Solutions	2	[{"changed": {"fields": ["Status", "Is completed"]}}]	16	1
509	2025-12-01 00:32:37.246997+00	002ec8f3-4e3a-4a2d-999e-9adda9de8c62	YamboN Consultants	2	[{"changed": {"fields": ["Province", "Status", "Is completed"]}}]	16	1
510	2025-12-01 05:50:28.965293+00	33	Mr S Ndwandwa	2	[{"changed": {"fields": ["Title", "Staff status", "Superuser status"]}}]	6	1
511	2025-12-03 20:21:31.803864+00	f4736bc4-bcb1-4576-9b6d-547e5e93a2c9	Company success	1	[{"added": {}}]	10	1
512	2025-12-03 21:00:36.519196+00	18fa37ee-d640-4c68-9cab-327358fe433e	Alakhe Group Holdings: Building Sustainable Solutions for South Africa’s Future	1	[{"added": {}}]	9	1
513	2025-12-03 21:03:19.117241+00	18fa37ee-d640-4c68-9cab-327358fe433e	Alakhe Group Holdings: Building Sustainable Solutions for South Africa’s Future	2	[{"changed": {"fields": ["Content"]}}]	9	1
514	2025-12-31 12:07:42.769301+00	34df2716-49a3-42a2-97d1-c2744b40263e	BS Gumede Attorneys (Pty) Ltd	2	[{"changed": {"fields": ["Status"]}}]	16	1
515	2025-12-31 12:07:42.788729+00	a06f547f-e3b3-4fe6-88ff-6f077149c6f1	ML Geo Consulting Engineers (Pty) Ltd	2	[{"changed": {"fields": ["Status"]}}]	16	1
516	2026-02-05 09:00:27.05429+00	ee429c8e-3824-4785-a891-20b322ee4e96	Network and Business Relationships: Sustainable Success Growth	2	[{"changed": {"fields": ["Status"]}}]	24	2
517	2026-02-06 08:53:38.509976+00	ee429c8e-3824-4785-a891-20b322ee4e96	Keys for Sustainable Growth & Success: Network and Business Relationships:	2	[{"changed": {"fields": ["Title", "Small description", "Content"]}}]	24	2
575	2026-02-10 17:37:08.28745+00	2dce151e-8c2f-4445-8108-62c5a11203bc	BBGICP20241143	3		46	1
576	2026-02-10 17:37:08.291012+00	2b35ea28-611b-47b6-bf90-2565373c3634	BBGICP2024117	3		46	1
577	2026-02-10 17:37:08.294155+00	29ae2e40-4b9a-42ee-bb97-3d1fd73aa9c7	BBGICP20241135	3		46	1
578	2026-02-10 17:37:08.298928+00	263d1068-81dc-4e4b-89c1-24e96b94e891	BBGICP202411	3		46	1
518	2026-02-07 05:10:57.290583+00	ee429c8e-3824-4785-a891-20b322ee4e96	Keys for Sustainable Growth & Success: Network and Business Relationships:	2	[{"changed": {"name": "event ticket type model", "object": "Network& Relationship- Sustainable Success and Growth Ticket - R200.00(+ R6.00)", "fields": ["Transaction cost"]}}, {"deleted": {"name": "event ticket type model", "object": "Network& Relationship- Sustainable Success and Growth Ticket - R200.00(+ R3)"}}, {"deleted": {"name": "event ticket type model", "object": "Network& Relationship- Sustainable Success and Growth Ticket - R200.00(+ R3)"}}, {"deleted": {"name": "event ticket type model", "object": "Network& Relationship- Sustainable Success and Growth Ticket - R200.00(+ R3)"}}, {"deleted": {"name": "event ticket type model", "object": "Network& Relationship- Sustainable Success and Growth Ticket - R200.00(+ R3)"}}]	24	2
519	2026-02-09 14:39:59.808949+00	22	Mr Z Magadla	2	[{"changed": {"fields": ["Title", "Staff status"]}}]	6	2
520	2026-02-09 14:40:39.112061+00	29	Ms K Hlaka	2	[{"changed": {"fields": ["Title", "Staff status", "Groups"]}}]	6	2
521	2026-02-09 14:46:37.875878+00	ee429c8e-3824-4785-a891-20b322ee4e96	Keys for Sustainable Growth & Success: Network and Business Relationships:	2	[{"added": {"name": "event ticket type model", "object": "BMF Member Ticket - R150(+ R4.50)"}}, {"changed": {"name": "event ticket type model", "object": "Non-member Ticket - R200.00(+ R6.00)", "fields": ["Title", "Available seats", "Transaction cost", "Total price"]}}]	24	2
522	2026-02-09 14:47:57.487322+00	ee429c8e-3824-4785-a891-20b322ee4e96	Keys for Sustainable Growth & Success: Network and Business Relationships:	2	[{"changed": {"name": "event ticket type model", "object": "Non-member Ticket - R200.00(+ R6.00)", "fields": ["Transaction cost", "Total price"]}}, {"changed": {"name": "event ticket type model", "object": "BMF Member Ticket - R150.00(+ R4.50)", "fields": ["Transaction cost", "Total price"]}}]	24	2
523	2026-02-10 17:36:22.768624+00	b1b7231b-b20c-49bc-a9cb-219886644efc	BBGI Operational Costs Fundraising	2	[{"changed": {"fields": ["Status"]}}]	21	1
524	2026-02-10 17:37:08.103636+00	f8d97676-cf2b-4a33-81cc-03b8b78ef14a	BBGICP20241122	3		46	1
525	2026-02-10 17:37:08.107803+00	f486b265-021c-4dc0-990e-95ee3b9a60ba	BBGICP20241121	3		46	1
526	2026-02-10 17:37:08.110254+00	f150f6d4-8c04-46f0-800b-a5ede3accedf	BBGICP20241139	3		46	1
527	2026-02-10 17:37:08.112803+00	efa782a1-26da-4c66-a560-b55aac45db5b	BBGICP20241115	3		46	1
528	2026-02-10 17:37:08.11574+00	ef8e71f0-0ca8-40af-9b30-08635bec3dff	BBGICP202410	3		46	1
529	2026-02-10 17:37:08.118684+00	ee333275-16de-47f3-8451-731dbea8996e	BBGICP20241128	3		46	1
530	2026-02-10 17:37:08.121319+00	e74575bd-d459-4963-8d7d-adf4f2c2b8f4	BBGICP20241126	3		46	1
531	2026-02-10 17:37:08.124667+00	e23677d4-06b3-4064-9619-09d4671732fb	BBGICP20241140	3		46	1
532	2026-02-10 17:37:08.127025+00	df188731-2c31-4734-8588-76f4555a12ea	BBGICP20241113	3		46	1
533	2026-02-10 17:37:08.129811+00	dba4fa9f-a514-4487-afbf-2a81ee3ffcf4	BBGICP20241136	3		46	1
534	2026-02-10 17:37:08.132143+00	da742997-84a3-421f-8196-ba1fd4bc01a0	BBGICP20241148	3		46	1
535	2026-02-10 17:37:08.134786+00	d875566a-941b-4806-8faa-2313fb9c3c0a	BBGICP20241118	3		46	1
536	2026-02-10 17:37:08.137229+00	d763e4f9-288d-466e-b98b-1ec7c8a5307a	BBGICP2024111	3		46	1
537	2026-02-10 17:37:08.142154+00	d1825dc4-8104-4959-9018-298bdbc1a899	BBGICP20241147	3		46	1
538	2026-02-10 17:37:08.145038+00	cc485a21-547b-4bdc-b259-a635a38b9b68	BBGICP20241131	3		46	1
539	2026-02-10 17:37:08.148079+00	c28ab541-4035-4757-ba66-5ee2599e95c4	BBGICP20241116	3		46	1
540	2026-02-10 17:37:08.151026+00	c23428c2-0587-4183-98d4-08c31a2b7110	BBGICP202491	3		46	1
541	2026-02-10 17:37:08.154118+00	bc9cb5e8-af41-41fe-871e-546d533c9602	BBGICP202496	3		46	1
542	2026-02-10 17:37:08.156628+00	b84f711e-8865-43bb-a0e9-282c7949c1d1	BBGICP20241133	3		46	1
543	2026-02-10 17:37:08.159531+00	b52a1758-c317-41a1-b0c1-4eb143060e1a	BBGICP20241127	3		46	1
544	2026-02-10 17:37:08.162213+00	b34f947d-19df-43f7-bb41-bd5851fb02ca	BBGICP20241111	3		46	1
545	2026-02-10 17:37:08.165212+00	af4cb5e5-d8d0-452e-84e0-d674ad78a29f	BBGICP2024116	3		46	1
546	2026-02-10 17:37:08.170031+00	a8f57449-50fe-4aa0-8d4a-1745e0f91fdb	BBGICP20241138	3		46	1
547	2026-02-10 17:37:08.173616+00	a8338237-4d9d-4218-8f82-6989e662c3ee	BBGICP20241125	3		46	1
548	2026-02-10 17:37:08.177568+00	a24932ae-95c8-47da-bc8e-3e38971ee6fc	BBGICP2024119	3		46	1
549	2026-02-10 17:37:08.182054+00	a21e4f46-b19d-41ec-8dea-375d3ffdbf14	BBGICP20241132	3		46	1
550	2026-02-10 17:37:08.185967+00	a1c07c9d-1973-4c43-aca8-685e0fe8f5c8	BBGICP20241129	3		46	1
551	2026-02-10 17:37:08.190605+00	96f80127-6f70-4bd1-a825-f777ef388fca	BBGICP20241124	3		46	1
552	2026-02-10 17:37:08.197565+00	9274b800-e3d0-4de4-96d2-a6325affccc9	BBGICP20241123	3		46	1
553	2026-02-10 17:37:08.203638+00	8b0c592f-2227-4751-b17a-94de819e58d5	BBGI2024HE17	3		46	1
554	2026-02-10 17:37:08.208873+00	8a356487-6a7d-4023-aca7-ff635bc36fd2	BBGICP20241144	3		46	1
555	2026-02-10 17:37:08.214936+00	89efe857-de16-49de-8bad-dd97e94cc356	BBGICP20241145	3		46	1
556	2026-02-10 17:37:08.21781+00	8673b23e-6a63-4641-b1bd-660fa539eea3	BBGICP20241120	3		46	1
557	2026-02-10 17:37:08.222398+00	86383237-042f-419e-a613-581f4e6d6d83	BBGICP20241112	3		46	1
558	2026-02-10 17:37:08.226652+00	8381189e-9750-400c-8659-6db02e181020	BBGICP20241150	3		46	1
559	2026-02-10 17:37:08.230672+00	7d36d8ca-ddf4-4b68-9036-7e59672da9b0	BBGICP2024115	3		46	1
560	2026-02-10 17:37:08.234386+00	7bc7b022-9f2b-4f39-a99b-dda8d6dad17c	BBGICP20241146	3		46	1
561	2026-02-10 17:37:08.241145+00	7331b46d-fb1d-4ace-a063-b44b490b047e	BBGICP202495	3		46	1
562	2026-02-10 17:37:08.245668+00	71dff4db-8e14-46a0-ab03-b799eed223e3	BBGICP20241141	3		46	1
563	2026-02-10 17:37:08.248536+00	6e83ef60-0e72-4ec4-a7cd-50cef87b11e4	BBGICP20241110	3		46	1
564	2026-02-10 17:37:08.251075+00	649250cd-aa3a-445b-989f-e124f56f27eb	BBGICP2024113	3		46	1
565	2026-02-10 17:37:08.25344+00	63489d88-bf63-485b-8c4e-dc0db0a580af	BBGICP20249	3		46	1
566	2026-02-10 17:37:08.255808+00	556a5b2c-95e6-47a7-a38a-34c88656898c	BBGICP2024114	3		46	1
567	2026-02-10 17:37:08.258245+00	47f0363c-4f01-4901-9469-2077ecfa125a	BBGICP202493	3		46	1
568	2026-02-10 17:37:08.261013+00	407298d8-3a0e-48d2-b49b-a0c870a9390a	BBGICP20241117	3		46	1
569	2026-02-10 17:37:08.264746+00	4002d454-d1fa-4eeb-b1d2-ceec00b4a6a7	BBGICP202492	3		46	1
570	2026-02-10 17:37:08.267747+00	3d250db0-06ef-4cf8-9bc1-77e5095948f3	BBGICP2024101	3		46	1
571	2026-02-10 17:37:08.273498+00	3c021ac8-1a92-4096-b2a4-0d4ad3764118	BBGICP20241119	3		46	1
572	2026-02-10 17:37:08.278223+00	3a6e699f-bfc6-40bd-aea1-06356306a504	BBGICP20241114	3		46	1
573	2026-02-10 17:37:08.281427+00	3362b2d9-9452-4fab-8c53-d014a6a12f69	BBGICP20241142	3		46	1
580	2026-02-10 17:37:08.305865+00	1ad6245e-1a5b-45ef-b29f-8ebd6a7d901e	BBGICP20241130	3		46	1
581	2026-02-10 17:37:08.311846+00	199ef4b8-9242-4027-a810-3bce39eced5e	BBGICP20241137	3		46	1
582	2026-02-10 17:37:08.314702+00	1423d647-7d46-413d-bd4b-c8006c6dc100	BBGICP20241149	3		46	1
583	2026-02-10 17:37:08.317195+00	07f0725b-9712-4e44-b8ca-25c1f36bed5e	BBGICP2024118	3		46	1
584	2026-02-10 17:37:08.319595+00	07d6fcb9-eb78-496e-b35c-2101b90dfa79	BBGICP20241134	3		46	1
585	2026-02-10 17:39:01.324549+00	e1b8c534-eb27-4180-a07f-1956eacf9357	AFC123BBGI20	1	[{"added": {}}]	46	1
586	2026-02-10 18:14:28.258592+00	e1b8c534-eb27-4180-a07f-1956eacf9357	AFC123BBGI20	2	[{"changed": {"fields": ["Valid from"]}}]	46	1
587	2026-02-10 18:44:44.290426+00	b2fa9c0d-32b3-464f-8902-99863660503d	BBGI202623	3		26	1
588	2026-02-10 18:44:44.29565+00	a64bdd94-3f7f-4403-ae1d-cbab05c173c9	BBGI20262	3		26	1
589	2026-02-10 18:44:44.298843+00	95dd2265-c22c-489b-bfc6-f3df06c0984b	BBGI202622	3		26	1
590	2026-02-10 18:45:53.651508+00	e1b8c534-eb27-4180-a07f-1956eacf9357	BBGIPARTNER2026	2	[{"changed": {"fields": ["Code", "Valid from"]}}]	46	1
591	2026-02-10 21:15:27.514075+00	c244f72b-1da6-46f9-a1f3-2da52cdd78e9	SAHLUKO FUNERAL SERVICES	3		21	2
592	2026-02-13 10:53:06.389288+00	ee429c8e-3824-4785-a891-20b322ee4e96	Keys for Sustainable Growth & Success: Network and Business Relationships:	2	[{"changed": {"name": "event ticket type model", "object": "Non-member Ticket - R200.00(+ R0.00)", "fields": ["Transaction cost", "Total price"]}}, {"changed": {"name": "event ticket type model", "object": "BMF Member Ticket - R150.00(+ R0.00)", "fields": ["Transaction cost", "Total price"]}}]	24	2
593	2026-02-13 10:53:25.647756+00	ee429c8e-3824-4785-a891-20b322ee4e96	Keys for Sustainable Growth & Success: Network and Business Relationships:	2	[]	24	2
594	2026-02-15 20:21:00.019514+00	775be52c-6a0c-4050-8adf-59055f0efc4b	BMF Member Ticket - R150.00	2	[{"changed": {"fields": ["Sale start", "Sale end"]}}]	25	1
595	2026-02-15 20:52:32.458253+00	0e277334-4da7-4428-a469-04d763f8bcc8	50.00	3		22	1
596	2026-02-15 20:52:32.463892+00	b84d9f09-5725-40d9-9060-6a68cc2ca22e	1000.00	3		22	1
597	2026-02-16 07:43:32.109866+00	27f1aaaf-abaf-49d0-9389-b9c5d3126b62	1000.00	3		22	1
598	2026-02-19 02:02:07.176202+00	126	Mr T Ngesi	2	[{"changed": {"fields": ["Title", "Is email activated"]}}]	6	2
599	2026-02-19 02:03:21.272428+00	127	Ms N Sandile	2	[{"changed": {"fields": ["Title", "Is email activated"]}}]	6	2
600	2026-02-19 02:05:27.042087+00	130	Mr S Kaptein	2	[{"changed": {"fields": ["Title", "Is email activated"]}}]	6	2
601	2026-02-19 02:05:46.962062+00	129	Mr M Makoma	2	[{"changed": {"fields": ["Title", "Is email activated"]}}]	6	2
602	2026-02-19 02:06:09.716647+00	128	Ms N Mphoselwa	2	[{"changed": {"fields": ["Title", "Is email activated"]}}]	6	2
603	2026-02-19 02:06:39.104656+00	125	Mr A Kamanga	2	[{"changed": {"fields": ["Is email activated"]}}]	6	2
604	2026-02-19 22:34:26.939918+00	131	OOOhSGFDqXTIgogHUsXXhhTE PQQbiGBOiLisConNdEjjT	3		6	1
605	2026-02-19 22:36:00.950489+00	548364fc-0fa3-49bc-a643-e3c5e9a325e1	BBGI202621	3		26	1
606	2026-02-19 22:36:00.955279+00	38391986-c89e-4d26-9ecb-f159195e1c6c	BBGI20262	3		26	1
607	2026-02-19 22:36:00.95842+00	8ce665b9-d2d0-47b4-94bf-17a186ed003a	BBGI202623	3		26	1
608	2026-02-22 18:32:42.737114+00	142	Ms Z Mkangala-Dyasi	2	[{"changed": {"fields": ["Title", "Is email activated"]}}]	6	2
609	2026-02-22 18:33:06.711923+00	148	Ms T Kilo	2	[{"changed": {"fields": ["Title", "Is email activated"]}}]	6	2
610	2026-02-22 18:33:24.980947+00	147	Mr A Rabe	2	[{"changed": {"fields": ["Title", "Is email activated"]}}]	6	2
611	2026-02-22 18:33:41.393655+00	145	Mr K Goci	2	[{"changed": {"fields": ["Title", "Is email activated"]}}]	6	2
612	2026-02-22 18:33:57.299378+00	144	Ms K Tu	2	[{"changed": {"fields": ["Title", "Is email activated"]}}]	6	2
613	2026-02-22 18:34:12.083108+00	143	Ms N Phokojoe	2	[{"changed": {"fields": ["Title", "Is email activated"]}}]	6	2
614	2026-02-22 18:35:06.186776+00	137	Ms S Booi	2	[{"changed": {"fields": ["Title", "Is email activated"]}}]	6	2
615	2026-02-22 18:35:32.20702+00	141	Ms s mjali	2	[{"changed": {"fields": ["Title", "Is email activated"]}}]	6	2
616	2026-02-22 18:40:20.916516+00	bceb392d-99b9-4085-949d-f1a28e10a532	LG Sneaker Cleaning Service & Restored	2	[{"changed": {"fields": ["Bbbee level", "Province", "Status"]}}]	16	2
617	2026-02-22 18:40:55.517915+00	89d4ac2a-b25d-4b93-8e66-63452247adf1	Nhanha cosmetic salon	2	[{"changed": {"fields": ["Province", "Status"]}}]	16	2
618	2026-02-22 18:41:18.681232+00	421b4332-2599-41c1-8acb-f869bfc7fffe	Niche Marketing Group	2	[{"changed": {"fields": ["Province", "Status"]}}]	16	2
619	2026-02-24 11:28:10.224479+00	152	Mr S Banzi	2	[{"changed": {"fields": ["Is email activated"]}}]	6	2
620	2026-02-24 11:28:29.903564+00	151	Ms N Kali	2	[{"changed": {"fields": ["Title", "Is email activated"]}}]	6	2
621	2026-02-24 11:29:04.348993+00	150	Mr S Chusta	2	[{"changed": {"fields": ["Title", "Is email activated"]}}]	6	2
622	2026-02-24 11:29:34.131665+00	149	Mr B Ngubane	2	[{"changed": {"fields": ["Title", "Is email activated"]}}]	6	2
623	2026-02-24 11:29:51.640861+00	148	Ms T Kilo	2	[]	6	2
624	2026-02-24 13:14:19.662864+00	1e0b9e7d-ede9-4d6f-a6a3-7f62bdc77ccd	BBGI202621	3		26	1
625	2026-02-24 13:14:19.669025+00	4707b5a8-b122-42b7-8d10-ef8b73bc8ec0	BBGI202623	3		26	1
626	2026-02-24 13:14:19.672689+00	6d5f9096-7c21-4ce4-ab31-5418e788a437	BBGI20262	3		26	1
627	2026-03-04 17:34:13.974597+00	de772ec1-244d-4b8f-a6b6-3acf87b1b294	Lelos Tasty Foods	2	[{"changed": {"fields": ["Province", "Status"]}}]	16	2
628	2026-03-04 17:34:50.674709+00	42c3c21c-b2a5-47af-bac2-53c58e8c4c5e	Public Relations & Digital Marketing Agency	2	[{"changed": {"fields": ["Province", "Status"]}}]	16	2
629	2026-03-04 17:40:50.814738+00	158	Ms Z Mabetha	2	[{"changed": {"fields": ["Title", "Is email activated"]}}]	6	2
630	2026-03-04 17:41:09.07202+00	159	Mr Y Xulu	2	[{"changed": {"fields": ["Title", "Is email activated"]}}]	6	2
631	2026-03-04 17:41:35.334591+00	160	Mr M Sengoatsi	2	[{"changed": {"fields": ["Title", "Is email activated"]}}]	6	2
632	2026-03-04 17:41:50.088542+00	161	Ms N Sophe	2	[{"changed": {"fields": ["Title", "Is email activated"]}}]	6	2
633	2026-03-05 10:40:29.860435+00	34df2716-49a3-42a2-97d1-c2744b40263e	BS Gumede Attorneys (Pty) Ltd	2	[{"changed": {"fields": ["Is completed"]}}]	16	1
634	2026-03-05 10:40:29.870268+00	e90fca41-1260-477e-a456-64c2bbf35583	CT BLACK PRO	2	[{"changed": {"fields": ["Status", "Is completed"]}}]	16	1
635	2026-03-05 10:40:29.873063+00	a06f547f-e3b3-4fe6-88ff-6f077149c6f1	ML Geo Consulting Engineers (Pty) Ltd	2	[{"changed": {"fields": ["Is completed"]}}]	16	1
636	2026-03-05 10:40:29.875793+00	42c3c21c-b2a5-47af-bac2-53c58e8c4c5e	Public Relations & Digital Marketing Agency	2	[{"changed": {"fields": ["Is completed"]}}]	16	1
\.


--
-- Data for Name: django_celery_beat_clockedschedule; Type: TABLE DATA; Schema: public; Owner: thomas
--

COPY public.django_celery_beat_clockedschedule (id, clocked_time) FROM stdin;
\.


--
-- Data for Name: django_celery_beat_crontabschedule; Type: TABLE DATA; Schema: public; Owner: thomas
--

COPY public.django_celery_beat_crontabschedule (id, minute, hour, day_of_week, day_of_month, month_of_year, timezone) FROM stdin;
1	0	4	*	*	*	Africa/Johannesburg
2	0	9	*	*	*	Africa/Johannesburg
\.


--
-- Data for Name: django_celery_beat_intervalschedule; Type: TABLE DATA; Schema: public; Owner: thomas
--

COPY public.django_celery_beat_intervalschedule (id, every, period) FROM stdin;
\.


--
-- Data for Name: django_celery_beat_periodictask; Type: TABLE DATA; Schema: public; Owner: thomas
--

COPY public.django_celery_beat_periodictask (id, name, task, args, kwargs, queue, exchange, routing_key, expires, enabled, last_run_at, total_run_count, date_changed, description, crontab_id, interval_id, solar_id, one_off, start_time, priority, headers, clocked_id, expire_seconds) FROM stdin;
1	celery.backend_cleanup	celery.backend_cleanup	[]	{}	\N	\N	\N	\N	t	2026-03-05 02:00:00.032377+00	528	2026-03-05 10:23:05.213167+00		1	\N	\N	f	\N	\N	{}	\N	43200
2	close-expired-events	events.tasks.check_2_events_status	[]	{}	\N	\N	\N	\N	t	2026-03-05 07:00:00.05804+00	528	2026-03-05 10:23:05.259484+00		2	\N	\N	f	\N	\N	{}	\N	\N
3	close-expired-campaigns	campaigns.tasks.check_2_campaigns_status	[]	{}	\N	\N	\N	\N	t	2026-03-05 07:00:00.017752+00	528	2026-03-05 10:23:05.279014+00		2	\N	\N	f	\N	\N	{}	\N	\N
\.


--
-- Data for Name: django_celery_beat_periodictasks; Type: TABLE DATA; Schema: public; Owner: thomas
--

COPY public.django_celery_beat_periodictasks (ident, last_update) FROM stdin;
1	2026-03-05 10:23:05.279887+00
\.


--
-- Data for Name: django_celery_beat_solarschedule; Type: TABLE DATA; Schema: public; Owner: thomas
--

COPY public.django_celery_beat_solarschedule (id, event, latitude, longitude) FROM stdin;
\.


--
-- Data for Name: django_celery_results_chordcounter; Type: TABLE DATA; Schema: public; Owner: thomas
--

COPY public.django_celery_results_chordcounter (id, group_id, sub_tasks, count) FROM stdin;
\.


--
-- Data for Name: django_celery_results_groupresult; Type: TABLE DATA; Schema: public; Owner: thomas
--

COPY public.django_celery_results_groupresult (id, group_id, date_created, date_done, content_type, content_encoding, result) FROM stdin;
\.


--
-- Data for Name: django_celery_results_taskresult; Type: TABLE DATA; Schema: public; Owner: thomas
--

COPY public.django_celery_results_taskresult (id, task_id, status, content_type, content_encoding, result, date_done, traceback, meta, task_args, task_kwargs, task_name, worker, date_created, periodic_task_name) FROM stdin;
\.


--
-- Data for Name: django_content_type; Type: TABLE DATA; Schema: public; Owner: thomas
--

COPY public.django_content_type (id, app_label, model) FROM stdin;
1	admin	logentry
2	auth	permission
3	auth	group
4	contenttypes	contenttype
5	sessions	session
6	accounts	account
7	accounts	subscriptionpackage
8	accounts	walletmodel
9	bbgi_home	blog
10	bbgi_home	blogcategory
11	bbgi_home	emailmodel
12	bbgi_home	faq
13	bbgi_home	member
14	bbgi_home	privacy
15	bbgi_home	comment
16	listings	business
17	listings	category
18	listings	businessreview
19	listings	businesscontent
20	listings	businesshour
21	campaigns	campaignmodel
22	campaigns	contributionmodel
23	campaigns	campaignupdatemodel
24	events	eventmodel
25	events	eventtickettypemodel
26	events	ticketordermodel
27	events	ticketmodel
28	markets	service
29	markets	qoutation
30	payments	bbgibankmodel
31	payments	paymentinformation
32	django_celery_beat	crontabschedule
33	django_celery_beat	intervalschedule
34	django_celery_beat	periodictask
35	django_celery_beat	periodictasks
36	django_celery_beat	solarschedule
37	django_celery_beat	clockedschedule
38	django_celery_results	taskresult
39	django_celery_results	chordcounter
40	django_celery_results	groupresult
41	accounts	subscriptionorder
42	listings	businesslocation
43	listings	businessaddress
44	events	eventorganisor
45	accounts	aboutcompany
46	coupons	coupon
47	campaigns	campaignreview
48	campaigns	campaigncontent
49	events	eventreview
50	events	eventcontent
51	bbgi_home	accreditation
52	bbgi_home	review
53	bbgi_home	sponsor
54	markets	requestservice
55	listings	listingorder
56	admin_interface	theme
\.


--
-- Data for Name: django_migrations; Type: TABLE DATA; Schema: public; Owner: thomas
--

COPY public.django_migrations (id, app, name, applied) FROM stdin;
1	contenttypes	0001_initial	2024-08-06 17:20:31.298382+00
2	contenttypes	0002_remove_content_type_name	2024-08-06 17:20:31.317236+00
3	auth	0001_initial	2024-08-06 17:20:31.480175+00
4	auth	0002_alter_permission_name_max_length	2024-08-06 17:20:31.489031+00
5	auth	0003_alter_user_email_max_length	2024-08-06 17:20:31.497733+00
6	auth	0004_alter_user_username_opts	2024-08-06 17:20:31.506456+00
7	auth	0005_alter_user_last_login_null	2024-08-06 17:20:31.515683+00
8	auth	0006_require_contenttypes_0002	2024-08-06 17:20:31.521168+00
9	auth	0007_alter_validators_add_error_messages	2024-08-06 17:20:31.532404+00
10	auth	0008_alter_user_username_max_length	2024-08-06 17:20:31.542815+00
11	auth	0009_alter_user_last_name_max_length	2024-08-06 17:20:31.552333+00
12	auth	0010_alter_group_name_max_length	2024-08-06 17:20:31.56713+00
13	auth	0011_update_proxy_permissions	2024-08-06 17:20:31.65153+00
14	auth	0012_alter_user_first_name_max_length	2024-08-06 17:20:31.661713+00
15	accounts	0001_initial	2024-08-06 17:20:31.927005+00
16	admin	0001_initial	2024-08-06 17:20:31.997674+00
17	admin	0002_logentry_remove_auto_add	2024-08-06 17:20:32.016505+00
18	admin	0003_logentry_add_action_flag_choices	2024-08-06 17:20:32.036756+00
19	bbgi_home	0001_initial	2024-08-06 17:20:32.472925+00
20	campaigns	0001_initial	2024-08-06 17:20:32.751361+00
21	django_celery_beat	0001_initial	2024-08-06 17:20:32.875691+00
22	django_celery_beat	0002_auto_20161118_0346	2024-08-06 17:20:32.920929+00
23	django_celery_beat	0003_auto_20161209_0049	2024-08-06 17:20:32.956121+00
24	django_celery_beat	0004_auto_20170221_0000	2024-08-06 17:20:32.969052+00
25	django_celery_beat	0005_add_solarschedule_events_choices	2024-08-06 17:20:32.98205+00
26	django_celery_beat	0006_auto_20180322_0932	2024-08-06 17:20:33.038355+00
27	django_celery_beat	0007_auto_20180521_0826	2024-08-06 17:20:33.068963+00
28	django_celery_beat	0008_auto_20180914_1922	2024-08-06 17:20:33.105984+00
29	django_celery_beat	0006_auto_20180210_1226	2024-08-06 17:20:33.132203+00
30	django_celery_beat	0006_periodictask_priority	2024-08-06 17:20:33.152727+00
31	django_celery_beat	0009_periodictask_headers	2024-08-06 17:20:33.187179+00
32	django_celery_beat	0010_auto_20190429_0326	2024-08-06 17:20:33.410565+00
33	django_celery_beat	0011_auto_20190508_0153	2024-08-06 17:20:33.455866+00
34	django_celery_beat	0012_periodictask_expire_seconds	2024-08-06 17:20:33.504357+00
35	django_celery_beat	0013_auto_20200609_0727	2024-08-06 17:20:33.521073+00
36	django_celery_beat	0014_remove_clockedschedule_enabled	2024-08-06 17:20:33.532478+00
37	django_celery_beat	0015_edit_solarschedule_events_choices	2024-08-06 17:20:33.542455+00
38	django_celery_beat	0016_alter_crontabschedule_timezone	2024-08-06 17:20:33.557688+00
39	django_celery_beat	0017_alter_crontabschedule_month_of_year	2024-08-06 17:20:33.575188+00
40	django_celery_beat	0018_improve_crontab_helptext	2024-08-06 17:20:33.588161+00
41	django_celery_results	0001_initial	2024-08-06 17:20:33.667689+00
42	django_celery_results	0002_add_task_name_args_kwargs	2024-08-06 17:20:33.685755+00
43	django_celery_results	0003_auto_20181106_1101	2024-08-06 17:20:33.695965+00
44	django_celery_results	0004_auto_20190516_0412	2024-08-06 17:20:33.814829+00
45	django_celery_results	0005_taskresult_worker	2024-08-06 17:20:33.872551+00
46	django_celery_results	0006_taskresult_date_created	2024-08-06 17:20:33.932055+00
47	django_celery_results	0007_remove_taskresult_hidden	2024-08-06 17:20:33.941474+00
48	django_celery_results	0008_chordcounter	2024-08-06 17:20:34.013975+00
49	django_celery_results	0009_groupresult	2024-08-06 17:20:34.234435+00
50	django_celery_results	0010_remove_duplicate_indices	2024-08-06 17:20:34.24672+00
51	django_celery_results	0011_taskresult_periodic_task_name	2024-08-06 17:20:34.258477+00
52	events	0001_initial	2024-08-06 17:20:34.661346+00
53	listings	0001_initial	2024-08-06 17:20:35.355519+00
54	markets	0001_initial	2024-08-06 17:20:35.537266+00
55	payments	0001_initial	2024-08-06 17:20:35.612841+00
56	sessions	0001_initial	2024-08-06 17:20:35.662748+00
57	accounts	0002_alter_account_phone	2024-08-07 03:53:19.953406+00
58	campaigns	0002_alter_campaignmodel_end_date	2024-08-07 03:53:19.981682+00
59	campaigns	0003_alter_campaignmodel_end_date	2024-08-07 03:53:20.008436+00
60	events	0002_alter_eventmodel_event_enddate_and_more	2024-08-07 03:53:20.086638+00
61	events	0003_alter_eventmodel_event_enddate_and_more	2024-08-07 03:53:20.162503+00
62	listings	0002_alter_business_phone	2024-08-07 03:53:20.19172+00
63	markets	0002_alter_qoutation_date_alter_qoutation_phone	2024-08-07 03:53:20.24243+00
64	markets	0003_alter_qoutation_date	2024-08-07 03:53:20.27952+00
65	accounts	0003_account_subscription_ends_and_more	2024-08-11 18:05:19.98328+00
66	campaigns	0004_alter_campaignmodel_end_date	2024-08-14 18:09:25.337334+00
67	events	0004_alter_eventmodel_event_enddate_and_more	2024-08-14 18:09:25.422525+00
68	campaigns	0005_alter_campaignmodel_end_date	2024-08-14 18:11:37.33055+00
69	campaigns	0006_alter_campaignmodel_end_date	2024-08-14 18:11:37.367194+00
70	events	0005_alter_eventmodel_event_enddate_and_more	2024-08-14 18:11:37.444565+00
71	events	0006_alter_eventmodel_event_enddate_and_more	2024-08-14 18:11:37.538462+00
72	markets	0004_alter_qoutation_date	2024-08-14 18:15:38.7938+00
73	markets	0005_alter_qoutation_date	2024-08-14 18:15:38.83453+00
74	markets	0006_alter_qoutation_date	2024-08-14 18:15:38.873874+00
75	campaigns	0007_alter_campaignmodel_end_date	2024-08-14 18:16:14.612032+00
76	events	0007_alter_eventmodel_event_enddate_and_more	2024-08-14 18:16:14.691512+00
77	listings	0003_businesslocation_remove_business_address_id_and_more	2024-08-14 18:16:15.211565+00
78	markets	0007_alter_qoutation_date	2024-08-14 18:16:15.240936+00
79	campaigns	0008_alter_campaignmodel_end_date	2024-08-17 09:28:39.980334+00
80	events	0008_alter_eventmodel_event_enddate_and_more	2024-08-17 09:28:40.054767+00
81	listings	0004_rename_address_one_businesslocation_map_coordinates_and_more	2024-08-17 09:28:40.192016+00
82	markets	0008_alter_qoutation_date	2024-08-17 09:28:40.218805+00
83	campaigns	0009_alter_campaignmodel_end_date	2024-08-22 11:36:01.418354+00
84	events	0009_alter_eventmodel_event_enddate_and_more	2024-08-22 11:36:01.508614+00
85	markets	0009_alter_qoutation_date	2024-08-22 11:36:01.542624+00
86	campaigns	0010_alter_campaignmodel_end_date	2024-08-23 12:19:42.873097+00
87	events	0010_remove_eventmodel_tip_eventmodel_small_description_and_more	2024-08-23 12:19:43.050877+00
88	markets	0010_alter_qoutation_date	2024-08-23 12:19:43.092032+00
89	events	0011_ticketmodel_scanned_ticketmodel_scanned_at_and_more	2024-08-23 14:14:40.663019+00
90	events	0012_ticketordermodel_receipt_and_more	2024-08-23 18:33:33.837333+00
91	campaigns	0011_alter_campaignmodel_end_date	2024-09-11 20:33:15.367265+00
92	events	0013_alter_eventmodel_event_enddate_and_more	2024-09-11 20:33:15.650544+00
93	markets	0011_alter_qoutation_date	2024-09-11 20:33:15.687249+00
94	accounts	0004_aboutcompany_alter_account_phone_and_more	2024-09-14 15:00:24.487276+00
95	campaigns	0012_alter_campaignmodel_end_date	2024-09-14 15:00:24.549891+00
96	events	0014_alter_eventmodel_event_enddate_and_more	2024-09-14 15:00:24.727229+00
97	markets	0012_alter_qoutation_date	2024-09-14 15:00:24.775517+00
98	accounts	0005_aboutcompany_slogan_aboutcompany_small_description_and_more	2024-09-18 17:05:40.432159+00
99	campaigns	0013_alter_campaignmodel_end_date	2024-09-18 17:05:40.471153+00
100	events	0015_ticketordermodel_client_address_one_and_more	2024-09-18 17:05:41.002298+00
101	markets	0013_alter_qoutation_date	2024-09-18 17:05:41.049438+00
102	coupons	0001_initial	2024-09-18 17:06:20.622819+00
103	events	0016_alter_eventmodel_event_enddate_and_more	2024-09-18 17:06:41.367946+00
104	events	0017_ticketordermodel_coupon_code_and_more	2024-09-18 18:24:30.918294+00
105	campaigns	0014_alter_campaignmodel_end_date	2024-09-24 00:21:00.537214+00
106	events	0018_alter_eventmodel_event_enddate_and_more	2024-09-24 00:21:00.625062+00
107	listings	0005_business_alternative_phone_alter_business_phone	2024-09-24 00:21:00.728409+00
108	markets	0014_alter_qoutation_date	2024-09-24 00:21:00.765567+00
109	campaigns	0015_alter_campaignmodel_end_date	2024-09-26 10:05:53.803161+00
110	events	0019_ticketordermodel_order_note_and_more	2024-09-26 10:05:54.01088+00
111	markets	0015_alter_qoutation_date	2024-09-26 10:05:54.050134+00
112	markets	0002_alter_qoutation_date	2024-10-21 21:38:20.835908+00
113	listings	0002_businesslocation_email_and_more	2024-10-27 14:44:51.449313+00
114	events	0004_eventmodel_email_eventmodel_phone_and_more	2024-11-13 23:27:15.733312+00
115	payments	0002_alter_bbgibankmodel_options_and_more	2024-12-15 23:12:19.140017+00
116	campaigns	0005_campaignmodel_alternative_phone_and_more	2024-12-15 23:18:21.845561+00
117	campaigns	0005_alter_campaigncontent_image_and_more	2024-12-25 23:00:07.696+00
118	accounts	0002_aboutcompany_mission_aboutcompany_vision	2024-12-25 23:03:58.294346+00
119	events	0002_eventcontent	2025-01-01 01:04:29.187033+00
120	listings	0002_category_icon	2025-01-18 17:04:49.524729+00
121	bbgi_home	0002_accreditation_review_sponsor	2025-03-04 21:17:31.401884+00
122	markets	0006_requestservice_alter_qoutation_date	2025-03-04 21:17:32.252781+00
123	bbgi_home	0003_alter_sponsor_decription	2025-03-09 01:56:50.938444+00
124	accounts	0002_subscriptionorder_checkout_details	2025-04-01 06:26:39.234754+00
125	listings	0002_listingorder	2025-07-12 21:50:59.574892+00
126	listings	0002_business_is_ignored	2025-08-26 18:18:57.699124+00
127	listings	0003_remove_business_is_ignored	2025-08-26 18:31:36.352849+00
128	admin_interface	0001_initial	2025-10-05 20:30:38.898927+00
129	admin_interface	0002_add_related_modal	2025-10-05 20:30:38.976874+00
130	admin_interface	0003_add_logo_color	2025-10-05 20:30:39.006745+00
131	admin_interface	0004_rename_title_color	2025-10-05 20:30:39.024671+00
132	admin_interface	0005_add_recent_actions_visible	2025-10-05 20:30:39.040051+00
133	admin_interface	0006_bytes_to_str	2025-10-05 20:30:39.140963+00
134	admin_interface	0007_add_favicon	2025-10-05 20:30:39.151165+00
135	admin_interface	0008_change_related_modal_background_opacity_type	2025-10-05 20:30:39.165735+00
136	admin_interface	0009_add_enviroment	2025-10-05 20:30:39.183678+00
137	admin_interface	0010_add_localization	2025-10-05 20:30:39.209704+00
138	admin_interface	0011_add_environment_options	2025-10-05 20:30:39.241085+00
139	admin_interface	0012_update_verbose_names	2025-10-05 20:30:39.255488+00
140	admin_interface	0013_add_related_modal_close_button	2025-10-05 20:30:39.265781+00
141	admin_interface	0014_name_unique	2025-10-05 20:30:39.303838+00
142	admin_interface	0015_add_language_chooser_active	2025-10-05 20:30:39.314129+00
143	admin_interface	0016_add_language_chooser_display	2025-10-05 20:30:39.32441+00
144	admin_interface	0017_change_list_filter_dropdown	2025-10-05 20:30:39.334166+00
145	admin_interface	0018_theme_list_filter_sticky	2025-10-05 20:30:39.346534+00
146	admin_interface	0019_add_form_sticky	2025-10-05 20:30:39.362264+00
147	admin_interface	0020_module_selected_colors	2025-10-05 20:30:39.554054+00
148	admin_interface	0021_file_extension_validator	2025-10-05 20:30:39.568063+00
149	admin_interface	0022_add_logo_max_width_and_height	2025-10-05 20:30:39.588388+00
150	admin_interface	0023_theme_foldable_apps	2025-10-05 20:30:39.608093+00
151	admin_interface	0024_remove_theme_css	2025-10-05 20:30:39.618642+00
152	admin_interface	0025_theme_language_chooser_control	2025-10-05 20:30:39.629067+00
153	admin_interface	0026_theme_list_filter_highlight	2025-10-05 20:30:39.641705+00
154	admin_interface	0027_theme_list_filter_removal_links	2025-10-05 20:30:39.680928+00
155	admin_interface	0028_theme_show_fieldsets_as_tabs_and_more	2025-10-05 20:30:39.700242+00
156	admin_interface	0029_theme_css_generic_link_active_color	2025-10-05 20:30:39.712186+00
157	admin_interface	0030_theme_collapsible_stacked_inlines_and_more	2025-10-05 20:30:39.744201+00
158	listings	0004_alter_business_hours_type_alter_business_is_hours	2025-10-05 20:30:39.775255+00
159	coupons	0002_coupon_campaign_coupon_event_alter_coupon_code_and_more	2026-02-10 17:35:46.364729+00
\.


--
-- Data for Name: django_session; Type: TABLE DATA; Schema: public; Owner: thomas
--

COPY public.django_session (session_key, session_data, expire_date) FROM stdin;
d6d56i0nil7jphatiqzpxxqlivxxwcdx	.eJxVi80KAiEQgN_Fc4i6_owdg55DZhxDadsg9RS9ewV7qOv38xQJ56hp9vJIjcVRaHH4ZYT5WravwJzvcxtdztHWNlrpcpddnm_Y1tOe_v0Ve_3MzilPimxgNB6yW4i1R8CFSWvNHvQlZDAIhMFaFaNjo0pkIoIQWYnXG745N7c:1sbQEI:0HAGe6lO1w_1-xw3IMDKDUnrGPYW7X2b4G4sltRjKhc	2024-08-20 19:52:22.288756+00
0uymrjuyio0m4wotb6fajmhsu8j1kwrh	.eJxVi80KAiEQgN_Fc4gj6mrHoOeQ0RlR2jZIPS29ewV7qOv3s4uIc9Q4Oz9jI3EWWpx-WcJ84-0rMOfH3EaXc7S1jcZdHrLL6x3bejnSv79ir5-ZPYFlW0IJqUAGbZMCo633i7eBjdIKnHaUVSLlaCEKmgoQoVdswInXG75mN5I:1sbQq5:2k7fI3_tVp4h7avcYhOXqt4oGg7247GnrPVwfpZzQbw	2024-08-20 20:31:25.715218+00
efzfrngyoyt33j6vxq1cjtnpnde2k40s	.eJxVi80KAiEQgN_Fc4i6_owdg55DZhxDadsg9RS9ewV7qOv38xQJ56hp9vJIjcVRaHH4ZYT5WravwJzvcxtdztHWNlrpcpddnm_Y1tOe_v0Ve_3MzilPimxgNB6yW4i1R8CFSWvNHvQlZDAIhMFaFaNjo0pkIoIQWYnXG745N7c:1sbRVT:T5bom9MgeF1UOWxzdkebczSZvLewpxjxnRgeXjctvFE	2024-08-20 21:14:11.416774+00
l1i9jy5b8zqeu9f56no4vqb8ulk2oh6f	.eJxVi80KAiEQgN_Fc4gj6mrHoOeQ0RlR2jZIPS29ewV7qOv3s4uIc9Q4Oz9jI3EWWpx-WcJ84-0rMOfH3EaXc7S1jcZdHrLL6x3bejnSv79ir5-ZPYFlW0IJqUAGbZMCo633i7eBjdIKnHaUVSLlaCEKmgoQoVdswInXG75mN5I:1sc6qS:X-QvXqRp7iQBKPyxeKZlP8xDEsn7N4W7v8-CmIQB4wo	2024-08-22 17:22:36.052815+00
hy1jalwribwh1fju7ppiplm1zrrtt0r8	.eJxVi80KAiEQgN_Fc4gj6mrHoOeQ0RlR2jZIPS29ewV7qOv3s4uIc9Q4Oz9jI3EWWpx-WcJ84-0rMOfH3EaXc7S1jcZdHrLL6x3bejnSv79ir5-ZPYFlW0IJqUAGbZMCo633i7eBjdIKnHaUVSLlaCEKmgoQoVdswInXG75mN5I:1sgOGL:qPO57rNiRYR0JESM33W5poj3RgL1x__LtGPhbEAHSXk	2024-09-03 12:47:01.084003+00
zvgjarnpv07vkuv1pd5ykf0x7w82jh4v	.eJxVi80KAiEQgN_Fc4iD_x2DnkPGGRelbYPUU_TubbCHun4_L5FwjppmL8_UWJwFiNMvy0i3sn0FEj3mNrqco61ttNLlIbu83rGtlyP9-yv2us_koy2kiEwoLgcERGsc6RAgsGL2TMqDyz5G4mL0AoY1awtmIdpz8f4A3iA4VA:1st1wG:yp9UAdyPuUzz9x2L-PfqG_n9Ik_hrhCiUT58OtiUTQU	2024-10-08 09:34:32.895913+00
l4uzyak08o9h9v1yl0lm9nrk0s0olpmm	.eJxVi80KAiEQgN_Fc4iD_x2DnkPGGRelbYPUU_TubbCHun4_L5FwjppmL8_UWJwFiNMvy0i3sn0FEj3mNrqco61ttNLlIbu83rGtlyP9-yv2us_koy2kiEwoLgcERGsc6RAgsGL2TMqDyz5G4mL0AoY1awtmIdpz8f4A3iA4VA:1siDrd:LIbA-RTizAdw63V0reaqnCoOng2qrEjFIJcgMiJb7aM	2024-09-08 14:05:05.589729+00
xi1f6sb7srvz7vqycwbi11a9ksoerp0t	.eJxVi80KAiEQgN_Fc4iD_x2DnkPGGRelbYPUU_TubbCHun4_L5FwjppmL8_UWJwFiNMvy0i3sn0FEj3mNrqco61ttNLlIbu83rGtlyP9-yv2us_koy2kiEwoLgcERGsc6RAgsGL2TMqDyz5G4mL0AoY1awtmIdpz8f4A3iA4VA:1siSgf:wybDFeFqIKc-4T-qE7LU8eHrNb-4xbbBBRyl_Xqd5AI	2024-09-09 05:54:45.733985+00
krpmwxckyr8ox4csh46733vtin0fnpgg	.eJxVi8sKAiEUht_FdYgyOjotg55DjsdflKYJUldD717BLGr7XXYRaPQSRsMz1CTOworTL4vEN2xfQcyPsfUmR69r7RVNHrLJ653qejnSv79QK5_ZGAI8Kz3BAGnRPltjtYNH5swOTmlFPC9wkdmliVMkBT0bGOWdEq838AE4tg:1sjL0x:fkhldQhShZ9-DTobZP3AZGD5_sl4LFb9X4QSFnwdG6U	2024-09-11 15:55:19.861128+00
x8knldvujimaynfhy1h6642va3596f9h	.eJxVi80KAiEQgN_Fc4gj6mrHoOeQ0RlR2jZIPS29ewV7qOv3s4uIc9Q4Oz9jI3EWWpx-WcJ84-0rMOfH3EaXc7S1jcZdHrLL6x3bejnSv79ir5-ZPYFlW0IJqUAGbZMCo633i7eBjdIKnHaUVSLlaCEKmgoQoVdswInXG75mN5I:1skG0r:0GU4t9u9FSeN3n3EB_cYJlDm3XPSBTklZA6OX0e4A9o	2024-09-14 04:47:01.412618+00
7augscooor9i9ty2b7kwil9qawsd61hs	.eJxVi80KAiEQgN_Fc4iD_x2DnkPGGRelbYPUU_TubbCHun4_L5FwjppmL8_UWJwFiNMvy0i3sn0FEj3mNrqco61ttNLlIbu83rGtlyP9-yv2us_koy2kiEwoLgcERGsc6RAgsGL2TMqDyz5G4mL0AoY1awtmIdpz8f4A3iA4VA:1skGxQ:ClGMnhV_cXKH3mNxgHXL1DPXvvTxH2yuPMb6qlLJ628	2024-09-14 05:47:32.508532+00
bpb247i5rt6cbhqm9whl4u315bn30nbe	.eJxVi80KAiEQgN_Fc4gj6mrHoOeQ0RlR2jZIPS29ewV7qOv3s4uIc9Q4Oz9jI3EWWpx-WcJ84-0rMOfH3EaXc7S1jcZdHrLL6x3bejnSv79ir5-ZPYFlW0IJqUAGbZMCo633i7eBjdIKnHaUVSLlaCEKmgoQoVdswInXG75mN5I:1skHst:dksWhb7pbB3UqWT3z4JIPuNVGsZkGoe9VEPpOUxNul4	2024-09-14 06:46:55.604856+00
fb0vhhim7jza4ehwkc585pwd7kqyqew4	.eJxVi80KAiEQgN_Fc4iD_x2DnkPGGRelbYPUU_TubbCHun4_L5FwjppmL8_UWJwFiNMvy0i3sn0FEj3mNrqco61ttNLlIbu83rGtlyP9-yv2us_koy2kiEwoLgcERGsc6RAgsGL2TMqDyz5G4mL0AoY1awtmIdpz8f4A3iA4VA:1soUAc:TN4e8XafKIZsDyywF8grtbfSme0iWejwWP483d3-BwQ	2024-09-25 20:42:34.468186+00
krp74o5wj995c34cz7w8hu2xot5uaiwg	.eJxVi8sOwiAQRf-FtWnGDjDg0qTfQYZXINaaCKyM_25NutDdzT3nvITj0YsbLT1djeIitDj9fp7DLW1fwCE8xtbbNHpda6-pTQds03Lnul4P9a8v3MoeZw2QPUgrPVDATLNiQINGypDtWeZ9o0qkiOWc2GZNoDUbwogmxijeH6jNNxY:1spRJe:utfPzw7FE73P8bGvAg_cFPO68XM8bpVNpPFJ_CaQA5A	2024-09-28 11:51:50.251683+00
93to5czp5rk4cvu1f3vbqzk3rbo46mvh	.eJxVi8sOwiAQRf-FtWnGDjDg0qTfQYZXINaaCKyM_25NutDdzT3nvITj0YsbLT1djeIitDj9fp7DLW1fwCE8xtbbNHpda6-pTQds03Lnul4P9a8v3MoeZw2QPUgrPVDATLNiQINGypDtWeZ9o0qkiOWc2GZNoDUbwogmxijeH6jNNxY:1spROK:B8P9ALdgmlTK2vQL8yAYMjqjNwCJnY2EcBxwOWSBS9E	2024-09-28 11:56:40.926538+00
ajbu02vls719npoyvo68mqy5yuzdnesh	.eJxVi80KAiEQgN_Fc4iD_x2DnkPGGRelbYPUU_TubbCHun4_L5FwjppmL8_UWJwFiNMvy0i3sn0FEj3mNrqco61ttNLlIbu83rGtlyP9-yv2us_koy2kiEwoLgcERGsc6RAgsGL2TMqDyz5G4mL0AoY1awtmIdpz8f4A3iA4VA:1spUIf:BpG2yVY48i0s7vtTTx1ORW92QeKPLHmxgnPr1Txqbqc	2024-09-28 15:03:01.018101+00
8c3x9x40ep0nmowj95s16i7tecz4t88r	.eJxVi0sKwjAQQO-StZTm05nUpdBzhMlkSoK1gklW4t1V6EK37_NUgXrLoVd5hJLUWaE6_bJIfJX9K4j53vdWh97KVlqROhyyDsuNynY50r8_U82f2c_eGRdH0Axi4-TS6MGunLQACyA4mtCvs52QfEIHDkVzNBRXssager0BtLc3eA:1spUwG:7keLidNxkTlf3L4MBeeQaQcE9LymeYP01MFb1Qv07OM	2024-09-28 15:43:56.495544+00
jbnhw2ufm0dwa7147rats71qll3i4e6k	.eJxVi0sKwjAQQO-StZTm05nUpdBzhMlkSoK1gklW4t1V6EK37_NUgXrLoVd5hJLUWaE6_bJIfJX9K4j53vdWh97KVlqROhyyDsuNynY50r8_U82f2c_eGRdH0Axi4-TS6MGunLQACyA4mtCvs52QfEIHDkVzNBRXssager0BtLc3eA:1spUwH:0xWwC353vPs6vf66Rhy_AWkP0sQScDkpL2l8EjU6RaQ	2024-09-28 15:43:57.405594+00
nr9dbemj5usigs5b0g4kodapiy9vh83v	.eJxVi80KAiEQgN_Fc4gj6mrHoOeQ0RlR2jZIPS29ewV7qOv3s4uIc9Q4Oz9jI3EWWpx-WcJ84-0rMOfH3EaXc7S1jcZdHrLL6x3bejnSv79ir5-ZPYFlW0IJqUAGbZMCo633i7eBjdIKnHaUVSLlaCEKmgoQoVdswInXG75mN5I:1t1kzw:seovW7B_JJd1gkF7KrI22szSKQrwXZea0shNYf-jAuI	2024-11-01 11:18:24.82982+00
anxrjizlyvxksuuvneyv58vxtr2jka7a	.eJxVi80KAiEQgN_Fc4gj6mrHoOeQ0RlR2jZIPS29ewV7qOv3s4uIc9Q4Oz9jI3EWWpx-WcJ84-0rMOfH3EaXc7S1jcZdHrLL6x3bejnSv79ir5-ZPYFlW0IJqUAGbZMCo633i7eBjdIKnHaUVSLlaCEKmgoQoVdswInXG75mN5I:1sqSbR:lYimatqOfXinlf2AUKUfs2eyNLzsDsgdq92zXMbVoj8	2024-10-01 07:26:25.319731+00
jx1kgb0wtsys5xro3d0pxen63592cbuk	.eJxVjsEOwiAQRP-FszRsgQIeTfyOZtmlKbFWI3Ay_rs19qDXmXkz8xQjtjqPraTHmFkcBYjDrxaRLmn9GEh0a2stXat5yTWn0u1m6c5XzMtpj_7xM5Z5g8kFm0gRGZ-G6BEQrRlIew-eFbNjUg6G6EIgTkZPYFiztmAmoi2-lW7r99v6PemjIhv6SfZ976RxFmQEhzIYTh5Csp6teL0Bg0NF9Q:1sr07G:wmqoy3w3j4vlhGFzqc3ODiFciwfrhuwA_sVhHyhlgcw	2024-10-02 19:13:30.699657+00
9pgigbbv76vy33dou1pts56tsx1ujdk9	.eJxVi0sOwiAQQO_C2pChZUBcmvQcZBggEGtNBFbGu2uTLnT7Pi_hafTiR0tPX6O4iLM4_bJAfEvbLoj5Mbbe5Oh1rb2mJg_Z5HKnul6P9O8v1Mo-O1SgbTA6W5vImoAJKWJkSMpYxcERwIRh_lYqs56ZyCJgnCJkx-L9AcjSN-A:1sr1py:v_z1v6A91vbK9wqbLtTRM9R-Ysatx4MwYVFkputcgpM	2024-10-02 21:03:46.82407+00
feva5diykns8xff52ky98qflgvr5dfp8	.eJxVi80KAiEQgN_Fc4gj6mrHoOeQ0RlR2jZIPS29ewV7qOv3s4uIc9Q4Oz9jI3EWWpx-WcJ84-0rMOfH3EaXc7S1jcZdHrLL6x3bejnSv79ir5-ZPYFlW0IJqUAGbZMCo633i7eBjdIKnHaUVSLlaCEKmgoQoVdswInXG75mN5I:1srgve:yCcEGh7CvvBAP2JqwPCfBnnSyv7RjqrTSxcz-UTrrD0	2024-10-04 16:56:22.861042+00
9ho8qergr98ydlmgw0pldcrq6joddc2i	.eJxVi80KAiEQgN_Fc4ijbrodg55DZsZZlLYNUk_Ru1ewh7p-P0-VcPSSRpNHqlmdFBh1-IWEfJXta5D5Prbe9Oh1rb1K07ts-nLDup739O8v2MpnFnBGgvjZB-9m53NY6ChkPAEtPka2EzMRyGRzDsAOkaNjkyGjCFj1egPzEjjJ:1srwfe:FuZaMgyzc0ZHGlfXeehbt9TNKo0qCTLirRUX8Z6G3Qk	2024-10-05 09:44:54.246683+00
sdooa6qehpvzixjdniky9zw3hba8wua8	.eJxVi80KAiEQgN_Fc4ijbrodg55DZsZZlLYNUk_Ru1ewh7p-P0-VcPSSRpNHqlmdFBh1-IWEfJXta5D5Prbe9Oh1rb1K07ts-nLDup739O8v2MpnFnBGgvjZB-9m53NY6ChkPAEtPka2EzMRyGRzDsAOkaNjkyGjCFj1egPzEjjJ:1srwff:tQkBVDG57e44CBBXRJr-O4Hhmy-aTduYxSWqrAQ-niM	2024-10-05 09:44:55.448515+00
fwkedxvew95ddmzjeidrz7exr65qgm4v	.eJxVi80KAiEQgN_FcyzNuCp2DHoOGWdmUdo2SD1F717BHur6_TxNotFLGk0fqYo5GQBz-IWZ-Krb1xDzfWy9TaPXtfaqbdplmy43qut5T__-Qq18ZrUYgpBaTzHM7NEvgA6jRSZQUAF2hIjeCeWMhLpgiCxzdlZEjub1BuqAOGc:1ss5OW:-Yi-8Q27H0_NV1Vk9wwl1KJySyPLZVHdI8xEAkA1xlk	2024-10-05 19:03:48.71146+00
d1m14ez7obbe5edt3fyqbw05eyrmzkxi	.eJxVi80KAiEQgN_Fc4iD_x2DnkPGGRelbYPUU_TubbCHun4_L5FwjppmL8_UWJwFiNMvy0i3sn0FEj3mNrqco61ttNLlIbu83rGtlyP9-yv2us_koy2kiEwoLgcERGsc6RAgsGL2TMqDyz5G4mL0AoY1awtmIdpz8f4A3iA4VA:1stKNA:OtbIbtWiqjsmJUvjhr1M1lUyeaJc3zkZQHR_rMeEEHQ	2024-10-09 05:15:32.481711+00
d12qz3f2awcbhr3eihnl5pgwlfvo4mnk	.eJxVi80KAiEQgN_Fc4iD_x2DnkPGGRelbYPUU_TubbCHun4_L5FwjppmL8_UWJwFiNMvy0i3sn0FEj3mNrqco61ttNLlIbu83rGtlyP9-yv2us_koy2kiEwoLgcERGsc6RAgsGL2TMqDyz5G4mL0AoY1awtmIdpz8f4A3iA4VA:1stlXe:t_UuuZS6uYH7787Zxkzpm2RVfwyfXOnsitf9OljIcEU	2024-10-10 10:16:10.871395+00
mz6f8d7ky7mtayvfzd4sxcqyv1hngnoj	.eJxVi0sKwjAQQO-StZRpm8nHpdBzlJnMlAZrBZOsxLur0IVu3-dpZmp1nVvRx5zFnE3vzekXMqWr7l9DKd3bXkvXat5yzVq6Q5ZuulHeLkf6969U1s_sLKsyShCwAwZH7BJbGDFC73Txo4wakwUB72XxiXtEJGGIAzoOYF5v9g038w:1svaRt:epuHR-6-mr1SB9i_Lrjgq1xUwnyoXjOUD5--Kdy9jaM	2024-10-15 10:49:45.68084+00
dtftnti86gkhxq7k7z3u2lnhrj9jngay	.eJxVy80KAiEUhuF7cR2ijr8tg65DjmeOKE0TpK6ie89gFrX9nu99sQijlzgaPWNd2ZnJwE6_YwK80f4VQHyMvTc-et1qr9T4gY1f71C3y3H96wu0MmPlgGRefE5ZKGOQjENJNi1GeC_BoxUTCTWYYLTVU4SG4POqnQqLYO8P7vY3cw:1svarK:1545J7vHwzyoXM8Be7vF8SVaQjXL_tuj3eJvKO_kkMI	2024-10-15 11:16:02.499628+00
z5slgp9ajwl7m6fwkvdxhd22re2v8elu	.eJxVi0kOwiAUhu_C2jRMZXBp0nOQ_wENxFoTgZXx7mrShW6_4ckCRi9htPwINbEzE46dfiEhXvP-NYjxPvbeptHrVnvNbTpkm5Yb6nY50r-_oJXPHD0JzY0j4lnaOfksFTwpa6GMN04JJEpKWs3BHZC0S3w2MJQVVrey1xvmfzgg:1svasN:ebz7Ftt2ovpg-_QoNDkwKqtY560DC-RIeTVh-VAW4lY	2024-10-15 11:17:07.765403+00
8febp1ycthikyaqyvwa3dk4d8iksfyip	.eJxVi80KAiEQgN_Fc4gj6mrHoOeQ0RlR2jZIPS29ewV7qOv3s4uIc9Q4Oz9jI3EWWpx-WcJ84-0rMOfH3EaXc7S1jcZdHrLL6x3bejnSv79ir5-ZPYFlW0IJqUAGbZMCo633i7eBjdIKnHaUVSLlaCEKmgoQoVdswInXG75mN5I:1svpoR:qPciw7vmMWURD3RD7SsCRBB3vDp-HFP_L6oljtalwTk	2024-10-16 03:14:03.057546+00
spf8y1t1xnkx64eh00k533da6ao36d20	.eJxVi0EOwiAQRe_C2jR2gGlxaeI5yDBDA7HWRGBlvLs06UI3f_Hfe2_lqdXkW4kvn0VdFIzq9HsG4nvcdkLMz7bVMrSa11xzLMMBy3B7UF6vh_rXJyqpx0aM4AyIhAJuBmdQ3GRH4mmJGuEMHEHI2o6CMJDeVy-9CTpYoz5f2Zs3yQ:1svzKb:mV2dYL-E0OcGTgBw5qxmTC_9LiRm_xgXX8CVlkwkaKE	2024-10-16 13:23:53.582787+00
15ppm9uh3h2owqs1211eaoyjqzxkow6e	.eJxVjEEKwjAQRe-StZQ0bWccl4LnCJPJhARrBZOsxLuL0oVu33v_P43n3rLvVR--RHMyzpnDLwwsV90-hkXufWt16K2spRWtwy7rcLlxWc97-rfPXPP3liMJIilqOqZpVqSANEuCmEZrF4Ixsi5RLAhOMYBb5qSjE0IAIPN6A_4TOB0:1sw0Gx:EqpxjsLuH2Hmx6CEPyeZ-AF8_bqJVUlP4zkRnneSnM4	2024-10-16 14:24:11.258726+00
kv2qbty6eun9zukqj7w3f0jomwh5xiv2	.eJxVi80KAiEQgN_FcyzqKrN2DHoOGccZlLYNUk9L717BHur6_ewq4ugljsbPWLM6K-vU6RcmpBtvX4NEj7H1No1e19ort-mQbbresa6XI_37C7bymUVnSRqS-KxnICuajBNn0IgEbxHBh8QkFrJhCI7nHBiWNCdZgIyo1xsWazke:1sw5lN:gZwv9AKEXRQu25o8fN5588awhvfQzMcq7yKExjHhqOE	2024-10-16 20:15:57.422743+00
hz64eiuqkla0pbkrlwnj2nkllqakubny	.eJxVi80KAiEQgN_FcyzqKrN2DHoOGccZlLYNUk9L717BHur6_ewq4ugljsbPWLM6K-vU6RcmpBtvX4NEj7H1No1e19ort-mQbbresa6XI_37C7bymUVnSRqS-KxnICuajBNn0IgEbxHBh8QkFrJhCI7nHBiWNCdZgIyo1xsWazke:1sw5xg:EIp7ihcvPPRhPZTeMT92CKO-RuD-2JQyUQB9WkIXaCI	2024-10-16 20:28:40.552328+00
om6mcm9zz722q420va6or7h3477a9mtq	.eJxVi0sKwjAQQO-StRQ7Y5rgUvAcYTofEqwVTLIq3l2FLnT7PptL1FtOveozFXFnB-gOv3Amvun6NcT86GurQ29lKa1oHXZZh-udynLZ078_U82fWUwITWzkSKKK6knJJMaAaj54OBFGiDYDToEnEJQjjoKATCyR3OsNPF85cQ:1sw6aG:PW6Mqisth8bwP00cxYVu50xZ2UN8wTw7p8fkIxua9To	2024-10-16 21:08:32.664036+00
mvt9ucy82nmh6k31t9sekqjc47z9v7qg	.eJxVi80KAiEQgN_FcyzqKrN2DHoOGccZlLYNUk9L717BHur6_ewq4ugljsbPWLM6K-vU6RcmpBtvX4NEj7H1No1e19ort-mQbbresa6XI_37C7bymUVnSRqS-KxnICuajBNn0IgEbxHBh8QkFrJhCI7nHBiWNCdZgIyo1xsWazke:1swGGc:ATg1gZsyQ060K5JIACuI0IycH_kG6Tx7r7hrjpTnE4c	2024-10-17 07:28:54.139458+00
85rmkwobbk3hwe42gd9qm19pe9siyjh3	.eJxVi80KAiEQgN_FcyzqKrN2DHoOGccZlLYNUk9L717BHur6_ewq4ugljsbPWLM6K-vU6RcmpBtvX4NEj7H1No1e19ort-mQbbresa6XI_37C7bymUVnSRqS-KxnICuajBNn0IgEbxHBh8QkFrJhCI7nHBiWNCdZgIyo1xsWazke:1t1NUQ:gNKw6bnw3BYGTIvxRhy7kVHxcLEPJbbTdsoTpkzd_4Y	2024-10-31 10:12:18.713062+00
3hugniqaxjly6lhz4pmfd0nod7unl0ck	.eJxVi80KAiEQgN_FcyzqKrN2DHoOGccZlLYNUk9L717BHur6_ewq4ugljsbPWLM6K-vU6RcmpBtvX4NEj7H1No1e19ort-mQbbresa6XI_37C7bymUVnSRqS-KxnICuajBNn0IgEbxHBh8QkFrJhCI7nHBiWNCdZgIyo1xsWazke:1t1SR1:4p2smDW-9UYE5i7VhvDdTYXheZvIDq7NZStElrC_zZM	2024-10-31 15:29:07.561614+00
p8uydxkahr8fe7p7qy0rlksir3tdx8gd	.eJxVi80KAiEQgN_FcyxqOjodg55DxlFR2jZIPUXvXsEe6vr9PEWgOWqYPT9CS-IkNIjDL4zE17x9DTHf5zb6Mkdb22i5L7vsy-VGbT3v6d9fqdfPHBWgBgVSs1cOi3cOGd3RZWCLigpJb7TRgOhiUoajzNbYVDwAZR3F6w27oTcn:1t1hBU:f-SvUfHeCHg5yA9RGAyVpKn3XtSu4foKyM8AcbAi54Q	2024-11-01 07:14:04.306149+00
7at72bejya9ixi3hm0lczf88od03wft3	.eJxVi80KAiEQgN_FcyxqOjodg55DxlFR2jZIPUXvXsEe6vr9PEWgOWqYPT9CS-IkNIjDL4zE17x9DTHf5zb6Mkdb22i5L7vsy-VGbT3v6d9fqdfPHBWgBgVSs1cOi3cOGd3RZWCLigpJb7TRgOhiUoajzNbYVDwAZR3F6w27oTcn:1t1hpA:a30XP4Cnf5B4QhSHBkcCXsF74_QvNNmdlpCZ5A3rBgw	2024-11-01 07:55:04.103312+00
lem4ksrgcs8spb6el2b3cbsbv950ffc4	.eJxVi80KAiEQgN_Fc4ijbrodg55DZsZZlLYNUk_Ru1ewh7p-P0-VcPSSRpNHqlmdFBh1-IWEfJXta5D5Prbe9Oh1rb1K07ts-nLDup739O8v2MpnFnBGgvjZB-9m53NY6ChkPAEtPka2EzMRyGRzDsAOkaNjkyGjCFj1egPzEjjJ:1t1kgX:8e5Ff49AvTc3VrsEUv084rxK_Rs449Ehw8dpvHVpxjk	2024-11-01 10:58:21.394421+00
ojnwv9xi6ogszbnzchy953tdyfb6r68a	.eJxVi80KAiEQgN_Fc4ijbrodg55DZsZZlLYNUk_Ru1ewh7p-P0-VcPSSRpNHqlmdFBh1-IWEfJXta5D5Prbe9Oh1rb1K07ts-nLDup739O8v2MpnFnBGgvjZB-9m53NY6ChkPAEtPka2EzMRyGRzDsAOkaNjkyGjCFj1egPzEjjJ:1t1l99:BGjntrHAj4cjnDAuAW8K1rfYkPD_-9MgHDxJlnKqZ54	2024-11-01 11:27:55.506678+00
wgvsoca644x1ptwrd8dxnnhnha72u1bt	.eJxVi80KAiEQgN_Fc4gj6mrHoOeQ0RlR2jZIPS29ewV7qOv3s4uIc9Q4Oz9jI3EWWpx-WcJ84-0rMOfH3EaXc7S1jcZdHrLL6x3bejnSv79ir5-ZPYFlW0IJqUAGbZMCo633i7eBjdIKnHaUVSLlaCEKmgoQoVdswInXG75mN5I:1tFulW:QRV1q8z8paJ_t3sp5SqfprTwYG9AApYeFfJADuMSfjI	2024-12-10 12:34:02.97809+00
usw9p2jf2ie5o0r2ycyeh2mqih0tw2fs	.eJxVi80KAiEQgN_Fc4gj6mrHoOeQ0RlR2jZIPS29ewV7qOv3s4uIc9Q4Oz9jI3EWWpx-WcJ84-0rMOfH3EaXc7S1jcZdHrLL6x3bejnSv79ir5-ZPYFlW0IJqUAGbZMCo633i7eBjdIKnHaUVSLlaCEKmgoQoVdswInXG75mN5I:1t27XS:WEBDag9X7dm1kTbbaaP-d5tT-098bv-IP3X2jNppMws	2024-11-02 11:22:30.752701+00
qj90a6iddbxbwgjq115yr6wzutifd182	.eJxVi0sOwiAQQO_C2hCGj9O6NOk5yABDINaaCKyMd7cmXej2fV7C0-jFj8ZPX5O4CD2L0y8MFG-8fQ3F-Bhbb3L0utZeuclDNrncqa7XI_37C7Wyz8m4EJTKLqNBnAk1Ti5EUgicJ7bZWGCVQIOx5CgqJsx7qTGfgQKI9wftmzfq:1t2o9V:wYkVWFAdiANT7MCXJahDJm_k7vDDQaBvb2sqQs_odC0	2024-11-04 08:52:37.903113+00
xynndz033bn4lkwrqizxdibt9vecra97	.eJxVjsEOwiAQRP-FsyElUKAeTfwOst3dBmKlRuDU-O9i7EGvM_NmZhcBWo2hFX6GROIslDj9ajPgjfPHAMSt5Vpkq2lNNXGRh1nk9Q5pvRzRPz5CiR1GN42MA6LxbGcPCmA0FrX3ytNA5AgHp-zspgmJjV6UIU16VGZB7PFe2tcfW_6eFK83UKs9Ag:1t34VA:wywKup1xfW2x97yj9CwuK0tYaNsnrjuRhukZ362y3xI	2024-11-05 02:20:04.714359+00
vqeumrrcazpgctr6533vszdjt14ye0bc	.eJxVi80KAiEQgN_FcyxqOjodg55DxlFR2jZIPUXvXsEe6vr9PEWgOWqYPT9CS-IkNIjDL4zE17x9DTHf5zb6Mkdb22i5L7vsy-VGbT3v6d9fqdfPHBWgBgVSs1cOi3cOGd3RZWCLigpJb7TRgOhiUoajzNbYVDwAZR3F6w27oTcn:1t3D98:hrSWWueYfXbXEaqPTj7J7o1-N9bVXXGcxZx4J17s6UY	2024-11-05 11:33:54.158028+00
rk31ibh5hozohlm1bjx2ti7cyqpslatn	.eJxVi80KAiEQgN_Fc4iD_x2DnkPGGRelbYPUU_TubbCHun4_L5FwjppmL8_UWJwFiNMvy0i3sn0FEj3mNrqco61ttNLlIbu83rGtlyP9-yv2us_koy2kiEwoLgcERGsc6RAgsGL2TMqDyz5G4mL0AoY1awtmIdpz8f4A3iA4VA:1t3LLf:oYM3bTuHjWrDiy82MkSmQzlHysCEVe2dEAWcNZ3x3Ds	2024-11-05 20:19:23.472477+00
dvkmlgjfpte616s7gyax068kiijczce1	.eJxVi80KAiEQgN_Fc4ijbrodg55DZsZZlLYNUk_Ru1ewh7p-P0-VcPSSRpNHqlmdFBh1-IWEfJXta5D5Prbe9Oh1rb1K07ts-nLDup739O8v2MpnFnBGgvjZB-9m53NY6ChkPAEtPka2EzMRyGRzDsAOkaNjkyGjCFj1egPzEjjJ:1t56np:NBeqFXXHD_iKaVkc9l8IJC_CSSH1gw6sRINrd0G_VJs	2024-11-10 17:11:45.351498+00
bao68cf86usw16wymmsg816vvb30f8j2	.eJxVi80KAiEQgN_Fc8is6zjWMdjnkGlUlLYNUk_Ru1ewh7p-P08VePQSRkuPUKM6qdmowy-8sFzT9jUsch9bb3r0utZeU9O7bHq5cV3Pe_r3F27lM7scacJ8FANskJ1MJORA0FoCbxG9gBfC5E0WhDlGmcGR-EiOUrLq9QbW4Td2:1t56pv:jtl8O7NuLyPGKfw99O3tswZaOitEXmbXJdJFmLcN9kg	2024-11-10 17:13:55.515785+00
ue7jbanmz950s6ua71fi2p4iyvgi1tyt	.eJxVi80KAiEQgN_Fc4ijbrodg55DZsZZlLYNUk_Ru1ewh7p-P0-VcPSSRpNHqlmdFBh1-IWEfJXta5D5Prbe9Oh1rb1K07ts-nLDup739O8v2MpnFnBGgvjZB-9m53NY6ChkPAEtPka2EzMRyGRzDsAOkaNjkyGjCFj1egPzEjjJ:1t56qi:brGhj1y4LW1QcGAnvNB-xfOVrnhUYetArG6RtiZtA6c	2024-11-10 17:14:44.308663+00
wy80fkg2fvt4a8jlsq1mbta57jm5hdaz	.eJxVi80KAiEQgN_Fc8is6zjWMdjnkGlUlLYNUk_Ru1ewh7p-P08VePQSRkuPUKM6qdmowy-8sFzT9jUsch9bb3r0utZeU9O7bHq5cV3Pe_r3F27lM7scacJ8FANskJ1MJORA0FoCbxG9gBfC5E0WhDlGmcGR-EiOUrLq9QbW4Td2:1t56rs:8c7qGfwNyW4qo1nV3jn-t-W2hfajA0cOi2vZwNyC3UA	2024-11-10 17:15:56.556641+00
0hrfxv62d8d2p8xaawyy4w446yqez54i	.eJxVjsEKQiEQRf_FdYjPUdOWQd8hkzOi9HpB6ir69wzeorb3nAP3JSKOXuJo_IyVxElYLw6_4xXTjbcvwZQeY-tNjl7X2is3ucMmL3es63lX__qCrczYa3QAyrILQMZkVkSQw2KMSwGcR0aVl6Ax89EHAlKMblramkxmnnp_AOebOA0:1tFvOb:NQEu7L-HqLSF-Fh5rfjugrLm6g3bLlVOIANEkiMfuKo	2024-12-10 13:14:25.230023+00
7obqd5tkzyb2kv36tz8qyoodaxhe3dxy	.eJxVzMEOwiAQBNB_4Wwa2KVL69HE7yALrIFYayJwMv67IelBr_Nm5q0895Z9r_LyJamzQlSn3zBwvMs-hGN89r3VqbeylVakTgfW6frgsl2O6t8-c83jNmmIbABxWcDqsIoRtNo6G9YYDbkbgcFANJwSCGJK4LQDmh3YWX2-uq82Ow:1t6CK8:hMOceOV1DpamhweqAIBjLHPrkOpBKei3mVVERDbATNs	2024-11-13 17:17:36.467161+00
0swsiswmtymjc4okab8py6mv3wsglbi7	.eJxVi80KAiEQgN_Fc8g4rjvaMdjnWEYdUNo2SD1F717BHur6_TzVyqOXdTR5rDWrs7KTOv3CyOkq-9dwSvex96ZHr1vtVZo-ZNPLjet2OdK_v3Arn1kykJg5AFFEIIwuWUiMHsi4aAxmJJOs-AAs0XqcINjZgQs4YyBUrzfEGzY0:1t6Qjf:AVBNavtYb1lOd2nTKn-ZFPlTHg2bDbDniHeW5CLngZs	2024-11-14 08:40:55.305998+00
5laz7yn8bh1tux6aobr1ua49y1mtf812	.eJxVi0sKwjAQQO-StZTmMzF1KXiOMJmZkGCtYJKVeHcVutDt-zxVxNFLHE0esbI6KQvq8AsT0lW2r0Gi-9h6m0ava-1V2rTLNl1uWNfznv79BVv5zJyIwQozA7uQZ5vFzISUFggictQ5gHdJfMjgDNrkvRBrjYsXzmTU6w02Ezmx:1t6QsE:wWxSu81EOPkA05R7hHL0gyMRoHpWrhFAAUMxF9yTCG0	2024-11-14 08:49:46.063365+00
hnlmxj7jggotdqljl54vccwb6g8nnfyw	.eJxVi8sKAiEUQP_FdQy-ro-WwXyHXPWK0jRB6ir69wpmUdvzeLKAc9QwOz1Cy-zMlGGnXxgxXWn_GkzpPvfRlzna1kajvhyyL-sN23Y50r-_Yq-f2SlLCsBHITMQeoyxUDFSoEDvpTfoTXRETnBrJAdQhWdrjeWgrU6avd7r4DdM:1t6Re9:jViNzW_GxaOq6EXiQJoGuDqHCcJcOlp__4dStsYUzs0	2024-11-14 09:39:17.094111+00
da18ias3thw0j01k2nw93ueqf1v6lc4p	.eJxVi80KAiEQgN_Fc4g5OLodg55DxhlFadsg9RS9ewV7qOv381SR5qhx9vyITdRJgVeHX5iIr3n7GmK-z210PUdb22i56112fblRW897-vdX6vUzOymGgJw4SaGIQRu8JbEGhI_JQUDDC3qWACQJjcXEeUGbQwCQYtXrDQL3OFQ:1t6S9b:wdZHEDGE-OncMG1D-uArEeuR_AmEfjxRkPFahZeEoaY	2024-11-14 10:11:47.789543+00
lt2e56k0c7ekp22biv0ekk6h3okppa6e	.eJxVi80KAiEQgN_Fc4gj6mrHoOeQ0RlR2jZIPS29ewV7qOv3s4uIc9Q4Oz9jI3EWWpx-WcJ84-0rMOfH3EaXc7S1jcZdHrLL6x3bejnSv79ir5-ZPYFlW0IJqUAGbZMCo633i7eBjdIKnHaUVSLlaCEKmgoQoVdswInXG75mN5I:1t7ABq:LANDNsU_bvryl8YCB5fcY30Td7FhsFE1jRTxBHlL_1Y	2024-11-16 09:13:02.352566+00
dspbqmbhe8vz5ot7vo9onqbpeu7rxfuv	.eJxVi80KAiEQgN_FcyyuozZ2DPY5ZGYaUNo2SD1F717BHur6_TxNptFLHk0fuV7MybhkDr-QSa66fQ2J3MfW2zR6XWuv2qZdtmm5UV3Pe_r3F2rlMwsGcA4SInN0jo4RkszKmAjZWsvBgXq0qhKIfQjq54hEakHBozevN9PWN2I:1t8WyR:TgYVAdMR0vKrw8dwqXJxPPDaJ2d9J88kIAb_DkgXPZA	2024-11-20 03:44:51.835521+00
d26k31ivkrb7h97d4bsoehc1wm17tb89	.eJxVi80KAiEQgN_FcyyuozZ2DPY5ZGYaUNo2SD1F717BHur6_TxNptFLHk0fuV7MybhkDr-QSa66fQ2J3MfW2zR6XWuv2qZdtmm5UV3Pe_r3F2rlMwsGcA4SInN0jo4RkszKmAjZWsvBgXq0qhKIfQjq54hEakHBozevN9PWN2I:1t8X5v:jHJqeSJL1VlA4e3FcQ3G1YAGtHUxKORvbgFG5aUlmjQ	2024-11-20 03:52:35.222836+00
sutvgxan41pkq6n6lx7akvslstutfrg5	.eJxVi80KAiEQgN_FcyyuozZ2DPY5ZGYaUNo2SD1F717BHur6_TxNptFLHk0fuV7MybhkDr-QSa66fQ2J3MfW2zR6XWuv2qZdtmm5UV3Pe_r3F2rlMwsGcA4SInN0jo4RkszKmAjZWsvBgXq0qhKIfQjq54hEakHBozevN9PWN2I:1t8XA6:yf3vLte-vv6kRQ5PEtiaH_26c3xKKE7-GoB3gcMOg-E	2024-11-20 03:56:54.463795+00
ed3edfzeui7yjni5np3znw45xbtopt1e	.eJxVi80KAiEQgN_Fc4iD_x2DnkPGGRelbYPUU_TubbCHun4_L5FwjppmL8_UWJwFiNMvy0i3sn0FEj3mNrqco61ttNLlIbu83rGtlyP9-yv2us_koy2kiEwoLgcERGsc6RAgsGL2TMqDyz5G4mL0AoY1awtmIdpz8f4A3iA4VA:1t8r2P:0OYkPB64EebqJJmi5dAl4E8AfCfNnAyVbWZz9u2s66w	2024-11-21 01:10:17.735244+00
23h7cjrdlf3hl3qpk6e55egy4cyi6ml1	.eJxVi0sKwyAQQO_iuogTP9EuCz2HjJMJStMUqq5K794Eski37_MREXvLsVd-xzKJqwBxObOE9OB1F0j06mursreylFa4ykNWeX9iWW5H-vdnrHmfB7YALqiRPOvZjKB4oDSlDbIm5wAtE-lgEZIBzwGtCWFWDMYjkPj-AMGkN7I:1t8tQh:-cvEj9ybOTptkEx9gYhrpXxH1RrCdgXKvu7OgPOFFYE	2024-11-21 03:43:31.220387+00
lxpodsf545hk084m1gaatf0mw3krgsee	.eJxVjsEOwiAQRP-FsyFsC23xaOJ3kGW7DcRKjcDJ-O_S2INeZ-bNzEs4rCW4mvnp4izOAsTpV_NIN067gURbTSXLWuIaS-QsDzPL6x3jejmif3zAHHa4YwMwWDXSxP2iR1DckZ99E7mnYQA0TNRbg-A1TGzRaGsXxaAnBGqlbf2xpe9J8f4AKrE8YA:1t8ttk:eK7sKwjTgNaX9LJxqshw9bgJAlGCjZgz0vXl_6nvtrw	2024-11-21 04:13:32.57397+00
2y645f4kfkcvovg48e2c0m8b8srgzyr8	.eJxVi80KAiEQgN_Fcyzm6KzbMeg5ZBxHlLYNUk_Ru8fCHur6_bxVoNFLGE1eoSZ1UeDV6RdG4rtsuyHm59h6m0ava-1V2nTINt0eVNfrkf79hVrZ58wMvIBJFkHLwibPKDFFoTlrFIho8GxR6yzag87WJMnWGc-O2IH6fAERijh_:1tAm4Q:EdxtmzERP3ujA77YY0jrVUYH9yIPs588sNcxr7mueCs	2024-11-26 08:16:18.401486+00
wvgzfj7akzm2g8gwubcqkqwztxfogsx4	.eJxVjsEOgjAQRP-lZ0O6tAXWo4nf0ey2S2hEMLQ9Gf9djBz0OjNvZp7KUy2Tr1k2n6I6K4Pq9CsyhZssH4dCWOtSclNLmlNJkpvDzM31Tmm-HNE_fqI87TCIA-zE9CNbPWgOhvTgOuAxgkYnhlq2DoE49qhHcGStdS22UQOK4b10X3-sy_eler0BQQc8BQ:1tBJ77:qcXs369UAIw2z4NaytaZFQHWM4Dc9j0H4QelmUb3csA	2024-11-27 19:33:17.135881+00
h6w3r13br2av1znrccq6uhnsx2sp58s7	.eJxVi0sKwjAQQO-StYRMPm3HpdBzhJlkSoO1gklW4t1V6EK37_NUkXpbY6_yiCWrs3KoTr-QKV1l_xpK6d73VnVvZSutSNWHrHq-UdkuR_r3r1TXzwwSAAdx48LeTIaTIzOFAXjJYDCII8s-IBDnEc0Cgbz3waLNBlAcq9cb3U83Vw:1tBJ86:grMa_fJ1EEK1bwXTPw9mQZPDTwNd3tkLvbxGVKh_BpQ	2024-11-27 19:34:18.392591+00
oi9rtbfzpqc17l0fd6wgtz2i9y3ebwqb	.eJxVi0kOwiAUhu_C2jRMZXBp0nOQ_wENxFoTgZXx7mrShW6_4ckCRi9htPwINbEzE46dfiEhXvP-NYjxPvbeptHrVnvNbTpkm5Yb6nY50r-_oJXPHD0JzY0j4lnaOfksFTwpa6GMN04JJEpKWs3BHZC0S3w2MJQVVrey1xvmfzgg:1tBZN3:6YdvWbtrymhzvk7ljf_c96fvg6x4TSrzmPKvgzSlcBE	2024-11-28 12:54:49.980648+00
wyuub6v9fe63gu9hfhm1sndoq8mtwiam	.eJxVi80OwiAMgN-Fs1kmRSgeTfYcS2lLRpwzETgZ311NdtDr9_M0M_W2zL3qYy5izsaO5vALE_FVt68h5nvfWh16K2tpReuwyzpMNyrrZU___oXq8pkliljLHPnIGVG8g1EdKgSRjIlGREcg4qMPELJ6cgkBIKp19iTBvN4KUjhB:1tBZNI:wmhfj7_Xjnxa0LPopn-OomupPjRz5Co5S8mMSFfaflA	2024-11-28 12:55:04.883827+00
ksj1uo938h9w98ghjnmw0158v4mv7avh	.eJxVy80KAiEUhuF7cR2ijr8tg65DjmeOKE0TpK6ie89gFrX9nu99sQijlzgaPWNd2ZnJwE6_YwK80f4VQHyMvTc-et1qr9T4gY1f71C3y3H96wu0MmPlgGRefE5ZKGOQjENJNi1GeC_BoxUTCTWYYLTVU4SG4POqnQqLYO8P7vY3cw:1tBZPw:0anWfseTx51jWAkQElgUwkMwPzYVPWCm-jRPtIvgeIg	2024-11-28 12:57:48.256318+00
s5hxaejpe6a85lgezj87qm6s9f041x93	.eJxVi0EOwiAQRe_C2pAplgIuTXoOMsxMA7HWRGBlvLs16UJ3P_-991IRe8uxV3nGwuqiRqNOv2dCusn2JUj06Furureyllak6gNWPd-xrNdD_esz1rzHnoAJjBuC5wRiJgaHRgwwT7hPy0tAHII7E1IIafFk0SK7xN6PIOr9AQCQON0:1tBvxp:oYqBEt5EoieE6oNOQ-t_E3fOOtL-aHAycYGgIok6Vtw	2024-11-29 13:02:17.61692+00
nj6p11mr32n36rp7836y2ratjaux3zo7	.eJxVi80KAiEQgN_FcyypM_50DHoOGUdFadsg9RS9ewV7qOv38xSB5qhh9vwILYmTAC0OvzASX_P2NcR8n9voyxxtbaPlvuyyL5cbtfW8p39_pV4_M6MkBo2FjTcIMemoLKAjlYpBzYXpmJQz0klJyUPMxrON0qKGqAjF6w3x5Dfw:1tDIWc:2IcmoePezda3rcVZA_1Yi7DNZrW8kGE14BAGFe9mDjc	2024-12-03 07:19:50.622905+00
yvz69wjdy4x28888ynpe1hd5l8urb6o9	.eJxVizEOAiEQRe9CbTbOLLJgaeI5yDAMgbiuiUBlvLuYbKHFb_5776U89ZZ9r_L0Jaqz0lodfs9AfJPtS4j50bdWp97KWlqROu2wTtc7lfWyq399pppHDE4nsQzBYBrjqBcDooVplhlPNpBYFzQk5_CIDARkHC4jQowDqvcH_ZM4gQ:1tDycg:C6kbvPZtJQ16Abzn6NwNgNz6_5rpY26C-Jk6cJm4i3I	2024-12-05 04:16:54.677253+00
tp3d1gt3hfijnkxcj4gzr0n5i8j4ltcf	.eJxVi80KAiEQgN_Fc4gj6mrHoOeQ0RlR2jZIPS29ewV7qOv3s4uIc9Q4Oz9jI3EWWpx-WcJ84-0rMOfH3EaXc7S1jcZdHrLL6x3bejnSv79ir5-ZPYFlW0IJqUAGbZMCo633i7eBjdIKnHaUVSLlaCEKmgoQoVdswInXG75mN5I:1tDzGn:uuRiOht1Id-R7x4SodIatmBPBFfcp43YUsyTgL_bOnM	2024-12-05 04:58:21.347128+00
50vxn552rgplo23uyumx203os3txzbkm	.eJxVi0sKwyAQQO_iuogTP9EuCz2HjJMJStMUqq5K794Eski37_MREXvLsVd-xzKJqwBxObOE9OB1F0j06mursreylFa4ykNWeX9iWW5H-vdnrHmfB7YALqiRPOvZjKB4oDSlDbIm5wAtE-lgEZIBzwGtCWFWDMYjkPj-AMGkN7I:1tE0r0:3q5Yls5cMKsDxzWUAB_196rGvkoDkAqTAazRutpauss	2024-12-05 06:39:50.966652+00
kkktzecth0edg6re3bu3t4fv1wzp0duy	.eJxVi0EOwiAQRe_C2pDCwJS6NPEcZJghgVhrIrAy3t2adKH5u__ee6lIo5c4Wn7GKuqsnFen3zMR3_L2JcT8GFtvevS61l5z0wds-nqnul4O9a8v1MoeoxUBCiyBOeUAi0d0BnnixUyAIuK8B0QI-1Jws6ecrNgMCDM5o94f66o3bw:1tE163:-BpzNvRjvTuTTG3WhXHcVfMxt2_1k1JBU6eld6sO7XA	2024-12-05 06:55:23.335124+00
7xm9fx3dr2qqc10rnedopwfee5sym900	.eJxVi80KAiEQgN_Fc4i6Ok4dg55DZvxBadsg9RS9ewV7qOv38xSB5qhh9vwILYmTsF4cfiFTvObtayjG-9xGl3O0tY2Wu9xll5cbtfW8p39_pV4_c0pmYe8W1Mi6MFrnvDZWeTLgCPAIS0bLChIYz2QVAkByJRsbsXAUrzfH-jdH:1tE4Jt:osb8uTy_lqsBKz2zzxqIavkSJojozuUV2CgIlRk_oJ8	2024-12-05 10:21:53.101484+00
wkje22ei46e0zont59krd2t1y9ci1yru	.eJxVjsEKQiEQRf_FdYjPUdOWQd8hkzOi9HpB6ir69wzeorb3nAP3JSKOXuJo_IyVxElYLw6_4xXTjbcvwZQeY-tNjl7X2is3ucMmL3es63lX__qCrczYa3QAyrILQMZkVkSQw2KMSwGcR0aVl6Ax89EHAlKMblramkxmnnp_AOebOA0:1tFvOc:jdU5I--CdFoMXzgFiSO8ole-Q-F7NNf37aFT9RTh0U0	2024-12-10 13:14:26.576379+00
qcxkmr8z1i0kg2a8kxdu13w4o5x2ethp	.eJxVi80KAiEQgN_Fc4i6Ok4dg55DZvxBadsg9RS9ewV7qOv38xSB5qhh9vwILYmTsF4cfiFTvObtayjG-9xGl3O0tY2Wu9xll5cbtfW8p39_pV4_c0pmYe8W1Mi6MFrnvDZWeTLgCPAIS0bLChIYz2QVAkByJRsbsXAUrzfH-jdH:1tE4NY:kyRwlMVXjpXzVwTzPqeOhb17WcYq5AunIxKHT8-HUKs	2024-12-05 10:25:40.726454+00
yuwa74mtajiqghje800odzcstmj3aksj	.eJxVi80KAiEQgN_Fc0jqjj8dg55DxnFEadsg9RS9eyzsoa7fz1tEnKPG2fkVWxYXAUGcfmFCuvO2GyR6zm10OUdb22jc5SG7vD2wrdcj_fsr9rrPLjkErQxYxeByAhNKJu_Y5nz2Vnkks4AKyFqnTIsqBQPYosiERCw-X_YXOJM:1tFvcy:8ibMwbGYUCyJtgSVgnRGcVUMlG0N3Frx7obDbHpJRvw	2024-12-10 13:29:16.571911+00
oeum6oese7ujckywcsy005uhvkwdquor	.eJxVi80KAiEQgN_FcyyrM-raMeg5ZBwnlLYNUk_Ru1ewh7p-P08VafQSR5NHrFkdlXXq8AsT8VW2ryHm-9h6m0ava-1V2rTLNp1vVNfTnv79hVr5zD6JIWJE0nDxgYIFCUEjuwV10owzMGgHJFmMsbgAmJm9oCAg5aBeb-oBN4w:1tFvfp:H2haLSiOR5PCTEmGgfCg0sv85WwiJvQbhBn2UJNbZ8Q	2024-12-10 13:32:13.969082+00
hrruepul7mzstol21vact6eoj24y25tm	.eJxVi0sOwiAQQO_C2pDyGVpcmvQcZBiGQKw1EVgZ764mXej2fZ4i4OgljMaPUJM4C7uI0y-MSFfevwaJ7mPvTY5et9orN3nIJtcb1u1ypH9_wVY-s7GQk7dkaVEqE6NJU3YIM2hKGJVC6yJEmBOhmqJj1sZ6jezBUQQtXm8LfDil:1tECyw:U-Px4zkiLIIl3sh3w3B7kOxlLPBt5sS7Qn5TiC1xO1A	2024-12-05 19:36:50.507674+00
43vsxvz73jxaspw5e9afqm6s2k0br1v2	.eJxVi0sKwjAQhu-StZRm8rIuBc9R_k5naLBWMMlKvLsKXej2ezzNiFaXsRV5jHk2JxOCOfzCCXyV7WvAfG9bLV2rec01S-l2WbrLDXk97-nfv6AsnzkqJVHYkJQVnjhGnUJvhdTTAB4oOk8J6JXhZkQ3OEE4ktrZWUnm9QYJuDiA:1tFvom:msAYavxNV7fdLKeVztucM46VM2vZ7nB2SoVDwc5XBRU	2024-12-10 13:41:28.597493+00
0rcqpl1fbpi1nqrcbexy2e6cuhoktv2m	.eJxVi0sKwyAQQO_iuogTP9EuCz2HjJMJStMUqq5K794Eski37_MREXvLsVd-xzKJqwBxObOE9OB1F0j06mursreylFa4ykNWeX9iWW5H-vdnrHmfB7YALqiRPOvZjKB4oDSlDbIm5wAtE-lgEZIBzwGtCWFWDMYjkPj-AMGkN7I:1tEEYY:BoFZwIM5EzBvQg-lIyF-rDlDNGFzfch-tUeIX2OdHaY	2024-12-05 21:17:42.918656+00
b9ajkalpth4b3yn4f5bycr2h3hgin16b	.eJxVi0sOwiAQQO_C2jSUMtBxadJzEGaYBmKticDKeHc16UK37_NUIfaWQ6_yCCWps7KoTr-QIl9l_5rIfO97q0NvZSutSB0OWYflFst2OdK_P8eaPzMgOSGCNKHTpEd0uEIEAyKWEclqdMnz7Cf2KASC44yMjgw4Y-2qXm_sATed:1tFyh2:1Ob4R7RRSoxJxxca0hqkf580U-YGm_cjDxlzkCJ5Xoc	2024-12-10 16:45:40.111053+00
3l44y6ebq52a611x7r9jrrlmsuaix1t2	.eJxVi0sOwiAQQO_C2jSUMtBxadJzEGaYBmKticDKeHc16UK37_NUIfaWQ6_yCCWps7KoTr-QIl9l_5rIfO97q0NvZSutSB0OWYflFst2OdK_P8eaPzMgOSGCNKHTpEd0uEIEAyKWEclqdMnz7Cf2KASC44yMjgw4Y-2qXm_sATed:1tEPnO:r_1ddB7f_UVBiwkEO3bFvzhX86CqPW6brEsLcmwLWFQ	2024-12-06 09:17:46.74464+00
8m8gtjv923e6n8ejv7b3vop8yhxdjbjx	.eJxVi0sKwjAQQO-StZTWcfJxKXiOMJlJSLBWMMlKvLsRutDt-7yUp96y7zU-fRF1VnpWh18YiG9x-xpifvSt1am3spZWYp12Wafrncp62dO_P1PNY04uigEBtGBRJJgEziFotKcloFmY2UI6xgEIxGhkLbN1gBTN0Em9P-WIN5Y:1tFysD:U9kUFMtDeUuQMarCegDu7z8q9v1-fPGGuEV2jWsNicE	2024-12-10 16:57:13.544581+00
hi7vwiqff9ey7hxsc70fwj3jy4g7dxmk	.eJxVi80KAiEQgN_Fc4jTqmnHYJ9DxplZlLYNUk_Ru1ewh7p-P0-VcPSSRpNHqqzOyhl1-IUZ6Srb1yDRfWy96dHrWnuVpnfZ9HzDul729O8v2Mpn5hC8I8lgs3AOEZ2d7GSMHNnk6QSeIJA4Q-iiR_AM0VOIAZjswgup1xvy7zhW:1tErtB:exkg29ozmKim7vbfcc24kghWLoROgZdPY6V8v95tGbA	2024-12-07 15:17:37.985806+00
1vm27c5e95x4lqiv62d38mbv7fwggsih	.eJxVi0sOwiAQQO_C2jRQYACXJj0HGYZpINaaCKyMd1eTLnT7Pk8RcfQSR-NHrFmcBShx-oUJ6cr71yDRfey9TaPXrfbKbTpkm5Yb1u1ypH9_wVY-s5-ThMySk0W_SiCjOSgKwWRpUMk1gNXg2CelwaYZFGXvNAU24GZrxesN5XY3RA:1tFzUf:B2-AAK8mmSEl9dlUoxPCouyHZ70vFhvxmJKrLy37f8U	2024-12-10 17:36:57.483374+00
y15u1lz9ck2sywxaywyaujcoj4pbmj9s	.eJxVi0sKwyAQQO_iuogTP9EuCz2HjJMJStMUqq5K794Eski37_MREXvLsVd-xzKJqwBxObOE9OB1F0j06mursreylFa4ykNWeX9iWW5H-vdnrHmfB7YALqiRPOvZjKB4oDSlDbIm5wAtE-lgEZIBzwGtCWFWDMYjkPj-AMGkN7I:1tFELk:UuSAjGiOb-CEwD9qs1Oq2thu0jSBYIxTodGrTaR0qow	2024-12-08 15:16:36.586353+00
lbamrg2ke18xuo6nk3a18qcwknjduvzl	.eJxVy0EOwiAQheG7sDakFMoUlyaeo5kZhkCsNRFYGe9uTbrQ7fve_1IL9paXXuW5lKjOyo_q9DsS8k22ryDzo2-t6t7KWlqRqg-s-nrHsl6O61-fseY9NsCRjLHETJQQwpiAMM3gJkE3D-J3TcazDcZxsiNMkEiCD4NwDKDeHxaROMA:1tFzjC:uHOZtZyTm1oVxygKferMF91PSowCGnoZpGLOYD2ai3E	2024-12-10 17:51:58.670661+00
ebvr7addmn4gkffdh9ttrsnh7mytdurf	.eJxVi0sKwjAQQO-StZRpm8nHpdBzlJnMlAZrBZOsxLur0IVu3-dpZmp1nVvRx5zFnE3vzekXMqWr7l9DKd3bXkvXat5yzVq6Q5ZuulHeLkf6969U1s_sLKsyShCwAwZH7BJbGDFC73Txo4wakwUB72XxiXtEJGGIAzoOYF5v9g038w:1tFHHj:JmQC1LUeLQ8EbiypG2xMCqUqs1TNMhDlsqmks6dwfuQ	2024-12-08 18:24:39.213251+00
9vugq2hjlp14l8ssiiqeaudvb4q5tgn5	.eJxVi0sKwjAQQO-StZRpJ5_WpdBzhGRmQoK1gklW4t1V6EK37_NUPvSWfa_y8IXVWVlUp18YA11l_5pAdO97q0NvZSutSB0OWYf1Fsp2OdK_P4eaP7O2WlvkRKOEGYCRZydRRru4uBgEk2CceEoI4LTEJVqYNYMhdkgOUL3e30g3Xg:1tG25l:RcCfMNE2m0175NzZSZ1otMon4125OraG6MeBAYkgKXA	2024-12-10 20:23:25.624046+00
d5e6iu5lhi7x9z1ztkk71nwc1h03ia69	.eJxVi0sOwiAQQO_C2hDKUD4uTXoOMkyHQKw1EVgZ764mXej2fZ4i4ugljsaPWFdxFtaI0y9MSFfevwaJ7mPvTY5et9orN3nIJpcb1u1ypH9_wVY-M-QMK2gzMxqLCUKeMjAEmkChCpqtTloR5RTIA3JQyTPNxM55ZxSI1xsAJDhU:1tG7aQ:WKOZwU_5GfgTk5aCuo_06ZPfrnntkgp7boSR9dgDVYM	2024-12-11 02:15:26.067591+00
sb83kz42tbkynpbvc868xvugc0agunsn	.eJxVi0sOwiAQQO_C2jRAgYJLk56DzAxDINaaCKyMd1eTLnT7Pk8RYfQSR-NHrEmchbPi9AsR6Mr71wDRfey9TaPXrfbKbTpkm9Yb1O1ypH9_gVY-s5bKgGHwc5JWkXKMFoNJrJXn7D3JhNpIlS1B0suMmGVglhj04skp8XoD8-84Qw:1tGCLl:duaTR_NR54kLI_JjxkBEIp3HCplaIPQ0hb5BE0Q1ULY	2024-12-11 07:20:37.864513+00
axb5bii1f4rfvffd4iifj44jqitilmmo	.eJxVi80KAiEQgN_FcyzmqLkdg30OGWdGlLYNUk_Ru1ewh7p-P08VcfQSR5NHrKzOyhl1-IUJ6Srb1yDRfWy9TaPXtfYqbdplm5Yb1vWyp39_wVY-sw2MCJBn0TYRW6vhhFpYMHEW443PYIOfHQJ5CjkhHgmcsWycgczq9QYSRDjV:1tFdUx:NwDAXNjPCOyzvJQN8MqhZiLOJ7fpk2r_KhZI5UkOjuE	2024-12-09 18:07:47.783177+00
9dqsid8z5iaggsjlp6r4jasxxca2nj58	.eJxVi0sOwiAQQO_C2jRAgYJLk56DzAxDINaaCKyMd1eTLnT7Pk8RYfQSR-NHrEmchbPi9AsR6Mr71wDRfey9TaPXrfbKbTpkm9Yb1O1ypH9_gVY-s5bKgGHwc5JWkXKMFoNJrJXn7D3JhNpIlS1B0suMmGVglhj04skp8XoD8-84Qw:1tGCLm:gliOeoUH7ZZwVtcVoUARMf6T4ckhwICU7Y1JA8crzzk	2024-12-11 07:20:38.506435+00
6trp5zzae2yd8who2wax4gh8g3qj9vfn	.eJxVi0sKwjAQQO-StZTJp_m4FHqOMJlOSLBWMMlKvLsKXej2fZ4i4ugljsaPWFdxFrMWp1-YkK68fw0S3cfe2zR63Wqv3KZDtmm5Yd0uR_r3F2zlM0sHCAl89qyBknLe2BWURmK2FILiIOeESnLOXrMxITEbcDaAZq2ceL0B6rQ3xg:1tFmkL:TGdH5tJRN3cu_xXqwvi0sqNA2o3UNC2nBWASB-xZ5rE	2024-12-10 04:00:17.119048+00
ostzvrpxssatsujkxgz00n419lasg5uh	.eJxVy0EOwiAQheG7sDbNiBSKSxPPQYZhJhBrTQRWxruLSRe6fd_7Xypgbzn0ys9Qkjqr2ajD7xiRbrx9BYkefWt16q2spRWu0451ut6xrJf9-tdnrHnEhpMgkgaJYliLdRLZHcGTt16id05bhsV4O0RcosEpzgnkJCCwqPcHKVU5ag:1tFnxK:J98tdW4g58gg4sy-U_RkbopVU7QqDwN8pmx8Tvdmp40	2024-12-10 05:17:46.557265+00
8m1673cvlprck21jzsgv1rmphgouzcnp	.eJxVjMEOwiAQRP-Fs2nolt1SjyZ-B1lgCcRaE4GT8d-1SQ96m8x7My_luLfsepWnK1GdldHq9Ft6DjfZdsIhPPrW6tBbWUsrUocD1uF657JeDvVvn7nm_Xa0iwY_BUNpRia7pAj4DRIpIXkRJgLyBgMQepmIBRB4RJwlWa3eH-G1N9E:1tGGJd:Tkb-x50rK-zGvhk1sYIi_pvTVTbbgspaeIA06EoF96k	2024-12-11 11:34:41.391612+00
mesdg00cdskkxu9segvoyqvkxftuaoll	.eJxVy0EOwiAQheG7sDbNiBSKSxPPQYZhJhBrTQRWxruLSRe6fd_7Xypgbzn0ys9Qkjqr2ajD7xiRbrx9BYkefWt16q2spRWu0451ut6xrJf9-tdnrHnEhpMgkgaJYliLdRLZHcGTt16id05bhsV4O0RcosEpzgnkJCCwqPcHKVU5ag:1tFnxL:sYQgrvsQsRQH_93hXF1JsOFEh4zH9OXxBPiD0GiZ8l8	2024-12-10 05:17:47.511229+00
4mwspjo4881sxhqofel548iyfshhy6x5	.eJxVy0EOwiAQheG7sDakFMoUlyaeo5kZhkCsNRFYGe9uTbrQ7fve_1IL9paXXuW5lKjOyo_q9DsS8k22ryDzo2-t6t7KWlqRqg-s-nrHsl6O61-fseY9NsCRjLHETJQQwpiAMM3gJkE3D-J3TcazDcZxsiNMkEiCD4NwDKDeHxaROMA:1tGCMx:G--H2LN9ils_rKOWuO7cY4gR8ZSdo5pVSMnL1N-uuLU	2024-12-11 07:21:51.883912+00
x9s2onu6vsk1koibtihpau1xgezr5l7e	.eJxVjs0OwiAQhN-Fs2lYtmXBo4nP0fAbiLU1BU7GdxdjD3qdmW9mnmw2raa5lbDP2bMzm4CdfkVr3C2sH8c4t7W1lqHVvOSaQxkOswzXu8nL5Yj-8cmU1GGNqHmUE0Sg6EkqG6NWKPg4ecU5YBztiN4GIkVSgJAeiQsgayF41L20rz-29fuSvd4ikjuR:1tGF2W:f2uzpZynUpVmr5aZ0vqx83RLHiyYfgWpJeSTYj-SAx8	2024-12-11 10:12:56.196618+00
e4r5wk1hl0mivse5tp9kb6spgbh9tk91	.eJxVi80KAiEQgN_Fc4gj6mrHoOeQ0RlR2jZIPS29ewV7qOv3s4uIc9Q4Oz9jI3EWWpx-WcJ84-0rMOfH3EaXc7S1jcZdHrLL6x3bejnSv79ir5-ZPYFlW0IJqUAGbZMCo633i7eBjdIKnHaUVSLlaCEKmgoQoVdswInXG75mN5I:1tGFEO:VecVRLE7J6CRwuFOfjJJYaLoiJIiPCVFmAZVta8GsOc	2024-12-11 10:25:12.994612+00
moguq7vtfytilg567yk4aj6tsqznxg6j	.eJxVjEEOwiAQRe_C2jQUhGFcmngOMjPQQKw1EVgZ726adKHb997_bxVp9BJHy69Yk7oo79XpFzLJPW-7IZHn2HqbRq9r7TW36ZBtuj2ortcj_dsXamW_NSgzLpqyGEA3C7IPfhETOFkLKZFxAXRClxmdBBssGEisNRC7M6rPF-1hN7U:1tGFJo:x4QT9AdZwO5-LqN9cCA7aZ-nxqOgRaiyzKIg-8HRCvM	2024-12-11 10:30:48.175621+00
ozglh8i3mrefl1f2pox63onx516ep82m	.eJxVzMEOwiAQBNB_4Wwa2KVL69HE7yALrIFYayJwMv67IelBr_Nm5q0895Z9r_LyJamzQlSn3zBwvMs-hGN89r3VqbeylVakTgfW6frgsl2O6t8-c83jNmmIbABxWcDqsIoRtNo6G9YYDbkbgcFANJwSCGJK4LQDmh3YWX2-uq82Ow:1tGGNi:mrWwl459Fx-Wmo6YQCIhlj8yBCGLP7n3adXazOdGerI	2024-12-11 11:38:54.585278+00
5kabfvr7193armmwsduy8opekqwqth46	.eJxVjcsKwjAQRf8laykmnebhUuh3hMnMlARrBZOsxH-3Qhe6vecezktF7C3HXuUZC6uLsk6dfseEdJPtS5Do0bdWh97KWlqROhywDvMdy3o9rn9-xpp3mdiRm2RhM4aAmj0t4LUHbZOwFbE6JCINhDBOYo3sNYDABgnOnES9Pxl9OU0:1tGGmB:--wycYogA_HX1OYFP3jGjF6oOdVl9wUoq3I681JK0WI	2024-12-11 12:04:11.375272+00
agdisit1p1m8x0cq4r4umzu0xrkh9lq5	.eJxVi80KAiEQgN_FcyzaqKMdg55DxlFR2jZIPUXvXsEe6vr9PEWgOWqYPT9CS-IkrBOHXxiJr3n7GmK-z230ZY62ttFyX3bZl8uN2nre07-_Uq-fGcEbiKis1gWkBkPKAWaGYopCVJRIGyzeHgty0r6wixqylRJUdpLF6w3IvjdI:1tGHek:eexKosGuCS4o589GBXohcj0XnNFzdmpx_ZYuervK7ag	2024-12-11 13:00:34.338577+00
t7ujpqjq9v2j2n9a4lb9lxzwjr6f6wve	.eJxVi80KAiEQgN_Fc4iOObodg55DxlFR2jZIPUXvXsEe6vr9PEWgOWqYPT9CS-IkcBGHXxiJr3n7GmK-z210OUdb22i5y112eblRW897-vdX6vUzs2LjwVhOgLloVwjRaCITwblUcgTwuijkmC3rBazniIrs0WAqLhrxegP-UzhO:1tGII2:E2_0fVX8idT3pVcw_fbrjgwlMr8zLlmK8hNTZVXEsDM	2024-12-11 13:41:10.315127+00
jrfjy4rrxd2wk6o1i4d9ltzb3pqvii48	.eJxVi80KAiEQgN_Fc4iOObodg55DxlFR2jZIPUXvXsEe6vr9PEWgOWqYPT9CS-IkcBGHXxiJr3n7GmK-z210OUdb22i5y112eblRW897-vdX6vUzs2LjwVhOgLloVwjRaCITwblUcgTwuijkmC3rBazniIrs0WAqLhrxegP-UzhO:1tGIIz:DFzTq5KsCoXOO6WHbYw26SAKtokU8ANkGeBhbYipueQ	2024-12-11 13:42:09.591865+00
x5ajedant0t1ce9pva1tms1dmwe3w2f2	.eJxVi80KAiEQgN_FcyzqKrN2DHoOGccZlLYNUk9L717BHur6_ewq4ugljsbPWLM6K-vU6RcmpBtvX4NEj7H1No1e19ort-mQbbresa6XI_37C7bymUVnSRqS-KxnICuajBNn0IgEbxHBh8QkFrJhCI7nHBiWNCdZgIyo1xsWazke:1tHX4E:R9Wg_XviFnJi6I3T-wKNJjbxmNHEaRHkBhNrpMXTAnY	2024-12-14 23:40:02.868427+00
gdyce5l06rd5vut9zmqav5pz97sdw7iu	.eJxVi8sKAiEUQP_Fdch1fLcM5jvkqleUpglSV9G_VzCL2p7HkwWco4bZ6RFaZmdmgZ1-YcR0pf1rMKX73Efnc7StjUadH7Lz9YZtuxzp31-x188sclLamiScWhapsid0srgiQAIUoZzB4nVJ0WiwEigiKEIqVnmK2jv2egPZcDfN:1tM8Qs:Q90dwN3rCQqa9_nyjsoWUGJnQQQTNGV4rlqtT9vOi_g	2024-12-27 16:22:26.488305+00
nwz5pg0wjiul1i33q7fwfgaoks14hxd8	.eJxVi0sKwjAQQO-StZR8x8Sl4DnKzHRCgrWCSVbi3VXoQrfv81Qzjl7m0eQx10Wd1NGowy8k5KtsX4PM97H1No1e19qrtGmXbbrcsK7nPf37C7byma2ACeAlcGYDKWK2KWF0gA6JXEBHQh6s1ouzFHSKwAwpk_YSl8zq9QbvPThX:1tMxOx:TyNowgPHGnWLEstOe7SGkX3RMaOmVEmOYfaAtYt9Pr0	2024-12-29 22:47:51.446279+00
7vnx68lcncj62ezug4mdc28gi4vxzj5s	.eJxVi0sKwyAQQO_iuogTP9EuCz2HjJMJStMUqq5K794Eski37_MREXvLsVd-xzKJqwBxObOE9OB1F0j06mursreylFa4ykNWeX9iWW5H-vdnrHmfB7YALqiRPOvZjKB4oDSlDbIm5wAtE-lgEZIBzwGtCWFWDMYjkPj-AMGkN7I:1tNTVO:FZtrNksg6OBSsngClHqTy5QWSyipeZiDXecPz1uQiHY	2024-12-31 09:04:38.088506+00
gu6dnrrjec9jk180ydopo72ft4pc5ixs	.eJxVi0sKwyAQQO_iuogTP9EuCz2HjJMJStMUqq5K794Eski37_MREXvLsVd-xzKJqwBxObOE9OB1F0j06mursreylFa4ykNWeX9iWW5H-vdnrHmfB7YALqiRPOvZjKB4oDSlDbIm5wAtE-lgEZIBzwGtCWFWDMYjkPj-AMGkN7I:1tPW2S:oks9sok5qKnChCgozIE1ClNBXl_uZCMZofUq08Nb0CI	2025-01-06 00:11:12.25562+00
yk7o73z1rpii6vhw6of8za3kztvaza5g	.eJxVi0sKwyAQQO_iuogTP9EuCz2HjJMJStMUqq5K794Eski37_MREXvLsVd-xzKJqwBxObOE9OB1F0j06mursreylFa4ykNWeX9iWW5H-vdnrHmfB7YALqiRPOvZjKB4oDSlDbIm5wAtE-lgEZIBzwGtCWFWDMYjkPj-AMGkN7I:1tQ40Z:CjgAMl6_A2EBvPQbvr_UftLoL5NgCAr-h9qb-fO3Fl4	2025-01-07 12:27:31.04418+00
l7hxmgu6erub9olow4jv9q57t77msoah	.eJxVi0sKwyAQQO_iuogTP9EuCz2HjJMJStMUqq5K794Eski37_MREXvLsVd-xzKJqwBxObOE9OB1F0j06mursreylFa4ykNWeX9iWW5H-vdnrHmfB7YALqiRPOvZjKB4oDSlDbIm5wAtE-lgEZIBzwGtCWFWDMYjkPj-AMGkN7I:1tQaSA:Z0Jp3TQn0ZyVgu4Vaz6k1BsZBFA3MGq76Fq8RuAO9lU	2025-01-08 23:06:10.227287+00
9mbpto2dpp42akd8ivr9a7l2fdzrgyzu	.eJxVi80KAiEQgN_Fc4gj6mrHoOeQ0RlR2jZIPS29ewV7qOv3s4uIc9Q4Oz9jI3EWWpx-WcJ84-0rMOfH3EaXc7S1jcZdHrLL6x3bejnSv79ir5-ZPYFlW0IJqUAGbZMCo633i7eBjdIKnHaUVSLlaCEKmgoQoVdswInXG75mN5I:1tTybk:zDufnR017RaSOCQEgBG1Y0TTxFpzJA6zYSAVwB738lg	2025-01-18 07:30:04.343086+00
3lbrmigrg5u6fozko4fat2yvd36veiul	.eJxVi0sKwyAQQO_iuogTP9EuCz2HjJMJStMUqq5K794Eski37_MREXvLsVd-xzKJqwBxObOE9OB1F0j06mursreylFa4ykNWeX9iWW5H-vdnrHmfB7YALqiRPOvZjKB4oDSlDbIm5wAtE-lgEZIBzwGtCWFWDMYjkPj-AMGkN7I:1tWe8P:TUWYGmI7abwGXTcOpL0TrAbx27DVuxtDB2Yo78Zdmfw	2025-01-25 16:14:49.184498+00
sits2s1du6p7xy5e38vg9jhjevolsc69	.eJxVi0sKwjAQQO-StZR8x8Sl4DnKzHRCgrWCSVbi3VXoQrfv81Qzjl7m0eQx10Wd1NGowy8k5KtsX4PM97H1No1e19qrtGmXbbrcsK7nPf37C7byma2ACeAlcGYDKWK2KWF0gA6JXEBHQh6s1ouzFHSKwAwpk_YSl8zq9QbvPThX:1tY8hH:WV9aZ4MW1Vw-R_Wip0X2erN3-6cU9aZqSclVtt3f-aw	2025-01-29 19:04:59.148506+00
e72jl73c263bem1gh30od5swc0h6p1cf	.eJxVi0sKwjAQQO-StZR8x8Sl4DnKzHRCgrWCSVbi3VXoQrfv81Qzjl7m0eQx10Wd1NGowy8k5KtsX4PM97H1No1e19qrtGmXbbrcsK7nPf37C7byma2ACeAlcGYDKWK2KWF0gA6JXEBHQh6s1ouzFHSKwAwpk_YSl8zq9QbvPThX:1tYAtl:0IKQqKj8IL6Zg8RKO6ozEZyvZfxRQrCQpdcHOmUoOc4	2025-01-29 21:26:01.187726+00
lm9is07s4fp8o4wao1ljp0f15fxpjz6s	.eJxVi0sKwyAQQO_iuogTP9EuCz2HjJMJStMUqq5K794Eski37_MREXvLsVd-xzKJqwBxObOE9OB1F0j06mursreylFa4ykNWeX9iWW5H-vdnrHmfB7YALqiRPOvZjKB4oDSlDbIm5wAtE-lgEZIBzwGtCWFWDMYjkPj-AMGkN7I:1tZB71:FTbJdq4zvDlJQfiEDAjHmf2_gt5HTouwi7qDf4m4abA	2025-02-01 15:51:51.163475+00
7pbccvv01vg9sepk3bip7gn1ntcxnw7z	.eJxVi8sKAiEUQP_FdYijXh8tg_kOueoVpWmC1FX07xXMorbn8WQB56hhdnqEltmZSWCnXxgxXWn_GkzpPvfR-Rxta6NR54fsfL1h2y5H-vdX7PUzO0laCwSQlJXzxVuvKSNEY5LDIhJaG6XwiwMjU0FF0SkBAmAh5TKx1xvnUzfS:1taa1m:ny4K9TIZDeJq2yIRp9sYn5bJaTWmFGlu1To9B0fXlMA	2025-02-05 12:40:14.725725+00
dz0xwt5jpo93ersfewb3d6e8rrrl0cr2	.eJxVi80KAiEQgN_Fc4g7jjF2DHoOmR0nlLYNUk9L717BHur6_Wwm8egljabPVLM5GTCHXzaz3HT9ChZ5jLU3O3pdaq_a7C6bvdy5Luc9_fsLt_KZ0TMIeszeA7LydCWgYyRUiBkyQ-BAoAQzRccYBMQ5pzipBA_A5vUGrw03FQ:1tdho6:dxN6cm_052-lfMqs4qkrpfriYTZDksf_alM5Tmpjtgs	2025-02-14 03:35:02.373476+00
m9cugh0xu7g5d5nyns5wpfis2pac332y	.eJxVi80KAiEQgN_Fc4g7jjF2DHoOmR0nlLYNUk9L717BHur6_Wwm8egljabPVLM5GTCHXzaz3HT9ChZ5jLU3O3pdaq_a7C6bvdy5Luc9_fsLt_KZ0TMIeszeA7LydCWgYyRUiBkyQ-BAoAQzRccYBMQ5pzipBA_A5vUGrw03FQ:1tdhqh:U_CcnWmLrzjDf98PVopRBgSAL7h9_IEh07g0gEWgjUU	2025-02-14 03:37:43.879312+00
vlxso3to0c042k6ef0vj3q7ij5omibwb	.eJxVi80KAiEQgN_Fcyyuuul0DHoOmXFGlLYNUk_Ru1ewh7p-P08VcfQSR5NHrKxOalaHX0aYrrJ9BaZ0H1tv0-h1rb1Km3bZpssN63re07-_YCuf-YjERGgyJb2IRuMxW_LJAduZSUggWGJACJA1WMeLYxAfrNE--6xebwrLOO0:1tfEdi:tBuA8Gv4pBM3E5BaZ44ryqR6HWQ9B_yuZipSuSz7_tE	2025-02-18 08:50:38.160957+00
mriwq8pgwzyxs3mc59je7mt9fn1yazm0	.eJxVi80KAiEQgN_Fcyyuuul0DHoOmXFGlLYNUk_Ru1ewh7p-P08VcfQSR5NHrKxOalaHX0aYrrJ9BaZ0H1tv0-h1rb1Km3bZpssN63re07-_YCuf-YjERGgyJb2IRuMxW_LJAduZSUggWGJACJA1WMeLYxAfrNE--6xebwrLOO0:1tfhui:cFzXEkrBytCalN-NN1NLChM8IrAa7Exn2Lnh2qPOmds	2025-02-19 16:06:08.366986+00
ajggq3spzr56a566vqovy3khrg37yas5	.eJxVi80KAiEQgN_FcyzqaO52DHoOGccZlLYNUk_Ru1ewh7p-P08VcfQSR-NHrFmdVPDq8AsT0pW3r0Gi-9h6m0ava-2V27TLNl1uWNfznv79BVv5zGKOiwlBAy8iJKCdBscZCSzkBElmSwmF2CcSww4TBi_eztlnBrLq9QYQxDlt:1tfyDd:M0Fgz6GGDUkGXpoK_ZiXdrIX9cVOBev16SQZkBHfgL4	2025-02-20 09:30:45.064397+00
xkyrwbdm1lzitrydjmecgelxxunpylkj	.eJxVi0sKwjAQQO-StZQmzdel0HOEyUyGBGsFk6zEu6vQhW7f5ykijF7iaPkRK4mzcFacfmECvOb9awDxPvbeptHrVnvNbTpkm9Yb1O1ypH9_gVY-c_DolddSZUeWgve42KACGwhzYmXUop1MMxsy7KT0OmNwxJyQDGAi8XoD1_c4Tg:1th7Sa:hUJc-V2doP5YEF3Brc7LvGRzRO-HxLGliRr7eYJ_qp0	2025-02-23 13:34:56.508619+00
jqtfneu5rk0ryewge0c17gs4qx6vdok5	.eJxVi0sKwjAQQO-StZQmzdel0HOEyUyGBGsFk6zEu6vQhW7f5ykijF7iaPkRK4mzcFacfmECvOb9awDxPvbeptHrVnvNbTpkm9Yb1O1ypH9_gVY-c_DolddSZUeWgve42KACGwhzYmXUop1MMxsy7KT0OmNwxJyQDGAi8XoD1_c4Tg:1th7Sb:NrhD-mvB7trZt4HKEIehFdRejMi2bdifxVi1xVms7HM	2025-02-23 13:34:57.580765+00
2gtluwkte6xp0584jxn6484bntrpwkms	.eJxVi0sOwiAQQO_C2jSAQBmXJj0HmRkgEGtNBFbGu2uTLnT7Pi8RcPQSRkvPUKO4CA3i9AsJ-Za23SDzY2y9TaPXtfaa2nTINi13rOv1SP_-gq3sswavIhmdE5BEAOelMg4UIXjpaU6zjcjfiOAcDRvI2YO04DhbBhLvD-dCN_Y:1tiEBV:WNXrTzvIERxEuAiDS-VSG3SUJ-vpxw8khq6vCY2Uoqk	2025-02-26 14:57:53.931634+00
z5z5hvvlqcy2g7rbmryxykhgeznf6vi3	.eJxVi00KQiEQgO_iOiQdzaZl0DlkHEeUXi9IXUV3r-Atavv9PFWkOWqcXR6xZXVSIajdL0zEV1m_hpjvcx1dz9GWNpp0vcmuLzdqy3lL__5KvX5mKMFjBrBWxPjCFgwkEQwMQs4jmoTswiHnZANhtgWRHNDeiCc-WvV6A_RuODc:1ticm8:k2GQpdDECJREYwHMX4n3gsxUIwouwTkFdDmL3JOVRjs	2025-02-27 17:13:20.614612+00
fhgo3lhjt3wlykn6mbo7btwfa077nl0d	.eJxVi80KAiEQgN_Fcyyuuul0DHoOmXFGlLYNUk_Ru1ewh7p-P08VcfQSR5NHrKxOalaHX0aYrrJ9BaZ0H1tv0-h1rb1Km3bZpssN63re07-_YCuf-YjERGgyJb2IRuMxW_LJAduZSUggWGJACJA1WMeLYxAfrNE--6xebwrLOO0:1tidRl:il9GpCScA3LjG-k6a3mjhXBYlb1fCNwp0EwC4vXqBGc	2025-02-27 17:56:21.063517+00
cafljgjr7wfc1ec202vglqsueceiwsxr	.eJxVi8sKAiEUht_FdQxecNKWQc8hv0cPStMEqauhd2-CWdT2u2wiYPQSRsuvUJO4CGPF6RdG0D2vXwOi51h7m0avS-01t-mQbbo9UJfrkf79Ba3ss5XsXXLkZ-mUjdoolSJ7TZoAGCTJRkUwKHPCWXqdWOadzsgg9uL9AQqvOb8:1til4V:EJ8_xslEtQufi9u5YIUGjGBoBBsggLPpflUrK-W6zQA	2025-02-28 02:04:51.970801+00
1u8shnrhwci0orljx4vlobk8uk7s4l9r	.eJxVi80KAiEQgN_Fc4g7jjF2DHoOmR0nlLYNUk9L717BHur6_Wwm8egljabPVLM5GTCHXzaz3HT9ChZ5jLU3O3pdaq_a7C6bvdy5Luc9_fsLt_KZ0TMIeszeA7LydCWgYyRUiBkyQ-BAoAQzRccYBMQ5pzipBA_A5vUGrw03FQ:1tj9S2:8SFrsxDv0I7yTv0M_NKG43gAtJdu5ghp3w5P3gmXvMw	2025-03-01 04:06:46.002115+00
xidwa3kznze1xh9zsmhsrtnm6s891ow2	.eJxVi80KAiEQgN_Fc0hqs2rHYJ9DZmZHlLYNUk_Ru1ewh7p-P0-VcPSSRpNHqos6Kx_U4RcS8lW2r0Hm-9h606PXtfYqTe-y6fmGdb3s6d9fsJXPHMllAVqiZ8PZnBBxEmaTsyNxR7IeEKyZLGZgceBBOBAQRBcoZKtebyrdORs:1tk86G:GILV5lob2KpYcSrSwHW32NPKfQ6w_cRbZTIRuiialKE	2025-03-03 20:52:20.125844+00
4o6z1286des5b9f18ems7t9rqm2bkvxl	.eJxVi80KAiEQgN_Fcyxq_nYMeg4ZZxyUtg1ST9G7V7CHun4_T5FgjppmL4_USJyEj-LwCzPgtWxfA4j3uY2-zNHWNlrpyy77crlBW897-vdX6PUzI1sZTCTrKB-hlMCsQ_YqsnZa22yNJGLnEdlrqTljVMYEIEdROe_E6w0IIThH:1tkAgY:Ss7td4nwgunQpDjTRfd2zcYwWsQQ6C6y6vS5lc3wZwM	2025-03-03 23:37:58.802533+00
pwuzvn49jgbpf4pcy9gu4yykz8048mal	.eJxVi80KAiEQgN_Fcyxq_nYMeg4ZZxyUtg1ST9G7V7CHun4_T5FgjppmL4_USJyEj-LwCzPgtWxfA4j3uY2-zNHWNlrpyy77crlBW897-vdX6PUzI1sZTCTrKB-hlMCsQ_YqsnZa22yNJGLnEdlrqTljVMYEIEdROe_E6w0IIThH:1tkAl2:8LbQaEfhgih6sbD9HuQLOT5799AcaB1C3TXVnRE3iR4	2025-03-03 23:42:36.572228+00
8qqzftkdjkz006k9s3go0w9vsrco9ugx	.eJxVi0sOwiAQQO_C2pDOtEOpSxPPQYYBArHWRGBlvLs16UK37_NSjnvLrtf4dCWos7KDOv1Cz3KL29ewyKNvrereylpaiVUfsurrnct6OdK_P3PN-yxgApP1wmIoEEHAgBEmzx7CEgEjU0JIPO7BMKdxmo0gAtu0EAqr9wcVxjjH:1tkRrh:MIy8JhncdX6QTFX6ILLct-b9OZ-6obXyXFpv8LSNy_w	2025-03-04 17:58:37.672026+00
4eeeanudz5rvzs4lbvyvuwdsmei4m5a3	.eJxVi80KAiEQgN_Fc4g7jjF2DHoOmR0nlLYNUk9L717BHur6_Wwm8egljabPVLM5GTCHXzaz3HT9ChZ5jLU3O3pdaq_a7C6bvdy5Luc9_fsLt_KZ0TMIeszeA7LydCWgYyRUiBkyQ-BAoAQzRccYBMQ5pzipBA_A5vUGrw03FQ:1tkVMM:YIJByl-U1vxc3pIDJu1637KUfeWeS00O-7VDhMLdyK8	2025-03-04 21:42:30.291355+00
zafnfmujf88x5ucowdjctwqp538r2gr7	.eJxVi80KAiEQgN_Fc4g7jjF2DHoOmR0nlLYNUk9L717BHur6_Wwm8egljabPVLM5GTCHXzaz3HT9ChZ5jLU3O3pdaq_a7C6bvdy5Luc9_fsLt_KZ0TMIeszeA7LydCWgYyRUiBkyQ-BAoAQzRccYBMQ5pzipBA_A5vUGrw03FQ:1tkma3:FisaTCcqys9WRZyym6cah-UN2-5bCs3SHb63heZtWiM	2025-03-05 16:05:47.178665+00
bcecl130jkdtmdvtclr45s53dp056iey	.eJxVi80KAiEQgN_Fc8iOZqMdg32OZRxHlLYNUk_Ru1ewh7p-P0-10OhlGU0eS03qrDyowy-MxFfZvoaY72PrTY9e19qrNL3Lpucb1fWyp39_oVY-c2KXAT1TDtZnYybwAISCjnFiQANojSVk5xNRPEWBSdiZbISPEoJ6vQHsGjgh:1tkytM:d6qon3-PIU87NU9oYPsVPPU8pt6vx4_mbrHmS9ZBsAw	2025-03-06 05:14:32.836815+00
fb3vito585gga2pjq27nk22nni5384kg	.eJxVi0sOwiAQQO_C2pDOtEOpSxPPQYYBArHWRGBlvLs16UK37_NSjnvLrtf4dCWos7KDOv1Cz3KL29ewyKNvrereylpaiVUfsurrnct6OdK_P3PN-yxgApP1wmIoEEHAgBEmzx7CEgEjU0JIPO7BMKdxmo0gAtu0EAqr9wcVxjjH:1tmS3Y:RgC_XFOJwzXoqRoZ1yHe5lyuKGYHOILpffGMi8dWGaY	2025-03-10 06:35:08.00434+00
nfdqshhirgp9eh1vktvuwm46paxcajlg	.eJxVi80KAiEQgN_Fcyyuuul0DHoOmXFGlLYNUk_Ru1ewh7p-P08VcfQSR5NHrKxOalaHX0aYrrJ9BaZ0H1tv0-h1rb1Km3bZpssN63re07-_YCuf-YjERGgyJb2IRuMxW_LJAduZSUggWGJACJA1WMeLYxAfrNE--6xebwrLOO0:1tmVJv:uTPcRkSUC7lgIYkAa02TVn0w_Wz1QmbynLTDa8RzD5o	2025-03-10 10:04:15.255147+00
mqnayegiylzx7ef6dg5o3p4ccp18705x	.eJxVi80KAiEQgN_Fcyyuuul0DHoOmXFGlLYNUk_Ru1ewh7p-P08VcfQSR5NHrKxOalaHX0aYrrJ9BaZ0H1tv0-h1rb1Km3bZpssN63re07-_YCuf-YjERGgyJb2IRuMxW_LJAduZSUggWGJACJA1WMeLYxAfrNE--6xebwrLOO0:1tmbq2:x7LRIpBOS3_76gyGudAcv1sCju2sWS_5pxF5LwGRo1I	2025-03-10 17:01:50.674838+00
dfxse8ljh2q8rh7cg1no7l8wv2866jjj	.eJxVi80KAiEQgN_Fc4g7jjF2DHoOmR0nlLYNUk9L717BHur6_Wwm8egljabPVLM5GTCHXzaz3HT9ChZ5jLU3O3pdaq_a7C6bvdy5Luc9_fsLt_KZ0TMIeszeA7LydCWgYyRUiBkyQ-BAoAQzRccYBMQ5pzipBA_A5vUGrw03FQ:1tmviu:Q7h3a5gWx0syV9282NOt5EQsWOCFBHXdPsybRCUNukw	2025-03-11 14:15:48.640004+00
2s8nthyxo67ix1ww375qo4aajxi0vplx	.eJxVi80KAiEQgN_Fcyyuuul0DHoOmXFGlLYNUk_Ru1ewh7p-P08VcfQSR5NHrKxOalaHX0aYrrJ9BaZ0H1tv0-h1rb1Km3bZpssN63re07-_YCuf-YjERGgyJb2IRuMxW_LJAduZSUggWGJACJA1WMeLYxAfrNE--6xebwrLOO0:1tmx11:SHA3RJB5wjBaTC8_lVIbvDiu2ZNqWL7AyWgFtpZjnss	2025-03-11 15:38:35.747436+00
lbzlwgq40npd43fcx72nf28dkufv9nid	.eJxVi0sKwyAQQO_iushoBke7LPQcMv5QmqZQdRV69xLIot2-zy48z1H97PntWxJXgVpcfmHg-MjbYTjG19xGl3O0tY2Wuzxll_cnt_V2pn9_5V6PGRgsgdIIQXGO2YSSFkRFIURIxAs4RwYxJQcObdG2FIMpELHVhsTnC-qQN8Q:1tn06a:He7VBTAMvhw71Yo8_XdPjI64E-6iV0XRxHaVPtacWbA	2025-03-11 18:56:32.072241+00
706vayu9vkna8euc1nevveeve3wde8iq	.eJxVi0sKwyAQQO_iushoBke7LPQcMv5QmqZQdRV69xLIot2-zy48z1H97PntWxJXgVpcfmHg-MjbYTjG19xGl3O0tY2Wuzxll_cnt_V2pn9_5V6PGRgsgdIIQXGO2YSSFkRFIURIxAs4RwYxJQcObdG2FIMpELHVhsTnC-qQN8Q:1tn06b:WV-2WgIJMgQ5Bm1j5mOHp7sDL61zPAQvolKgsk1gPsY	2025-03-11 18:56:33.550739+00
almlznvhg6fp25e88kwt6iahw474nt44	.eJxVi80KAiEQgN_Fcyzu6KzaMeg5ZJxGlLYNUk_Ru1ewh7p-P08VafQSR5NHrBd1VN6owy9MxFfZvoaY72PrbRq9rrVXadMu23S-UV1Pe_r3F2rlM6PTuGQnHjUJQNI26eAtCmRiawHQ8gxGgrGGAszJOHAe2XlCB3lRrzfF6jar:1tnDNn:xqkr_H_zz_8zng5hPMtOcKD1yrG3PRv_QoRDUOmJkOc	2025-03-12 09:07:11.402173+00
qlnvhjlm0si7ol2kz2zgi1cq3bfr6rz7	.eJxVi80KAiEQgN_Fc4g_ozYdg55DxllFadsg9RS9ewV7qOv38xSR5qhx9vyIbREnoY_i8AsT8TVvX0PM97mNLudoaxstd7nLLi83aut5T__-Sr1-5sTZuoJoUEMuSQW2jhCs1QSsITEoBdaAQ7NgAcpEJijwyYeSPIJ4vQHnVjeR:1tnDkp:f7GkOWPbvoCr-j3Qw-Dq70vkbxSBphntik3qVi7yjIk	2025-03-12 09:30:59.727971+00
k3alndmpxq97v874bqka4myckaq93k64	.eJxVi80KAiEQgN_Fc8jorrbTMeg5ZBxHlLYNUk_Ru1ewh7p-P08VaPQSRpNHqEmd1DKrwy-MxFfZvoaY72PrTY9e19qrNL3Lpi83qut5T__-Qq185mQQshfPnLJj6zKiWEd2WuQYyUVCiZMRZkmz9YkEYEIP1hvHCGDU6w0bIDh_:1tnDql:bLWWNtdDtvUSymD_mBwdHirh_XcTQVFc83VA0nP1Po0	2025-03-12 09:37:07.488731+00
m7yhub8o0j9f3b4sgm4oxf42kwjff8ge	.eJxVi8sKwyAQRf_FdZH4SON0Wch3yIyOKE1TqLoq_fckkEW7u9xzzkd47C37XvntSxQ34UZx-T0Jw4PXg2AIr762KnsrS2mFqzxhlfMTy3I_1b8-Y817fKWAEDWAjpwCWwUaiZN1ZlJgVbKgyezOkIgi4URmMEz62JEcsPhuInM5zw:1tnFec:AwJPqI2BkV9kJG9fj-7daAXqlgBU0oCNcoMLOMnqggw	2025-03-12 11:32:42.229584+00
167yvzhiijfsrl5gp34l6vl4wh2jg09a	.eJxVi80OwiAMgN-Fs1m6wSh6NPE5SGm7QJwzETgZ311NdtDr9_M0kXrLsVd9xCLmZAKawy9MxFfdvoaY731rdeitrKUVrcMu63C5UVnPe_r3Z6r5M7skYMmpEi7CBE5pXpQtBwsJkY9exDNMNDPgpGiDBwtupORJRlXzegMmVTj_:1tnIIo:e9842f4Nhvfshq9fY4M9IWjyhaOvvbU9R6QuJvtRei8	2025-03-12 14:22:22.217144+00
lou3h85qecy3o1rwgwwt2ia3rutwoekr	.eJxVy0EOwiAQheG7sDYEKAPo0qTnIMMwDcRaE4GV8e7WpAvdvu_9LxFx9BJH42esWVzENInT75iQbrx9BYkeY-tNjl7X2is3eWCT8x3rej2uf33BVvY4BI2AyoIjssDaQSK3AJ2ZVd5JpewtcjDeL5NGA4CWyEBinwNZFO8P8wk4eQ:1tnJDq:QNNSbSOpStg4-IVsLT43P19LmSyvWm1jYewGQwDl4wQ	2025-03-12 15:21:18.018918+00
ivnf1ardwste7q9fx4dkjy15vruikt32	.eJxVi0EOwiAQRe_C2hAKFKhLE89BZoYhEGtNBFbGu1uTLnTxN_-99xIRRi9xNH7GmsRZ-CBOvycC3Xj7EiB6jK03OXpda6_c5AGbvN6hrpdD_esLtLLHOGFONFnK-wBZO-XdrIM2zuRsiEArY1VQAGxxsdor4kAwJ4t-oSTeHwpjOKA:1tnY4d:2kjeWq5ApkTxcRfamd9h0Rsk2v5akF5CLzvnvESlouA	2025-03-13 07:12:47.323704+00
r15kynxan8kbudr2h2yhhcrjnv5n5wre	.eJxVi80KAiEQgN_FcyzOuo5Tx6DnkFFHlLYNUk_Ru1ewh7p-P0_lefTiR5OHr0mdFJE6_MLA8Srb13CM97H1No1e19qrtGmXbbrcuK7nPf37C7fymSFbYU3GAWFiBkFjF3sk61DPViAaFwgxwoIZEmsAG4Vnk2ZDSDmo1xvRezc6:1tneNe:QVnQYc-Ac2yT0ye8qV-CfW8YSHv9xalr205kkv4L11o	2025-03-13 13:56:50.842412+00
nmzmze7hjs1qwqghwzplfw08vzio33qk	.eJxVi80KAiEQgN_Fc4h_O6Mdg55DZtRQ2jZIPUXvHgt7qOv38xaR5qhx9vKKLYuzME6cfiFTupdtN5TSc26jyzna2kYrXR6yy-uD2no50r-_Uq_7fPPgKAOFzEzZGa1M9oktBAKkoAPYBQ0De2BErXLQ2gA6ZS2GBcXnC_Z0Nw4:1tpCMm:PCzxzLo6WdGq23zQh_R0ogEF8S1d5XpbEp4LAG5IOkA	2025-03-17 20:26:20.085055+00
zfckjvz4vsmgk2fbj34nijufffx9yprg	.eJxVi80KAiEQgN_Fcyyuuul0DHoOmXFGlLYNUk_Ru1ewh7p-P08VcfQSR5NHrKxOalaHX0aYrrJ9BaZ0H1tv0-h1rb1Km3bZpssN63re07-_YCuf-YjERGgyJb2IRuMxW_LJAduZSUggWGJACJA1WMeLYxAfrNE--6xebwrLOO0:1tr6tx:OQO88QUwp6dESJulaP3KMO1TSbWftZSjEbztZHps2Lo	2025-03-23 03:00:29.104526+00
j191syc1nw458b7yom4ogdg8z4w1vvl4	.eJxVi0sOwiAQQO_C2jSAQBmXJj0HmRkgEGtNBFbGu2uTLnT7Pi8RcPQSRkvPUKO4CA3i9AsJ-Za23SDzY2y9TaPXtfaa2nTINi13rOv1SP_-gq3sswavIhmdE5BEAOelMg4UIXjpaU6zjcjfiOAcDRvI2YO04DhbBhLvD-dCN_Y:1tsORd:9eCGu5TG9TX-_m3Cc8axLXPLnYw_POCCpQc-yksMKCk	2025-03-26 15:56:33.202594+00
idi6z8yxsqeywv58fgmszzzsbaihhrf7	.eJxVi80KAiEQgN_Fc4g7jjF2DHoOmR0nlLYNUk9L717BHur6_Wwm8egljabPVLM5GTCHXzaz3HT9ChZ5jLU3O3pdaq_a7C6bvdy5Luc9_fsLt_KZ0TMIeszeA7LydCWgYyRUiBkyQ-BAoAQzRccYBMQ5pzipBA_A5vUGrw03FQ:1tsPSp:yX0jZzX31-M1NZKkarEUn61c5pKADRG1a8jL0F6SMdk	2025-03-26 17:01:51.963142+00
8ile4nnhr95eq94nhgqdyzqb0zlqol4a	.eJxVi80KAiEQgN_Fcyyuuul0DHoOmXFGlLYNUk_Ru1ewh7p-P08VcfQSR5NHrKxOalaHX0aYrrJ9BaZ0H1tv0-h1rb1Km3bZpssN63re07-_YCuf-YjERGgyJb2IRuMxW_LJAduZSUggWGJACJA1WMeLYxAfrNE--6xebwrLOO0:1tsgBL:WKLtBmHbW9HSMpUXk4iaCw28r828ySieH5syrJZXD5w	2025-03-27 10:52:55.869784+00
vmk35gcwzyyi1w8v6oz5qn2zetdlor3z	.eJxVi80KAiEQgN_Fc4g7jjF2DHoOmR0nlLYNUk9L717BHur6_Wwm8egljabPVLM5GTCHXzaz3HT9ChZ5jLU3O3pdaq_a7C6bvdy5Luc9_fsLt_KZ0TMIeszeA7LydCWgYyRUiBkyQ-BAoAQzRccYBMQ5pzipBA_A5vUGrw03FQ:1tt7Z5:K8eP5RAlIn7RIhld4HV4hnbR9kjVTTG3_LoJ5r9NsLs	2025-03-28 16:07:15.712144+00
18tw2wk2f05owdps31ajjrxctfptwlpa	.eJxVjs0OwiAQhN-FsyFlgVI8mvgczS4_gVipKXAyvrs19qDXmflm5slm7C3NvYZtzp6dmbTs9CsSulsoHwedW3tplfeWl9xyqPwwK7_eMS-XI_rHJ6xphwFV9EJobckIT3oiC15YAwASIimiYRzQSjR6inaUGEV0GtAo4ZSPci_d1x9r-b5krzdKyTxu:1txmq5:6YRlNrGrCoLM2QeqZBBG48j-M42EJeU_EQR6Ip4yTi4	2025-04-10 13:00:05.452513+00
u69ft4jf1p90ub7otxquwgglubb5oooy	.eJxVi0sOwiAQQO_C2pDOAKW4NOk5yAyfQKw1EVgZ764mXej2fZ7C0-jFj5YevkZxFsqJ0y9kCte0fw2FcB97b3L0utVeU5OHbHK9Ud0uR_r3F2rlMyPpHAGMcWwhslnYYQRnEVFhZs08zRM5RdYs2c2KMuRgkKyGoGNW4vUG4Oo3wA:1txmrt:GpH-61FSJWi8C9ITCcGsWQ8vmW0WN69wdfMz-2cQTX8	2025-04-10 13:01:57.512581+00
xqbqpmgx8tjuvxpd5u2yvkvofull293j	.eJxVi0sOwiAQQO_C2pDOAKW4NOk5yAyfQKw1EVgZ764mXej2fZ7C0-jFj5YevkZxFsqJ0y9kCte0fw2FcB97b3L0utVeU5OHbHK9Ud0uR_r3F2rlMyPpHAGMcWwhslnYYQRnEVFhZs08zRM5RdYs2c2KMuRgkKyGoGNW4vUG4Oo3wA:1ty4Zs:l8fOGtPwtEnxgDBGDdY9o7qbrH7VCzaUF4XqHupzlFM	2025-04-11 07:56:32.496402+00
f7x26g9x0cx796n9ztxyv3rnqdl021ib	.eJxVi80KAiEQgN_Fc4g7jjF2DHoOmR0nlLYNUk9L717BHur6_Wwm8egljabPVLM5GTCHXzaz3HT9ChZ5jLU3O3pdaq_a7C6bvdy5Luc9_fsLt_KZ0TMIeszeA7LydCWgYyRUiBkyQ-BAoAQzRccYBMQ5pzipBA_A5vUGrw03FQ:1tzGbO:0DEWYmtxM2yGIPXLF8IuuSjcnx7dTsZ3iqVWIM-u5OY	2025-04-14 14:59:02.472089+00
rr314adp6d611v7374nddxjeeaqyluwn	.eJxVi80KAiEQgN_Fc4g7jjF2DHoOmR0nlLYNUk9L717BHur6_Wwm8egljabPVLM5GTCHXzaz3HT9ChZ5jLU3O3pdaq_a7C6bvdy5Luc9_fsLt_KZ0TMIeszeA7LydCWgYyRUiBkyQ-BAoAQzRccYBMQ5pzipBA_A5vUGrw03FQ:1tzGcR:Ti12897-LMq1_nd1mFH1UznmTmI_DHr46bry0xiAEDQ	2025-04-14 15:00:07.16247+00
fusto3asg5v49fvxqla76837iawsffcy	.eJxVi80KAiEQgN_Fc4g7jjF2DHoOmR0nlLYNUk9L717BHur6_Wwm8egljabPVLM5GTCHXzaz3HT9ChZ5jLU3O3pdaq_a7C6bvdy5Luc9_fsLt_KZ0TMIeszeA7LydCWgYyRUiBkyQ-BAoAQzRccYBMQ5pzipBA_A5vUGrw03FQ:1tzIFu:vGDx5fvFYUAe__J3qz1G-TwMcUmhIvUsC9hbhyp5i0s	2025-04-14 16:44:58.715572+00
x6z1n765cg2ovf5ezddjk48ckbmyki5s	.eJxVjsEOwiAQRP-Fs2loodL1aOJ3kF12SYm1NQIn47-LsQe9zsybmafyWMvsa5aHT6xOqleHX40wXGX9GBjCVteSu1rSkkqS3O1m7i43TMt5j_7xM-a5wUckJsIhUtCjaBwcRkMuWGDTMwkJTIYYECaIGozl0TKIm8ygXXSxlbb1-7Z-T6rXG4Y-PZs:1u1UAm:OHm4O9WX_zpYf6qGqRlz7rhU-O96w933P2eSZpr27Zk	2025-04-20 17:52:44.528131+00
zbinuv26iha2kqockwmbhw7mgj1rhvpx	.eJxVjEsKAjEQBe-StYTp_Nul4DlCm3RIcBzBJCvx7jIwC91W1XtvEWmOGmfnV2xZnAUu4vQLb5TuvO2GUnrObXQ5R1vbaNzlIbu8PqitlyP921fqdb81jOxAscbg2QCiyUCmgNEcjAXUVvsAoJRG7W0Gl2CBTAmYSklOfL64BDbk:1u1qcr:3J_PHSrilTeaDEJby5HgWZVeoCPXQVNFKPTwPbbgYy0	2025-04-21 17:51:13.068898+00
wzngu8zycl11277ayz0i98vs35n7jgl4	.eJxVi80KAiEQgN_Fcyyuuul0DHoOmXFGlLYNUk_Ru1ewh7p-P08VcfQSR5NHrKxOalaHX0aYrrJ9BaZ0H1tv0-h1rb1Km3bZpssN63re07-_YCuf-YjERGgyJb2IRuMxW_LJAduZSUggWGJACJA1WMeLYxAfrNE--6xebwrLOO0:1u2Wqx:bdv0uzCldDCddK6WwX8tlQxhqF2H8w4YVWj5XBgkSsE	2025-04-23 14:56:35.212713+00
0yxiu46j77g0vxb8edsf5x3ebilia7eh	.eJxVi80KAiEQgN_Fc4g7jjF2DHoOmR0nlLYNUk9L717BHur6_Wwm8egljabPVLM5GTCHXzaz3HT9ChZ5jLU3O3pdaq_a7C6bvdy5Luc9_fsLt_KZ0TMIeszeA7LydCWgYyRUiBkyQ-BAoAQzRccYBMQ5pzipBA_A5vUGrw03FQ:1u5HHP:jmDns8dK3PPE8Fun8U2H6TE9T0D1jFt_LNOxvaIRnYw	2025-05-01 04:55:15.816926+00
8fk57nkx2d4nr3i0r1hbzophqute2pq1	.eJxVjsEOwiAQRP-Fs2loodL1aOJ3kF12SYm1NQIn47-LsQe9zsybmafyWMvsa5aHT6xOqleHX40wXGX9GBjCVteSu1rSkkqS3O1m7i43TMt5j_7xM-a5wUckJsIhUtCjaBwcRkMuWGDTMwkJTIYYECaIGozl0TKIm8ygXXSxlbb1-7Z-T6rXG4Y-PZs:1u7yEk:UweHfQ4iILppi7iLLAHglfc9woI5xTOA7o531xv4ZXQ	2025-05-08 15:11:38.298464+00
rfeoucyayrfj6z9edbo64y4wxuyszbrl	.eJxVi0sOwiAQQO_C2jSAQBmXJj0HmRkgEGtNBFbGu2uTLnT7Pi8RcPQSRkvPUKO4CA3i9AsJ-Za23SDzY2y9TaPXtfaa2nTINi13rOv1SP_-gq3sswavIhmdE5BEAOelMg4UIXjpaU6zjcjfiOAcDRvI2YO04DhbBhLvD-dCN_Y:1uEobz:Zx7M1tIlbVjA81pG6ycmfCYj0gtmbVSuiv7xw72M5ng	2025-05-27 12:19:55.799774+00
8clufslwe4ejtrjcf2sxdhg7zmmv5grp	.eJxVi80KAiEQgN_Fc4g7jjF2DHoOmR0nlLYNUk9L717BHur6_Wwm8egljabPVLM5GTCHXzaz3HT9ChZ5jLU3O3pdaq_a7C6bvdy5Luc9_fsLt_KZ0TMIeszeA7LydCWgYyRUiBkyQ-BAoAQzRccYBMQ5pzipBA_A5vUGrw03FQ:1uEwia:eMRMepCG_PGyTHO4WrE7QsFiaXL5hieT55SeK3RbMcA	2025-05-27 20:59:16.196948+00
k12ql77o4t09wrwu5fzqdd9y5yr1iav9	.eJxVi80KAiEQgN_Fc4g7jjF2DHoOmR0nlLYNUk9L717BHur6_Wwm8egljabPVLM5GTCHXzaz3HT9ChZ5jLU3O3pdaq_a7C6bvdy5Luc9_fsLt_KZ0TMIeszeA7LydCWgYyRUiBkyQ-BAoAQzRccYBMQ5pzipBA_A5vUGrw03FQ:1uEwjm:gkGjMDl0-1wEK6EGvMLGn9NJufqepuu-BV8DpbMyxo8	2025-05-27 21:00:30.610767+00
zj5yv79xq7fbu9pkj96twx2c1dmt568u	.eJxVi0sOwiAQQO_C2jSAQBmXJj0HmRkgEGtNBFbGu2uTLnT7Pi8RcPQSRkvPUKO4CA3i9AsJ-Za23SDzY2y9TaPXtfaa2nTINi13rOv1SP_-gq3sswavIhmdE5BEAOelMg4UIXjpaU6zjcjfiOAcDRvI2YO04DhbBhLvD-dCN_Y:1uFXKS:j1ki1yp3z4Ee6sCQsfGSB6ZGpWvqay4XCq-Km6_tbvI	2025-05-29 12:04:48.801166+00
qmal4cmzhekj0oorgulx6l2ng3dtoond	.eJxVi80KAiEQgN_Fcyyuuul0DHoOmXFGlLYNUk_Ru1ewh7p-P08VcfQSR5NHrKxOalaHX0aYrrJ9BaZ0H1tv0-h1rb1Km3bZpssN63re07-_YCuf-YjERGgyJb2IRuMxW_LJAduZSUggWGJACJA1WMeLYxAfrNE--6xebwrLOO0:1uG2EV:bhkErHJL0qStOaZwwhFB_eMxLqhiKmi-JaQRqXc5-L4	2025-05-30 21:04:43.090197+00
tnrmf0oqd1zjd82z9rkcga9luo9lstw0	.eJxVi0sOwiAQQO_C2jSAQBmXJj0HmRkgEGtNBFbGu2uTLnT7Pi8RcPQSRkvPUKO4CA3i9AsJ-Za23SDzY2y9TaPXtfaa2nTINi13rOv1SP_-gq3sswavIhmdE5BEAOelMg4UIXjpaU6zjcjfiOAcDRvI2YO04DhbBhLvD-dCN_Y:1uM62m:b2UREdXnCOba1CWg6CWa86fne4nfFnNCbb0_KK1zE74	2025-06-16 14:21:40.462273+00
s2qj98xq4n2diyu6ee4pmdfime2dp7yr	.eJxVi80KAiEQgN_Fcyyuuul0DHoOmXFGlLYNUk_Ru1ewh7p-P08VcfQSR5NHrKxOalaHX0aYrrJ9BaZ0H1tv0-h1rb1Km3bZpssN63re07-_YCuf-YjERGgyJb2IRuMxW_LJAduZSUggWGJACJA1WMeLYxAfrNE--6xebwrLOO0:1uOYOA:hGUMfoGms-N7F6GPTxh2tme2l73uFcTjtYyYMlB_M60	2025-06-23 09:01:54.917086+00
0p1jis7nutwo7wdfite1kemueszz0dx4	.eJxVi0sOwiAQQO_C2pDOAKW4NOk5yAyfQKw1EVgZ764mXej2fZ7C0-jFj5YevkZxFsqJ0y9kCte0fw2FcB97b3L0utVeU5OHbHK9Ud0uR_r3F2rlMyPpHAGMcWwhslnYYQRnEVFhZs08zRM5RdYs2c2KMuRgkKyGoGNW4vUG4Oo3wA:1uOYg0:h2eX6j7a8DbuSEsa78MepicON69hPKPk8n13iU_fN3U	2025-06-23 09:20:20.079079+00
knuuuua1sp3p27beggmzy4ice6r4d0uo	.eJxVi0sOwiAQQO_C2pDOAKW4NOk5yAyfQKw1EVgZ764mXej2fZ7C0-jFj5YevkZxFsqJ0y9kCte0fw2FcB97b3L0utVeU5OHbHK9Ud0uR_r3F2rlMyPpHAGMcWwhslnYYQRnEVFhZs08zRM5RdYs2c2KMuRgkKyGoGNW4vUG4Oo3wA:1uOYg1:7EkXs4YqGGSng0rdIscvBwghWTPNB-A4tn4G81yhT7U	2025-06-23 09:20:21.268168+00
4hbugfq2jbttcxv5xk05b0fqqn9fn75q	.eJxVi80KAiEQgN_Fcyyuuul0DHoOmXFGlLYNUk_Ru1ewh7p-P08VcfQSR5NHrKxOalaHX0aYrrJ9BaZ0H1tv0-h1rb1Km3bZpssN63re07-_YCuf-YjERGgyJb2IRuMxW_LJAduZSUggWGJACJA1WMeLYxAfrNE--6xebwrLOO0:1uX7Lp:Rz3j4LENMeXdKuS48hVlh0202Z0LUwAB1dNJXXoUUYQ	2025-07-16 23:58:53.231645+00
39rp4qh819ixpo9n0iu9yfk990ajqjal	.eJxVi80KAiEQgN_Fcyzu6KzaMeg5ZJxGlLYNUk_Ru1ewh7p-P08VafQSR5NHrBd1VN6owy9MxFfZvoaY72PrbRq9rrVXadMu23S-UV1Pe_r3F2rlM6PTuGQnHjUJQNI26eAtCmRiawHQ8gxGgrGGAszJOHAe2XlCB3lRrzfF6jar:1vvZTU:JNaax7cN1trPC-6xd3E6mJoYQv2TYEmDcAQPj4NEz24	2026-03-12 11:24:08.032599+00
kk0t58ttyw25yo6d6l3tlmskspu5lizy	.eJxVi80KAiEQgN_Fcyyuuul0DHoOmXFGlLYNUk_Ru1ewh7p-P08VcfQSR5NHrKxOalaHX0aYrrJ9BaZ0H1tv0-h1rb1Km3bZpssN63re07-_YCuf-YjERGgyJb2IRuMxW_LJAduZSUggWGJACJA1WMeLYxAfrNE--6xebwrLOO0:1ubHIk:cxa9z-bGiqIK4m5Dz1esP0Cps6pGHow4UDHhYDnTdsk	2025-07-28 11:24:54.43102+00
ym02qey5f95qt7vosrpjhr9lr1ydv8pd	.eJxVi80KAiEQgN_Fcyyuuul0DHoOmXFGlLYNUk_Ru1ewh7p-P08VcfQSR5NHrKxOalaHX0aYrrJ9BaZ0H1tv0-h1rb1Km3bZpssN63re07-_YCuf-YjERGgyJb2IRuMxW_LJAduZSUggWGJACJA1WMeLYxAfrNE--6xebwrLOO0:1uedx7:0bllGEqxieOP0ZK7XCNsNb3NNGyhwn5HWm634LeFdfQ	2025-08-06 18:12:29.681233+00
nlubllgpjt5ju7aaa109a93jxzhz0dym	.eJxVi80KAiEQgN_Fcyyuuul0DHoOmXFGlLYNUk_Ru1ewh7p-P08VcfQSR5NHrKxOalaHX0aYrrJ9BaZ0H1tv0-h1rb1Km3bZpssN63re07-_YCuf-YjERGgyJb2IRuMxW_LJAduZSUggWGJACJA1WMeLYxAfrNE--6xebwrLOO0:1ugjR8:0gS2ek1UxNJAH3onzON8ZzL0748cWW3yL8ck7oknvdM	2025-08-12 12:28:06.427059+00
wrez7rjfu70aykxpni868yroyjkfb6ty	.eJxVi0sOAiEQBe_C2kz4NR-XJp6DNA0E4jgmAivj3XWSWejyvap6sYBz1DB7foaW2JkJdvr9ItItbztAosfcRl_maGsbLfflgH253rGtl0P96yv2-o0N2WQdN9yj45GS1N4VpSDaKMAnITly8BqVBq8olaStlQVM3Ad5YO8PrpA3bg:1uglZ0:KmfODWEr5fx9iVNO4wCc_tnkEyDRHRm5Ym-SbxqqZb0	2025-08-12 14:44:22.319902+00
vtbyksm5xuic7bm6ejg7iqlmdfhmxoy5	.eJxVi80KAiEQgN_Fc4g7jjF2DHoOmR0nlLYNUk9L717BHur6_Wwm8egljabPVLM5GTCHXzaz3HT9ChZ5jLU3O3pdaq_a7C6bvdy5Luc9_fsLt_KZ0TMIeszeA7LydCWgYyRUiBkyQ-BAoAQzRccYBMQ5pzipBA_A5vUGrw03FQ:1uh6rD:d0IMcHyGaBJJYQDjgYC3KBSFy4iB0dq4BGtrGK3kc9Q	2025-08-13 13:28:35.716899+00
9h93975zk2d8xzozbhkibvsmvyhh29gz	.eJxVjsEOwiAQRP-Fs2l2gcLi0cTvaLaAgVhbI3Ay_rsYe9DrzLyZeYqJW01TK_Ex5SCOAkGKw686s7_G9WOx91tbaxlazUuuOZZhN8twvnFeTnv0j09cUodnDJEsIBAaQMdGKdCONJpgNYN1xoKiEOGipGaUxFLOlrQcidQIsZf29fu2fm-K1xsXITq4:1ujJy9:WOKXnUu4bU6c9DYg7gTMxq7tFECPIapmQXVTkMYTkUI	2025-08-19 15:52:53.237822+00
0g45nvolm2xwqexxwfm88x2xutc5tfxp	.eJxVi80KAiEQgN_Fc8iMujp2DHoOGX9Cadsg9RS9ewV7qOv38xSB56hh9vIILYujQFDi8Esjp2vZvopTus9tdDlHW9topctddnm-cVtPe_r3V-71M0fMhRwgEFpAz1ZrMJ4M2uwMg_PWgaZc4KKVYVTESkVHRi1EeoEiXm_G7DYK:1ujhZd:sgZFNdTkBVNwVIoUrokiH0S6mDSEcgV9cDiX_c6-0lA	2025-08-20 17:05:09.530611+00
msj7fvar4bznnclm18tw2f26o78cuevy	.eJxVi80KAiEQgN_Fc8iouJMdg55DRp1Badsg9RS9ewV7qOv381SR5qhxdn7EVtRJGXDq8EsT5StvX0U53-c2up6jrW007nqXXV9u1Nbznv79lXr9zBCQWYoTkFwE0aUFDbEgWB9ksXAElCy2WMPCwZNQQbS-hJQgZFavNzYnOVk:1ul0Dk:xjOW1Nd_7JSbh05qvrefdsT6egxNgQ3wJjuOqGCrXW8	2025-08-24 07:11:56.057372+00
ex29zx00u1xa3ib2up8f6j2147uzmlub	.eJxVi80KwjAMgN-lZxld06SrR2HPUbI0sOKcYNuT-O4q7KDX7-dpEve2pl71kUo2Z-PJnH7hwnLV_WtY5N73VofeylZa0Tocsg7zjct2OdK_f-W6fuaQc3A2LiqAKBLRcmYCQo9epxAnIrHMJAtomMiJ55EiwugUQB2a1xvrdjdy:1ulLDO:GsVRsPhAuYG8s41uZPaRPxhu30FqTJ9LzyZCrIUXFKI	2025-08-25 05:36:58.660983+00
7tkzt8ngr7qyn9v1vtk37t8bkf77z1yh	.eJxVi80KAiEQgN_Fc4g7jjF2DHoOmR0nlLYNUk9L717BHur6_Wwm8egljabPVLM5GTCHXzaz3HT9ChZ5jLU3O3pdaq_a7C6bvdy5Luc9_fsLt_KZ0TMIeszeA7LydCWgYyRUiBkyQ-BAoAQzRccYBMQ5pzipBA_A5vUGrw03FQ:1ulgqR:tmVWAuEABduONdZshk4-sGoBAOfwtk6gmbaL-dsktrM	2025-08-26 04:42:43.921427+00
51z03t64vsbjq6kep4umknb6ui8s4epe	.eJxVi0sOAiEQBe_C2kz4NR-XJp6DNA0E4jgmAivj3XWSWejyvap6sYBz1DB7foaW2JkJdvr9ItItbztAosfcRl_maGsbLfflgH253rGtl0P96yv2-o0N2WQdN9yj45GS1N4VpSDaKMAnITly8BqVBq8olaStlQVM3Ad5YO8PrpA3bg:1uljXN:90Ukexx8GVYZtGeqv5_-kD3nuwcbSu8omPHxItNu_kI	2025-08-26 07:35:13.930066+00
dkj4pwcuvk7fku7f6wbrav2m96z89hzw	.eJxVzMEOwiAQBNB_4WwIC92leDTxO8hCIRBrTQROxn_XJj3odd7MvITn0YsfLT19XcRZgCJx-k0Dx1vaduIYH2PrTY5e19pravLAJq93ruvlqP7tC7ey_zodnZ4IHafMRBDsHKyjZAKDJZUt4WIMEitAmMECT2wQv8gZtBHvD--eNv8:1ulqBa:qxuNcPg3FyDlOH55_cHUWyIkwhPewENINeB-tXXbUIU	2025-08-26 14:41:10.116499+00
t59lv8a23l91mucy1p8kpomoimh8s1ya	.eJxVzEsKAjEQBNC7ZC3D5DNp2qXgOUJ30iHBcQSTrMS7-2EWuq1XVQ8VaPQSRpN7qEkdlZ5BHX5TpniR7UMU421svU2j17X2Km3asU3nK9X1tFf_9oVa-f4K-Qw2s2G0oIl9spFny4BJg3-rRwdOmyQRHRqPeSHRYI0RkEU9XxanOAI:1ulqMm:61DpnqhTyR4WizI8yIo604lyug3I2kd30_uBP59qhm4	2025-08-26 14:52:44.502192+00
hvga5w4ud4z59zsuvsh0e2gf7e2u3jbv	.eJxVi80KwjAMgN-lZylrtszMo-BzjCTNaHFOsO1JfHcVdtDr9_N0M7ea5lbsMefoTi505A6_VFivtn0Vq97bVotvNa-5Zit-l8VfbpzX857-_YlL-szaSQ9BBgUMEHEhDD2NC8oRdTQCIMKIcSIzgKiiAxsRWScSmSZwrzcG1Dhj:1umQM6:tdyiacgmU1SLOtRvJAHQVwVG9dUPMp-FEgMT7-fviA0	2025-08-28 05:18:26.592975+00
r2525h249qin20hyuapyu577ttl9nafl	.eJxVi80KAiEQgN_Fc4g7jjF2DHoOmR0nlLYNUk9L717BHur6_Wwm8egljabPVLM5GTCHXzaz3HT9ChZ5jLU3O3pdaq_a7C6bvdy5Luc9_fsLt_KZ0TMIeszeA7LydCWgYyRUiBkyQ-BAoAQzRccYBMQ5pzipBA_A5vUGrw03FQ:1umRvj:4vzHGP9eXODVW7x1ClOQRmBlEegWMm3tB7GN9pOskA4	2025-08-28 06:59:19.455819+00
sax6qlaixpoi3vnkfykdb77ikei87tep	.eJxVi80KAiEQgN_Fc4h_a07HoOeQcRxR2jZIPUXvXsEe6vr9PEXEOWqcnR-xZXESWoE4_NKEdOXtq5DoPrfR5RxtbaNxl7vs8nLDtp739O-v2OtnJrDliD5QYnBEGdSCoJdMKVMwNpDyyhlMjBqCN8YoBIBAPruii03i9QYtTziR:1umSSr:sBpQ8lxOuR20WUI-gihOW_3kWcZLC4hwxZP8dnF-bE4	2025-08-28 07:33:33.644818+00
hua5zksdtjzpa908sl924mg7bcrs6vij	.eJxVjM0OwiAQhN-FsyFAYbvr0aTPQfhZA7HWROBkfHdt0oPeJvN9My_hw-jFj8ZPX7M4C-PE6beMId1420lI6TG23uToda29cpMHbHK5h7peDvVvX0Ir-62aWNkMDICRtNVIRNOcUaGxkGEGdUWnv4ltdNEQoVYcSCFwdqDF-wOwgjZt:1umSUZ:-Qa4VAqOQvaCGJHglPw4_W_KNVrZpE5nH-rtso9tHEo	2025-08-28 07:35:19.067146+00
omz4hjo0xsxaagoqfe20yslcyf2axqt4	.eJxVi0sKwyAQQO_iuoSMGo1dFnIOmcyMKE1TqLoqvXsJZNFu3-etIvaWY6_yioXVVQGM6vJLV6S77IdComffWx16K1tpRepwyjosDyzb7Uz__ow1H7O2Eox3QQvTCHoVwKR9IuCJwIYwMc7jxA6YwGj0xpCZLQhaOyft1OcLD2Q35Q:1umSkC:vHnbNaYEn1UgDZ1bbeV2kbzmbc3rSypGfhgJQQbXkIg	2025-08-28 07:51:28.827496+00
lx8fv52hh4do7hme8cz7721gp8fusf2h	.eJxVi80KAiEQgN_Fc4h_a07HoOeQcRxR2jZIPUXvXsEe6vr9PEXEOWqcnR-xZXESWoE4_NKEdOXtq5DoPrfR5RxtbaNxl7vs8nLDtp739O-v2OtnJrDliD5QYnBEGdSCoJdMKVMwNpDyyhlMjBqCN8YoBIBAPruii03i9QYtTziR:1umSoW:Rds1ONIuMrQp-hYYoe3onpfMjXVRAGhMe222UcxHgPA	2025-08-28 07:55:56.580393+00
by4xoxtir53di5b6liisov6elg9ld86l	.eJxVi0sOAiEQBe_C2kz4NR-XJp6DNA0E4jgmAivj3XWSWejyvap6sYBz1DB7foaW2JkJdvr9ItItbztAosfcRl_maGsbLfflgH253rGtl0P96yv2-o0N2WQdN9yj45GS1N4VpSDaKMAnITly8BqVBq8olaStlQVM3Ad5YO8PrpA3bg:1umTWs:DBNVZj6dN_BEQm2vYSknlCpaA8UGjn7se9GsIimZwV4	2025-08-28 08:41:46.052815+00
s21j0m9cfadmgk2tl618u6n42jeuedyy	.eJxVi0sOwiAQQO_C2pAZfm1dmvQcZBggEGtNBFbGu6tJF7p9n6fwNHrxo6WHr1GchTHi9AsD8TXtX0PM97H3JkevW-01NXnIJtcb1e1ypH9_oVY-M-ICZjI2Kw2zMpHnzJwVk9aOoiO0bkEIYHEJnGdFIUNwmTDiBC6BeL0B2WU31g:1uoMPw:AA0CSSazlvh01CYmTxu_ZmPI3xYbNssZfKBt7NS-bYo	2025-09-02 13:30:24.346013+00
0ss5x1xkyb9c7n9yciv3w12qaiypg205	.eJxVi80KAiEQgN_Fc4iO-dcx6DlkRmdR2jZIPUXvXsEe6vr9PEXCOWqanR-pFXESAOLwCwnzlbevwZzvcxtdztHWNhp3ucsuLzds63lP__6KvX5mF21mVWzxmoojBM0xMirlFyiKrFqOBNFZsCYEBcazcT6zicFpDUTi9QbpvTdg:1uoTqX:1nYndQqZX1mpV0qedjrcBj_Q72DvAHtUoYcZUphCEqQ	2025-09-02 21:26:21.206805+00
io08tdpvwjc0n8yecdqzespd1hb8cxvc	.eJxVi8sKAiEUQP_FdYiP8dUymO-Q6_WK0jRB6ir69wpmUdvzeLIIc9Q4Oz1iy-zMpJTs9EsT4JX2rwLE-9xH53O0rY1GnR-y8_UGbbsc6d9fodfPHHLWwWtlkBYjPOlsoBidlSyiOCQSCm1SGVwSyi4gRVBkHTobfBAQ2OsNEsM3-Q:1uohaq:R6KIf3Mz3R5zySMu2jOIdSpizlrzY4hLXiHGdEjxffQ	2025-09-03 12:07:04.612992+00
99curff1ck4tos43u3g5azk0htuonq9i	.eJxVi80KwjAMgN-lZxlLuy2ZR2HPUbI0pcU5wbYn8d1V2EGv38_TeG41-Vb04XMwZwNgzemXrixX3b-KRe5tr6VrNW-5Zi3dIUu33DhvlyP9-xOX9JlD6EWJeZxVEWhywDFakAkcBGBGpSCCCpbQDYo6qkVa-6CO50iDeb0BM5846Q:1upmpN:eP03GVaSlKONPGu_pfaJOZUwy54ouV32LZGLUyonKTU	2025-09-06 11:54:33.734539+00
lwjfamngcxwa6oxrv6hwkycm7kxq8r8a	.eJxVi0sOAiEQBe_C2kz4NR-XJp6DNA0E4jgmAivj3XWSWejyvap6sYBz1DB7foaW2JkJdvr9ItItbztAosfcRl_maGsbLfflgH253rGtl0P96yv2-o0N2WQdN9yj45GS1N4VpSDaKMAnITly8BqVBq8olaStlQVM3Ad5YO8PrpA3bg:1uqyTi:QOP6cCwmc0r-LRwg8O3SmQ5dPZRI_7K9kqq6IjIXPqU	2025-09-09 18:33:06.416054+00
sezrvx7cd5qd45blrdawah3nym2ksalo	.eJxVjEEOwiAQRe_C2jTA1BZcmvQcZJgZArHWRGBlvLs16UK3__33Xipgbzn0Ks9QWF2UMaBOv2tEusn2RUj06FurQ29lLa1IHQ5Yh-WOZb0e1z8_Y827nMRPe8DqBHoUjmQZxaUEzkdKbGGaJRoibWdGyxDBoBBb4_zZj1qr9wdVgDlh:1urret:Tja6asgGzptmzXW0nTAn60UADG7Wx-vgS-Sbtu9iG4o	2025-09-12 05:28:19.920038+00
0epckzmb4dv2o1uaparkagonc870bo1p	.eJxVi8sKAiEUQP_FdYjvqy2D-Q7x3lGUpglSV9G_VzCL2p7Hk8U0R42z50dsKzszKQ07_VJMdM37VyWi-9xH53O0rY2WOz9k58stte1ypH9_Tb1-ZgCHjjAQEhXphRdgNARvhPYOlFChWIkaVkcu21AUodEWISSpyVrHXm_3wjdN:1usGpn:2YWfAjsdADMnpF_EmaCifsz_vhUuOPU7Qjai0UqK70s	2025-09-13 08:21:15.177597+00
t6kqbyrbfg30gaimoqa3vjpl9nxafh80	.eJxVi80KAiEQgN_Fc4g7jjF2DHoOmR0nlLYNUk9L717BHur6_Wwm8egljabPVLM5GTCHXzaz3HT9ChZ5jLU3O3pdaq_a7C6bvdy5Luc9_fsLt_KZ0TMIeszeA7LydCWgYyRUiBkyQ-BAoAQzRccYBMQ5pzipBA_A5vUGrw03FQ:1usHuW:wXLIFT-_WRTvlT4xQD7aPHBQQ_41jKtKj3H8J--Qi7U	2025-09-13 09:30:12.897899+00
dulu3u21rqg1lizwjvs1i1ojjob1jj1c	.eJxVjEEOwiAQRe_C2jTA1BZcmvQcZJgZArHWRGBlvLs16UK3__33Xipgbzn0Ks9QWF2UMaBOv2tEusn2RUj06FurQ29lLa1IHQ5Yh-WOZb0e1z8_Y827nMRPe8DqBHoUjmQZxaUEzkdKbGGaJRoibWdGyxDBoBBb4_zZj1qr9wdVgDlh:1utMDr:1agBqhNgSDbAdfIZDFqix3X32rPCbb9hnVoU6knUmks	2025-09-16 08:18:35.246576+00
r4sdc4cjhpxluj3nfilabtftcm9mvu5s	.eJxVi80KAiEQgN_Fc4h_k9Yx2OeQGUdR2jZIPUXvXsEe6vr9PEXEOWqcPT9iY3EWWoM4_FLCdM3bV2FK97mNLudoaxstd7nLLpcbtvWyp39_xV4_syLAZGxCqwJQtgZM0USGXD4FjRgI2DOyYnVUVDJ4T6Ykh1qFAuzE6w0pFDjw:1uuStF:c87hAVgTYAV2BSWPSblxONGmpzBzIY0afF2aLYxJXjo	2025-09-19 09:37:53.798276+00
yuejg1n207j7xshulmzbzwo2rvafxvjm	.eJxVi80KAiEQgN_Fc4h_k9Yx2OeQGUdR2jZIPUXvXsEe6vr9PEXEOWqcPT9iY3EWWoM4_FLCdM3bV2FK97mNLudoaxstd7nLLpcbtvWyp39_xV4_syLAZGxCqwJQtgZM0USGXD4FjRgI2DOyYnVUVDJ4T6Ykh1qFAuzE6w0pFDjw:1uuTWv:Fx2nYPtjynfe3NU3mRZ3z4q8Y44Gaf7--7xuPgOzc9o	2025-09-19 10:18:53.438671+00
1fe48k29c78zdcrfdfrv5bs9632ovs4b	.eJxVi0sOAiEQBe_C2kz4NR-XJp6DNA0E4jgmAivj3XWSWejyvap6sYBz1DB7foaW2JkJdvr9ItItbztAosfcRl_maGsbLfflgH253rGtl0P96yv2-o0N2WQdN9yj45GS1N4VpSDaKMAnITly8BqVBq8olaStlQVM3Ad5YO8PrpA3bg:1uuYZ3:p3DjDRmS1thoeX3XIKbX5LVBiacuGsiys8tP2XDsaYI	2025-09-19 15:41:25.71988+00
0k8jsyz49k88a8oodctamdepsqms682l	.eJxVi80KAiEQgN_Fc4iO-dcx6DlkRmdR2jZIPUXvXsEe6vr9PEXCOWqanR-pFXESAOLwCwnzlbevwZzvcxtdztHWNhp3ucsuLzds63lP__6KvX5mF21mVWzxmoojBM0xMirlFyiKrFqOBNFZsCYEBcazcT6zicFpDUTi9QbpvTdg:1uudXw:WcpsGmLTh_VDnglOY2lPI1vTLtk7R3fnH8W2KJ7NVCQ	2025-09-19 21:00:36.431328+00
es9u9nuufo21rc71q82riktrtyj4eq4e	.eJxVi80KAiEQgN_Fc4iO-dcx6DlkRmdR2jZIPUXvXsEe6vr9PEXCOWqanR-pFXESAOLwCwnzlbevwZzvcxtdztHWNhp3ucsuLzds63lP__6KvX5mF21mVWzxmoojBM0xMirlFyiKrFqOBNFZsCYEBcazcT6zicFpDUTi9QbpvTdg:1uudXy:gCEdULPLLCA088DNNg4j4sEO9hmDE2v0J9aPPXs9A3w	2025-09-19 21:00:38.510198+00
w7oo1sm1reyrgx8vd5mdlgq6aifzzc0y	.eJxVi80KAiEQgN_Fc4h_O6Mdg55DZtRQ2jZIPUXvHgt7qOv38xaR5qhx9vKKLYuzME6cfiFTupdtN5TSc26jyzna2kYrXR6yy-uD2no50r-_Uq_7fPPgKAOFzEzZGa1M9oktBAKkoAPYBQ0De2BErXLQ2gA6ZS2GBcXnC_Z0Nw4:1uvkHG:gdG4IcG5y6JxjbtgfagyeGhEswQNAkUC_XPQdUagRVc	2025-09-22 22:23:58.689621+00
n1v2pa8ugxj5e53cc7mxt0ubztj3egrn	.eJxVi80KAiEQgN_Fc4g7jjF2DHoOmR0nlLYNUk9L717BHur6_Wwm8egljabPVLM5GTCHXzaz3HT9ChZ5jLU3O3pdaq_a7C6bvdy5Luc9_fsLt_KZ0TMIeszeA7LydCWgYyRUiBkyQ-BAoAQzRccYBMQ5pzipBA_A5vUGrw03FQ:1uw0aB:fPT1tWDHeGz3LVO23R0PF0rgyDMtOt15GESjgce-ar4	2025-09-23 15:48:35.402035+00
dd7m56n2eskl9aly44paakom2jvd3y0b	.eJxVi0EOwiAQRe_C2pCCDAWXJp6DDAMTiLUmAivj3W2TLnT38997bxFw9BJGy69Qk7gIpaw4_b4R6Z7XHSHRc6y9ydHrUnvNTR6wydsD63I91L--YCtbTD7NYMGcKUOMzuSYnE6opomYIZF3FiHTxqKzzM6TB632xUbPhsXnCzogOTo:1uyY6a:EQxlfIu1pd80tuYvpX736Ow8iBfmo3YCWjmJw72pE0c	2025-09-30 16:00:32.192787+00
p637husvmoz87rzteru2aafhlkd0gl29	.eJxVi0EOwiAQRe_C2pCCDAWXJp6DDAMTiLUmAivj3W2TLnT38997bxFw9BJGy69Qk7gIpaw4_b4R6Z7XHSHRc6y9ydHrUnvNTR6wydsD63I91L--YCtbTD7NYMGcKUOMzuSYnE6opomYIZF3FiHTxqKzzM6TB632xUbPhsXnCzogOTo:1uyY7V:uqUZeIJ_91HHBWZHMW9EhMr00uyVMboaj7KGn8gJtXo	2025-09-30 16:01:29.513668+00
zzwx2sa39ziiarkbo3cmoxvo56plk3ru	.eJxVi0EOwiAQRe_C2pCCDAWXJp6DDAMTiLUmAivj3W2TLnT38997bxFw9BJGy69Qk7gIpaw4_b4R6Z7XHSHRc6y9ydHrUnvNTR6wydsD63I91L--YCtbTD7NYMGcKUOMzuSYnE6opomYIZF3FiHTxqKzzM6TB632xUbPhsXnCzogOTo:1uyY9a:m3JPpQRbvGGdcUF4hvFMzXv0NFLF0qz26r9kOc4KLKc	2025-09-30 16:03:38.738071+00
7oz1xns4v8o1ub3srdoz357rm36fl8vi	.eJxVi0sOwiAQQO_C2jRAGYa6NOk5yDBAINaaCKyMd1eTLnT7Pk_hafTiR0sPX6M4C6VQnH5pIL6m_auI-T723qbR61Z7TW06ZJvWG9XtcqR_f6FWPjOjlGYhti4oTS4YQIkS4gyzNQ5D1AakQ5lnCy4T5GzDkpRGyBzZoni9Aem1N3c:1uzYDp:aj7WpnrxxlGm0N7MwH_lw8FiZTjc3-eykH1IjNNbs_o	2025-10-03 10:20:09.427681+00
8zys4t1t4z95cl7njxa44lufvu8b4xc6	.eJxVi0sOwiAQQO_C2jQwpXxcmvQcZAaGQKw1EVgZ764mXej2fZ4i4OgljMaPUJM4C6WcOP1Swnjl_aswxvvYe5tGr1vtldt0yDatN6zb5Uj__oKtfGafk7WWQEp0bBBkih4MaSCyNLNc7GJ0Iq0d5aQ4Sec86yy9ImCYlXi9ARdgOCU:1v2c38:Kzn1MGSBDGU58-BRmCsNuS0WUT3fIWXxxZjCq2NmOAs	2025-10-11 21:01:46.715949+00
de8qy4rxf0uotuggmamt9ylddjt87n78	.eJxVi0sOwiAQQO_C2jQwpXxcmvQcZAaGQKw1EVgZ764mXej2fZ4i4OgljMaPUJM4C6WcOP1Swnjl_aswxvvYe5tGr1vtldt0yDatN6zb5Uj__oKtfGafk7WWQEp0bBBkih4MaSCyNLNc7GJ0Iq0d5aQ4Sec86yy9ImCYlXi9ARdgOCU:1v2c4u:u15J_ytFjsbHKaF4NxahXUG_uPCBRsuj_gTVtuSyUDI	2025-10-11 21:03:36.871498+00
r3j7pb11vv6sbtexfqqt62j839bmr49u	.eJxVi0sOAiEQBe_C2kz4NR-XJp6DNA0E4jgmAivj3XWSWejyvap6sYBz1DB7foaW2JkJdvr9ItItbztAosfcRl_maGsbLfflgH253rGtl0P96yv2-o0N2WQdN9yj45GS1N4VpSDaKMAnITly8BqVBq8olaStlQVM3Ad5YO8PrpA3bg:1v30Hl:JbUWbHa68SsTbSWCUjoR8C9qllqNRKaW8NasG7h9y6k	2025-10-12 22:54:29.516438+00
z5f5pqzm1qhh7qeh1sjp5yitnn9zhrii	.eJxVi80KAiEQgN_Fc4g7jjF2DHoOmR0nlLYNUk9L717BHur6_Wwm8egljabPVLM5GTCHXzaz3HT9ChZ5jLU3O3pdaq_a7C6bvdy5Luc9_fsLt_KZ0TMIeszeA7LydCWgYyRUiBkyQ-BAoAQzRccYBMQ5pzipBA_A5vUGrw03FQ:1v3A5i:mx1oqWRTcL5RZQd5sfNxBX_Q3ieU_wMhBwMoudBm-0I	2025-10-13 09:22:42.995537+00
d3hclf42uymmoro4d6ny4pmbr92qnm87	.eJxVi0sOAiEQBe_C2kz4NR-XJp6DNA0E4jgmAivj3XWSWejyvap6sYBz1DB7foaW2JkJdvr9ItItbztAosfcRl_maGsbLfflgH253rGtl0P96yv2-o0N2WQdN9yj45GS1N4VpSDaKMAnITly8BqVBq8olaStlQVM3Ad5YO8PrpA3bg:1v5VGO:OsNaTkzAIeiwLcBSdbRLArK_bZQR5HbWAOogJa5j6RQ	2025-10-19 20:23:24.761497+00
eiollovob022fev2yuxbl9an843yz3bf	.eJxVi80KAiEQgN_Fc4ijtjt2DHoOmXFHlLYNUk_Ru1ewh7p-P08VafQSR5NHrIs6KQBUh1_KlK6yfRWldB9bb3r0utZepeldNn25UV3Pe_r3F2rlMzNMYckG2BDagMDgSbwD8smxY5oTgPFo2PnMHqY8Y0iCFp1YkCOr1xsIJzfc:1v7Axc:QAzsIOmsn2Rjo22x4JRLk0TFPLvNil3zyJ0-2pdWuSY	2025-10-24 11:06:56.754026+00
1q7as1ovammvl4ce7bpi4onhgaage3yz	.eJxVi0sOAiEQBe_C2kz4NR-XJp6DNA0E4jgmAivj3XWSWejyvap6sYBz1DB7foaW2JkJdvr9ItItbztAosfcRl_maGsbLfflgH253rGtl0P96yv2-o0N2WQdN9yj45GS1N4VpSDaKMAnITly8BqVBq8olaStlQVM3Ad5YO8PrpA3bg:1v7EFk:A6BPobp-tq3shv_uq4VC7_ZzH6c9XO_cOujQSlY7LWY	2025-10-24 14:37:52.196551+00
wkklfg3wn0erj73cxjyp18a1mwxhpv90	.eJxVi0sOAiEQBe_C2kz4NR-XJp6DNA0E4jgmAivj3XWSWejyvap6sYBz1DB7foaW2JkJdvr9ItItbztAosfcRl_maGsbLfflgH253rGtl0P96yv2-o0N2WQdN9yj45GS1N4VpSDaKMAnITly8BqVBq8olaStlQVM3Ad5YO8PrpA3bg:1v8zWi:1gIrF3nUcAD_qlzrNbvQbS6qiBJJcU0nyA4hql8Ir7Y	2025-10-29 11:18:40.149709+00
khkk2rlcqa3d4fzyezek7r9eujttvl3r	.eJxVi0sOwiAQQO_C2jSUTwGXJj0HGZiZQKw1EVgZ764mXej2fZ4iwugljkaPWFGcxaykOP3SBPlK-1dBzvex9zaNXrfaK7XpkG1ab1C3y5H-_QVa-czWZjYBQXuk7BUErViDWZgsYnDg50RMmkAblJisc7xw1sEqdslKEK83O0s5VQ:1vBfjz:oq23mIXKvMLajY5ONINt8pyO2U0LFoJR485ESdkP-Yg	2025-11-05 20:47:27.644097+00
7yt70f207u0o0371ocwm95fyuj1gcin5	.eJxVi0sOwiAQQO_C2jSUTwGXJj0HGZiZQKw1EVgZ764mXej2fZ4iwugljkaPWFGcxaykOP3SBPlK-1dBzvex9zaNXrfaK7XpkG1ab1C3y5H-_QVa-czWZjYBQXuk7BUErViDWZgsYnDg50RMmkAblJisc7xw1sEqdslKEK83O0s5VQ:1vBfkl:0owM8T-ieYgVkzKinTOld0PvQpJ5AzMbZidqaVGjYnk	2025-11-05 20:48:15.245819+00
y1unfwjiva8q306ga3pcwtzcopwr6kom	.eJxVi80KAiEQgN_Fc4g7jjF2DHoOmR0nlLYNUk9L717BHur6_Wwm8egljabPVLM5GTCHXzaz3HT9ChZ5jLU3O3pdaq_a7C6bvdy5Luc9_fsLt_KZ0TMIeszeA7LydCWgYyRUiBkyQ-BAoAQzRccYBMQ5pzipBA_A5vUGrw03FQ:1vCLLx:X6iWZnzANw-8elqhSeydeZQ6JRlZ_7v_H9rJmjcHncM	2025-11-07 17:13:25.765127+00
sbgb7re6dtv21o5ec2ha2k35xbp6e1ld	.eJxVjEEOwiAQRe_C2hAGOoguTXoOMp2BQKw1EVgZ726adKHb997_bxVp9BJHS69YRV0VWFCnX7oQ39O2K2J-jq03PXpda6-p6UM2PT-orrcj_dsXamX_NZMjRxnBIzrBJQsZCIGNoIWLT0zE5BnQ-ix2QsvJe8twDoyQRH2-CRM4Nw:1vDFzH:22dgRttPK3VbrNMQgz8cwA7jjXeafuoIT9SG5L4NmhA	2025-11-10 05:41:47.979385+00
8wwnrkfkbenp8vd5kbhal1u3az3o4quk	.eJxVi80KAiEQgN_Fc4g7jjF2DHoOmR0nlLYNUk9L717BHur6_Wwm8egljabPVLM5GTCHXzaz3HT9ChZ5jLU3O3pdaq_a7C6bvdy5Luc9_fsLt_KZ0TMIeszeA7LydCWgYyRUiBkyQ-BAoAQzRccYBMQ5pzipBA_A5vUGrw03FQ:1vDyoh:_ud6stMPt8eCjQzCmd82dpqVIAVpDWHb3HwdVlGCcd4	2025-11-12 05:33:51.233976+00
ngz0ybwpeceyw1lc6d593vdtzmntb1ne	.eJxVi0sOAiEQBe_C2kz4NR-XJp6DNA0E4jgmAivj3XWSWejyvap6sYBz1DB7foaW2JkJdvr9ItItbztAosfcRl_maGsbLfflgH253rGtl0P96yv2-o0N2WQdN9yj45GS1N4VpSDaKMAnITly8BqVBq8olaStlQVM3Ad5YO8PrpA3bg:1vFJNc:vVe5Vk9RSLgjxQ9zl5F_5THMW3RxJ4axDmMFX9H-Kng	2025-11-15 21:43:24.061615+00
pcizxfc8as50yco839y71awaicvqma9m	.eJxVi0sOAiEQBe_C2kz4NR-XJp6DNA0E4jgmAivj3XWSWejyvap6sYBz1DB7foaW2JkJdvr9ItItbztAosfcRl_maGsbLfflgH253rGtl0P96yv2-o0N2WQdN9yj45GS1N4VpSDaKMAnITly8BqVBq8olaStlQVM3Ad5YO8PrpA3bg:1vFKZL:DboDXUz4u6b99y9Bm4RvxZMhdYL7u9N2R0uHYnLl3-Y	2025-11-15 22:59:35.184822+00
5pn0ftfcej7cnrlxx1c6g02fyek2zlsr	.eJxVi80KAiEQgN_Fc4jjX9ox6DlkVmdQ2jZIPUXvXsEe6vr9PEXCOWqanR6pFXESVonDL1wwX2n7Gsz5PrfR5RxtbaNRl7vs8nLDtp739O-v2OtnZsICoWjCqOyRDEMsxeWgPWsbEZy3IcQC3pFlioaXoExkB9mz16DF6w3-Rzfh:1vFZ6I:L_hmzyleDlk8t_TGGF3N-9LdnI8yqD9tTqDofNJeUiQ	2025-11-16 14:30:34.344667+00
5wakojslswc44lbnetpw35u0gflgfiez	.eJxVi0sOAiEQBe_C2kz4NR-XJp6DNA0E4jgmAivj3XWSWejyvap6sYBz1DB7foaW2JkJdvr9ItItbztAosfcRl_maGsbLfflgH253rGtl0P96yv2-o0N2WQdN9yj45GS1N4VpSDaKMAnITly8BqVBq8olaStlQVM3Ad5YO8PrpA3bg:1vG40a:IIvWWVDW4bVt7MaQZvS-70a1o5LZY14g1p01P6UTwWw	2025-11-17 23:30:44.927685+00
56va523en3vn7k7s9lkot3kh9k222oed	.eJxVjMsOwiAQRf-FtSHCDHRwaeJ3kOHRQKw1EVgZ_9026UK359xz38Lz6MWPll--JnERSmtx-qWB4z2vu-IYn2PtTY5el9prbvKQTd4eXJfrMf3rC7eyx9txgIlgxsCMChOb2RA4QI3WIShL7IiRs4aoaIN8djYkNDTlqMXnC-6QNzE:1vNf8N:tQTE_C37L1aarqOImKxBO5VUm9xHyj5fbzCHU72sIEk	2025-12-08 22:34:11.582177+00
wr3w7bvyw4ujr28sqnnbjcmlku2wqjrs	.eJxVjMsOwiAQRf-FtSHCDHRwaeJ3kOHRQKw1EVgZ_9026UK359xz38Lz6MWPll--JnERSmtx-qWB4z2vu-IYn2PtTY5el9prbvKQTd4eXJfrMf3rC7eyx9txgIlgxsCMChOb2RA4QI3WIShL7IiRs4aoaIN8djYkNDTlqMXnC-6QNzE:1vNf8w:Bf2ZQ8_-0KX-XaMxHwwrWAt8ZS_u_4R2x3dWInoKqvo	2025-12-08 22:34:46.625016+00
oywv6ntoxf2toiwz2nfrq51p18lfw9vo	.eJxVi0sOAiEQBe_C2kz4NR-XJp6DNA0E4jgmAivj3XWSWejyvap6sYBz1DB7foaW2JkJdvr9ItItbztAosfcRl_maGsbLfflgH253rGtl0P96yv2-o0N2WQdN9yj45GS1N4VpSDaKMAnITly8BqVBq8olaStlQVM3Ad5YO8PrpA3bg:1vPraC:7MGT7UCCDpn9ZDERvIiEqUt8mEylmfOYG-984LuCjBE	2025-12-15 00:16:00.761727+00
sjdvebjnrgfs9izn7hdzj0ldh79tj7hi	.eJxVi0sOAiEQBe_C2kz4NR-XJp6DNA0E4jgmAivj3XWSWejyvap6sYBz1DB7foaW2JkJdvr9ItItbztAosfcRl_maGsbLfflgH253rGtl0P96yv2-o0N2WQdN9yj45GS1N4VpSDaKMAnITly8BqVBq8olaStlQVM3Ad5YO8PrpA3bg:1vPwgq:0PHLsQqJbTFR2UkSc-HSGe2kEgxVbxApfTsyLVxwpBE	2025-12-15 05:43:12.268185+00
75p7mhhse9llqsl6tomg8b740i6qwar8	.eJxVi80OwiAMgN-Fs1kKReg8muw5SKldRpwzETgZ311NdtDr9_M0iXtbUq_6SOViTsY6NIdfmlmuun0Vi9z71urQW1lLK1qHXdZhunFZz3v69y9cl88MQDkcMWfrSCTa4MZA6NlDxNHFSIiK6CGgZNDZEiHprDPLiDaCmtcb1iQ3CQ:1vUmKG:Cwm1AKTyDFlYT7_Nae_nqPxLozZfbltptyinwmfrT5g	2025-12-28 13:39:52.33026+00
ekd5elsqt84ucjw8unfba7wyjz9e82cl	.eJxVi0sOAiEQBe_C2kz4NR-XJp6DNA0E4jgmAivj3XWSWejyvap6sYBz1DB7foaW2JkJdvr9ItItbztAosfcRl_maGsbLfflgH253rGtl0P96yv2-o0N2WQdN9yj45GS1N4VpSDaKMAnITly8BqVBq8olaStlQVM3Ad5YO8PrpA3bg:1vauPr:9GrRP9VZ3NHTuLzW2Zyg4Yb7DsPX9sEtybiWExrHSF0	2026-01-14 11:30:59.638539+00
ax4gkyyemuybiuwovp5a9b1gpifep5hu	.eJxVi0sKwjAURfeSsZT8mzoUuo5yX_NCgrWCSUbi3lXoQKfn8xQLestLr_xYShRnobQVp19KWK-8fxXW9d73VofeylZa4Tocsg7zDWW7HOnfn1HzZ_bsHeAQpaYxkksUdOTJGZLRjmwUAzJZeKNgrEOwYUxRUZrIkpZevN4zbDjR:1vc2ZP:Y4JBXiPkZ7d5g3UjT475yKNgR3GQcW4f2uIGuE5EErk	2026-01-17 14:25:31.57651+00
x2fk76wxjdsrco8my2mgmp3cqs66vdvy	.eJxVi0sKwjAURfeSsZT8mzoUuo5yX_NCgrWCSUbi3lXoQKfn8xQLestLr_xYShRnobQVp19KWK-8fxXW9d73VofeylZa4Tocsg7zDWW7HOnfn1HzZ_bsHeAQpaYxkksUdOTJGZLRjmwUAzJZeKNgrEOwYUxRUZrIkpZevN4zbDjR:1vc2ZQ:9iZCN0jCmWyWCYkA4--Tg_U187oSPljqHnFF8PMjk4M	2026-01-17 14:25:32.938704+00
z33x2b143pz8iakpr2t65pq5pwvlvgck	.eJxVi0sKwjAURfeSsZT8mzoUuo5yX_NCgrWCSUbi3lXoQKfn8xQLestLr_xYShRnobQVp19KWK-8fxXW9d73VofeylZa4Tocsg7zDWW7HOnfn1HzZ_bsHeAQpaYxkksUdOTJGZLRjmwUAzJZeKNgrEOwYUxRUZrIkpZevN4zbDjR:1vc2ZS:nN6UVGrW6Ci9WQXTv2ZtSkfKnXnUmm5fsFaIK7pCPJ4	2026-01-17 14:25:34.362712+00
cloooy4mhn8lockckoceoy4sgrhczv06	.eJxVi0sKwjAURfeSsZT8mzoUuo5yX_NCgrWCSUbi3lXoQKfn8xQLestLr_xYShRnobQVp19KWK-8fxXW9d73VofeylZa4Tocsg7zDWW7HOnfn1HzZ_bsHeAQpaYxkksUdOTJGZLRjmwUAzJZeKNgrEOwYUxRUZrIkpZevN4zbDjR:1vc2ZT:48Rr-5RT7KH44vc5esx_Rz2T_p3Gzb32dmIe6CM8JHc	2026-01-17 14:25:35.777115+00
c0lhuzipb458e89qkai16gy4lgngf897	.eJxVi0sOAiEQBe_C2kz4NR-XJp6DNA0E4jgmAivj3XWSWejyvap6sYBz1DB7foaW2JkJdvr9ItItbztAosfcRl_maGsbLfflgH253rGtl0P96yv2-o0N2WQdN9yj45GS1N4VpSDaKMAnITly8BqVBq8olaStlQVM3Ad5YO8PrpA3bg:1vc6Sl:uidw9p_d3fGh7_Cwt7xzbRgy42IL_6EhTxPJyKONJzQ	2026-01-17 18:34:55.600367+00
uvm9l27v1auca258xav43ggvvjcd1ibx	.eJxVi0sKwjAQQO-StYTmM_m4FDxHmUwnJFgrmGQl3t0KXej2fV5ixtHLPBo_57qIs1AaxOmXJqQbb1-FRI-x9SZHr2vtlZs8ZJPXO9b1cqR_f8FW9jlyStlx0B6swkQUyewMcnATLD6zoQVsjAjOGgPeoQqGaZqCBvIZxfsDLL84bw:1vkLiD:BQ8gicdqaGDlnG7QQkoFMjaujoA0YNAdAW_jP92SgyU	2026-02-09 12:28:57.810156+00
w654weh9ouraqozut5hii5hq1oecrjfu	.eJxVi0sKwjAQQO-StYTmM_m4FDxHmUwnJFgrmGQl3t0KXej2fV5ixtHLPBo_57qIs1AaxOmXJqQbb1-FRI-x9SZHr2vtlZs8ZJPXO9b1cqR_f8FW9jlyStlx0B6swkQUyewMcnATLD6zoQVsjAjOGgPeoQqGaZqCBvIZxfsDLL84bw:1vkLiF:bK10QuvFnGy8lM-UMHP-hFqeQMw9XWH-z6cQ_zGowFU	2026-02-09 12:28:59.531971+00
1tln4i0nuom3slxnja3p16xddcq5pkfi	.eJxVi80KAiEQgN_Fc4g7jjF2DHoOmR0nlLYNUk9L717BHur6_Wwm8egljabPVLM5GTCHXzaz3HT9ChZ5jLU3O3pdaq_a7C6bvdy5Luc9_fsLt_KZ0TMIeszeA7LydCWgYyRUiBkyQ-BAoAQzRccYBMQ5pzipBA_A5vUGrw03FQ:1vklmR:XEM_bmaTF4AJJyZy3IlS9zdEVynY1qajEgamZxoHztc	2026-02-10 16:19:03.27402+00
u8c8jopgwqy338zlq6nyku92vj96aztw	.eJxVi0sOwiAQQO_C2jSAQBmXJj0HmRkgEGtNBFbGu2uTLnT7Pi8RcPQSRkvPUKO4CA3i9AsJ-Za23SDzY2y9TaPXtfaa2nTINi13rOv1SP_-gq3sswavIhmdE5BEAOelMg4UIXjpaU6zjcjfiOAcDRvI2YO04DhbBhLvD-dCN_Y:1vnr83:pQqeUSJgJ9ywmQdUrbwTu1HRWoN7cbmN5hZAFLneQ2U	2026-02-19 04:38:07.404388+00
ue9cxb8908oi0bl1xeql25d55hyspiqx	.eJxVi0sOwiAQQO_C2jSAQBmXJj0HmRkgEGtNBFbGu2uTLnT7Pi8RcPQSRkvPUKO4CA3i9AsJ-Za23SDzY2y9TaPXtfaa2nTINi13rOv1SP_-gq3sswavIhmdE5BEAOelMg4UIXjpaU6zjcjfiOAcDRvI2YO04DhbBhLvD-dCN_Y:1vnuzb:_5NlrJsd6Hifpl4eHW92Dvb8dvdHc1M6IrpELHo5QdY	2026-02-19 08:45:39.376097+00
eavbdbinnbkvp50l692wsel7xy7blrx0	.eJxVi80KAiEQgN_Fc4g7jjF2DHoOmR0nlLYNUk9L717BHur6_Wwm8egljabPVLM5GTCHXzaz3HT9ChZ5jLU3O3pdaq_a7C6bvdy5Luc9_fsLt_KZ0TMIeszeA7LydCWgYyRUiBkyQ-BAoAQzRccYBMQ5pzipBA_A5vUGrw03FQ:1voHJV:JmEYx6P7MUjLrvOYhqLaUOCxRkysrR4krkBeW4AQxvE	2026-02-20 08:35:41.040959+00
eqho98gfm6y4tei5n5p4cm4jk41dfzyn	.eJxVi80KAiEQgN_Fcyw666p1DHoOGccZlLYNUk_Ru1ewh7p-P08VcfQSR-NHrFmdlAGnDr80IV15-yokuo-tt2n0utZeuU27bNPlhnU97-nfX7CVz5wtoCNJAvMsQZJjD7wYpz2xuKxxMRaPIORZQg5IFrRmZ4zPpEEb9XoDNkU4pg:1voK7Z:ajuGOkTiYlfxwIa7XW3va4wKnwVJdG77Y9Jpq2aieeI	2026-02-20 11:35:33.296846+00
tou5g9k1etjemwl2i0bd2jve8m838ofp	.eJxVi80KAiEQgN_Fc4g7jjF2DHoOmR0nlLYNUk9L717BHur6_Wwm8egljabPVLM5GTCHXzaz3HT9ChZ5jLU3O3pdaq_a7C6bvdy5Luc9_fsLt_KZ0TMIeszeA7LydCWgYyRUiBkyQ-BAoAQzRccYBMQ5pzipBA_A5vUGrw03FQ:1vocxv:fWFfnrfhQrpNpM2gHtnDOXDABu2c14GNIN_8yWWDAM0	2026-02-21 07:42:51.709519+00
lictj1otnxtswou1ogd4padnavi88r8v	.eJxVi0sOAiEQBe_C2kz4NR-XJp6DNA0E4jgmAivj3XWSWejyvap6sYBz1DB7foaW2JkJdvr9ItItbztAosfcRl_maGsbLfflgH253rGtl0P96yv2-o0N2WQdN9yj45GS1N4VpSDaKMAnITly8BqVBq8olaStlQVM3Ad5YO8PrpA3bg:1vve7V:sGYqJIRVlvB1WHf2B6JD7RZkWsUzrkr8odfCopReYMM	2026-03-12 16:21:45.532867+00
qfqlsxcaotl9ndwh9ptu3vo0j6ub21rc	.eJxVi0sKwjAQQO-StZQmzdel0HOEyUyGBGsFk6zEu6vQhW7f5ykijF7iaPkRK4mzcFacfmECvOb9awDxPvbeptHrVnvNbTpkm9Yb1O1ypH9_gVY-c_DolddSZUeWgve42KACGwhzYmXUop1MMxsy7KT0OmNwxJyQDGAi8XoD1_c4Tg:1vofJ3:Oqzm1aJ1cxwLvn_gpDWyDc5oBg1rugEAqvRUOJZcPeg	2026-02-21 10:12:49.774914+00
7v9q7p0acxujwcgv7z04d0whzee0la5c	.eJxVjEsOAiEQBe_Sa0P4tYhLkzkHaaAJxHFMBFbGuxvNLHRbVe89IdAcNczOj9AynEEhwuGXRkpX3j6KUrrPbXQxR1vbaNzFLrtYbtTWy57-7Sv1-v2NtkTJGBmL8-y0QWORuKAk69EUOhVFPmmTMfqclDlK652lrFx2Gl5vHZQ4Lg:1vveAA:opXaRO_GhZOV2r--5exeT83dhUmnY-NwxUKK78mWJuw	2026-03-12 16:24:30.258894+00
9f6kl4rr99dtfacxhh5wv4oehvipdkgy	.eJxVi80KAiEQgN_Fc4g7jjF2DHoOmR0nlLYNUk9L717BHur6_Wwm8egljabPVLM5GTCHXzaz3HT9ChZ5jLU3O3pdaq_a7C6bvdy5Luc9_fsLt_KZ0TMIeszeA7LydCWgYyRUiBkyQ-BAoAQzRccYBMQ5pzipBA_A5vUGrw03FQ:1vpSMk:OcUZ8Nx7pQc8NwlLLgonZoz3otwpvxC0sqwn9lrrHLU	2026-02-23 14:35:54.135496+00
97wtqaaoso4hcs3f2jq9e06qufi1ktm5	.eJxVi0sKwjAQQO-StZT807oUeo4wk5mQYK1gkpV4dxW60O37PEWE0UscjR-xkjgL5bw4_VKEdOX9qyCl-9h7m0avW-2V23TINq03qNvlSP_-Aq18ZhPASDlbOWvGhEaqmbR1pEJy2aFaCBefLRvCDMzkSWq2RIBGy4BZvN4SCjkD:1vvfVj:RQD9HpCliKv6Yicej6dWu9FxHFshNc4I8Ah_JS7nXtw	2026-03-12 17:50:51.534218+00
lxkp7c1hsq7dmyq87dpdu2c3ye3umth4	.eJxVi80KAiEQgN_Fcyw6_ox2DHoOGUdDadsg9RS9ewV7qOv38xSR5qhx9vKILYujUBbF4Zcm4mvZvoqY73MbfZmjrW200pdd9uV8o7ae9vTvr9TrZ7aASQflEI1jmyUmAJNtoeQtSK0xAJK_FDTADMFLTyoYo1XmnBxK8XoD5L03Eg:1vw3k7:8V06wwvrx2Drrmz8H7xvzgTxhmj73VIyf69tMbIJFN0	2026-03-13 19:43:19.468989+00
23ez5gnl1hrvkdbv511ziw2vdgz3xqk7	.eJxVi80KAiEQgN_Fcyw6_ox2DHoOGUdDadsg9RS9ewV7qOv38xSR5qhx9vKILYujUBbF4Zcm4mvZvoqY73MbfZmjrW200pdd9uV8o7ae9vTvr9TrZ7aASQflEI1jmyUmAJNtoeQtSK0xAJK_FDTADMFLTyoYo1XmnBxK8XoD5L03Eg:1vw3oM:XoPtI5j6Vtpy9kHoOiygWsEa-osarsDkx7KW3gQhYxw	2026-03-13 19:47:42.795024+00
762nl4phmepxscukxc031o5amugpowos	.eJxVi80KAiEQgN_Fc4g_mdox2OeQmXFEadsg9RS9ewV7qOv38xQJ5qhpdn6klsVZxKM4_EIEuvL2NUB0n9voco62ttG4y112udygrZc9_fsr9PqZGTkwaUO--KI86MgcHTryGIs9WaSiM2QmLhitQVCWggZXVFQGdBCvNzYROXc:1vppGK:MuWuRjyjCyhXOhI4PMwg7XixKCXo4x8cJRQe7qRDGqY	2026-02-24 15:02:48.049492+00
q0s2xgburx6lwf3lfsmyoq5merve02i6	.eJxVi0sKwjAQQO-StYRMPpOpS6HnKJOPJFgrmGQl3t0KXej2fV5i4dHLMlp-LjWJswBH4vRLA8db3r6KY3yMrTc5el1rr7nJQzY537mulyP9-wu3ss8Og0bPnHiyNoBHBUhRAwYkgqi8SkBaO6euZIGmlGGnJjGZKRoE8f4A6bc20Q:1vx3or:OJ_SQSnuIuoVWPjRhG8J_d4d4lhxMjDHQAK5ZoAlNTg	2026-03-16 14:00:21.18534+00
5je3vydxwnk6whfq2cc6kmigctaad78j	.eJxVTksOwiAUvAtrQ_hTXJp4jubxgJSI1AisjHe3NV3ocv7zIjOMvsyjxeecAzkTTk6_nAe8xboLgLiO2hsdPZfcc2z0EBu93iGXy2H9yy_Qli1s0AY7McMcTMxjEMpNSUrtrefaBS4YMO0USKWdxJCCslYkbfwO0OmtdFt_rPV7so5S3h-Pwz2T:1vpsXk:e8uzRU0f692cgUQlqUDs-XCLR1SKW2-X-9ISZFH6E70	2026-02-24 18:33:00.193345+00
xzf57q4eyt6v6dl1e58brqbyb2ndqm0q	.eJxVi80KAiEQgN_Fc4g7jjF2DHoOmR0nlLYNUk9L717BHur6_Wwm8egljabPVLM5GTCHXzaz3HT9ChZ5jLU3O3pdaq_a7C6bvdy5Luc9_fsLt_KZ0TMIeszeA7LydCWgYyRUiBkyQ-BAoAQzRccYBMQ5pzipBA_A5vUGrw03FQ:1vpv34:6-tVaRNm8_dRKGdQ7oTnv6WMQMvKHfEYKoeltvrZKXA	2026-02-24 21:13:30.49547+00
9yqthm0ayab09eee9aw93p92dfx089pw	.eJxVi0kKwyAUQO_iuoj6ndJlIeeQ7_BRmqZQdVV69xLIot2-4c0CzlHD7OUVWmZXJkGwyy-NmO5lPxSm9Jz76HyOtrXRSuen7Hx9YNtuZ_r3V-z1mLVLOcOSpLVmyQgCEoF30lIksEapjFjIqOI0emO8EJ5IRm0JSBlkny8Y6zhY:1vsjAd:h1-ju3DCArdfHhk8AEHLG5HDsbzXfNlbpyaeFFgvrL4	2026-03-04 15:08:55.578699+00
8wnpwoh7rgcsgd6dtn2kd390d9nngwh3	.eJxVi0sOwiAQQO_C2jQMMC24NOk5yDBAINaaCKyMd1eTLnT7Pk_hafTiR0sPX6M4C9AoTr80EF_T_lXEfB97b9Podau9pjYdsk3rjep2OdK_v1Arn9lZiCo7gEiosgWrlYTkNAJZM9slAqogMcQFGROHPLMyThoVdIiZk3i9Ae_ZN_M:1vtezO:94YVzIIBGxjfo5ApAKDWu3U8CXcNyhzsWN13SRVZMWg	2026-03-07 04:53:10.040995+00
vyokbcvzoxqn5r0mcfyuqxcxx0r85mco	.eJxVi80KAiEQgN_Fc4i_Y9Mx6DlkVkeUtg1ST9G7x8Ie6vr9vEWkOWqcnV-xZXER2oI4_dKF0p23XVFKz7mNLudoaxuNuzxkl7cHtfV6pH9_pV73makgBNZgyLArhXQJSWECBmU4Iznw3i7kfWJtMFhW7pw9aQcYkMXnCzJYOGg:1vtl0U:-V4NHla6H76HKavbzLe7G26Dp0cd15afv0-vyZi20po	2026-03-07 11:18:42.14385+00
hw7t0z3uz77fmlykvun4slpfdepx82mz	.eJxVi8sKAiEUQP_FdYivUW_LYL5DrldFaZogdRX9ewWzqO15PFnAOWqYPT9CS-zMpPbs9Esj0jXvX4VE97mPzudoWxstd37Iztcbtu1ypH9_xV4_sweljAOUZEGSisam5IwWBkkSRIECIJOw6F0yCwiyWIpfjCXQuXhkrzf8ejgK:1vtlfM:U46Hzi1yJnuEAtSLmpj9pDPuXHMZCdb4saZSoB6DE58	2026-03-07 12:00:56.818744+00
qd02wudze68fd8lgvh8rwl9epba4owkq	.eJxVi80KAiEQgN_Fc4i_49ox2OeQcRxQ2jZIPUXvXsEe6vr9PEXCOWqanR-pFXEW2ilx-qUZ6cr7VyHRfe6jyzna1kbjLg_Z5XrDtl2O9O-v2OtnDgHI5WAhUwBkxd6SDd5GEwz7aImLXXgxCh1oB6aoHBkKKAbtsRjxegP77Teb:1vtpUH:UVbqR4PX3MDPigou-1PCV4Yo3iMI2fI1Oh5bkenH_P4	2026-03-07 16:05:45.601407+00
d6yyxco8btntmcb97luuhvya8rycmakv	.eJxVi0sOwiAQQO_C2jQw_KYuTXoOMsCQEmtNBFbGu6tJF7p9n6cINPoaRuNHqFmchTJKnH5ppHTl_asopfvYe5tGr1vtldt0yDYtN6rb5Uj__pXa-pl1cdLPjIoQNGSMYBIDO5eIImrt0ToLhWcvmdgUQDsrZyz6rKUBFq83ANQ3fA:1vtquE:i8mpOoHr99hOfflZvl-Bkah0qOn_GTl1PIR9oaGoWmI	2026-03-07 17:36:38.69118+00
1przyu6ow2fi00f24380qgdiw56970h2	.eJxVi0sKwjAQQO-StZTJNF-XQs8RpsmEBGsFk6zEu6vQhW7f5ykCjV7CaPwINYmzkEqL0y9dKV55_yqK8T723qbR61Z75TYdsk3Ljep2OdK_v1ArnxkUGWAEp6VdWQIk7YzNDggjoqWYMxqg2Umvk8_oaZbgvHHZc2aF4vUG7po3aw:1vuApc:NQM7wSSm4rj1GSPPi1RYlgAcZqAU1ybwp0U3H5bUnNU	2026-03-08 14:53:12.845314+00
ddbk5jneo6lg4rs9d92wa8y55jvsoon3	.eJxVi0sOAiEQBe_C2kz4NR-XJp6DNA0E4jgmAivj3XWSWejyvap6sYBz1DB7foaW2JkJdvr9ItItbztAosfcRl_maGsbLfflgH253rGtl0P96yv2-o0N2WQdN9yj45GS1N4VpSDaKMAnITly8BqVBq8olaStlQVM3Ad5YO8PrpA3bg:1vuBem:s-01e_GPaq4w3ieMQJ-DvwlAXw00qUyuVpfnuPVrIw4	2026-03-08 15:46:04.389912+00
d717afbnnd8wu44c8nxohmrhx826bvbf	.eJxVi80KAiEQgN_Fcyyjo6kdg55DRh1R2jZIPUXvXsEe6vr9PEWgOWqYnR-hZXES0oA4_NJI6crbV1FK97mNvszR1jYa92WXfbncqK3nPf37K_X6mVEBuEiSpNbRebTKsSvaQE4oXS6R_dE6pcGjJKvBcJLFoGJFPmLW4vUG62w3XA:1vuRbj:JtKmgl-kK6pt4HAsdpSkIPoHagk6MQWkoMSRSffSX2Y	2026-03-09 08:47:59.945824+00
5jchoq7m7tu4ev84bod5ga1s39zuifvm	.eJxVi0EOwiAQRe_C2hAKFKhLE89BZoYhEGtNBFbGu1uTLnTxN_-99xIRRi9xNH7GmsRZ-CBOvycC3Xj7EiB6jK03OXpda6_c5AGbvN6hrpdD_esLtLLHOGFONFnK-wBZO-XdrIM2zuRsiEArY1VQAGxxsdor4kAwJ4t-oSTeHwpjOKA:1vubxN:DanNuSYNOfM-q5T2RPsRtCfwQMCPQNRYNI09fe7JlA0	2026-03-09 19:51:01.162527+00
mcvfe9dqq2a7wsbpf79np5w4x6e4mbom	.eJxVi8sKAiEUQP_FdYhXx1fLYL5DrldFaZogdRX9ewWzqO15PFnAOWqYPT9CS-zMQEt2-qUR6Zr3r0Ki-9xH53O0rY2WOz9k5-sN23Y50r-_Yq-fOUnQJgEYsNHZjJC8ASSvVbGlkJNZCiGjya6IBUE55TFpsm4RUpso2OsNAoo3kA:1vunJh:HuqCSXiAXHuskVK4_GPn6WatBFWI25Q_14vzLWtelDs	2026-03-10 07:58:49.963353+00
fvmqm6prhkca7ku1v0pnk58cz1v3p6h6	.eJxVi0sOwiAQQO_C2pDymQFcmvQczTCFQKw1EVgZ764mXej2fZ5iodHLMlp6LHUVZ6HAiNMvjcTXtH8VMd_H3pscvW6119TkIZucb1S3y5H-_YVa-cwcgcFPNsfgLQYDEQE1rRY1WxOdymADOOUhoFGIWidy2SRMa85sJ_F6A_MtN4I:1vv9W7:xpMv96wmCV_AK-hyWZNVtSfY_033j-3bf46FfDXdh2s	2026-03-11 07:41:07.263395+00
6ktgl72aojqpzhl7qokw4y6bk7nks5se	.eJxVi80KAiEQgN_FcyyuOep0DHoOGWdclLYNUk_Ru1ewh7p-P08VafQSR8uPWEWd1AxWHX5pIr7m7auI-T623qbR61p7zW3aZZsuN6rreU___kKtfGYkgCNpDGxxMR5C0sYwaEMkGLKI1SkBe3JBg-cA3qFBSQuBk1lEvd4EvTg2:1vvZ6O:dE8riwvKrYHTdiks-2X-xG5nbdFwIJPWCuIY50PVc1A	2026-03-12 11:00:16.014631+00
ephdghp6rl98oywfr8me1md60lbmfsbb	.eJxVi80KAiEQgN_FcyyuOep0DHoOGWdclLYNUk_Ru1ewh7p-P08VafQSR8uPWEWd1AxWHX5pIr7m7auI-T623qbR61p7zW3aZZsuN6rreU___kKtfGYkgCNpDGxxMR5C0sYwaEMkGLKI1SkBe3JBg-cA3qFBSQuBk1lEvd4EvTg2:1vvZ82:BDbc--v-E2iMOPoYX81yUBCI7VQ7Z8xX_eAqyb6Whrg	2026-03-12 11:01:58.680828+00
2qauswqgcdewujvo4ko3rvbdcqfihcyt	.eJxVi80KwjAMgN-lZxlds4TOo-BzlKRLaXFOsO1JfHcn7KDX7-dlAveWQ6_6DGUxZzPibE6_VDjedPsqjvHRt1aH3spaWtE6HLIO1zuX9XKkf3_mmveZJg8AmIRYIznvSRWj4GgR2CYB1QWJwO9scilakJRoZs8qwurM-wMbjjkb:1vxSSo:IVOZORy09_28nN1RrTkhsjWzB3pSvUHA68i_NycWaUE	2026-03-17 16:19:14.026934+00
ogt7gd1orew8g72wvn7qe5bael3h8aou	.eJxVi80KAiEQgN_FcyyONv50DHoOGR1Fadsg9RS9ewV7qOv38xSB5qhh9vwIjcVJgJHi8EsjpWvevopSus9t9GWOtrbRcl922ZfLjdp63tO_v1KvnxkLHqFoKZ3RijzGTBEsAzJDdBLAsQckRWQjamekl5GRFemsLRYlXm_7gTes:1vxUEx:WJRb7t80-2HLOg5dAtkAT-CRnOPThLTXXyFzBT6-LLE	2026-03-17 18:13:03.072965+00
lfavki6fte7u6t06j8jziczb7xnwvz7e	.eJxVi80KAiEQgN_FcyyONv50DHoOGR1Fadsg9RS9ewV7qOv38xSB5qhh9vwIjcVJgJHi8EsjpWvevopSus9t9GWOtrbRcl922ZfLjdp63tO_v1KvnxkLHqFoKZ3RijzGTBEsAzJDdBLAsQckRWQjamekl5GRFemsLRYlXm_7gTes:1vxUGQ:UDSdmb-dI36UJHS55LJk_77JSpjmMjBMsiTbBCtLx3A	2026-03-17 18:14:34.174105+00
k6jdfjl2oxrr7i9ft0aqhmpuv8ajvr91	.eJxVi0EOwiAQRe_C2jRDsVBcmvQcZGZgArHWRGBlvLs16UI3f_Hfey8VsLccek3PUKK6KG21Ov2-hHxL2xch86NvrQ69lbW0kupwwDosdyzr9VD_-ow177EFnaIDR6MRbyUmFDJE4xxnQCBvtGfWDB73OdPELCyTAKAzLiKq9wcwYDlW:1vxpl0:RBnVAxRVwl9UtlK5VRt1AclVhOE3PnSNuwQmKoE-K6o	2026-03-18 17:11:34.294725+00
h100whx3wl6hjojjo3j6xd68vh2rv3d0	.eJxVi80KAiEQgN_Fc4g7jjF2DHoOmR0nlLYNUk9L717BHur6_Wwm8egljabPVLM5GTCHXzaz3HT9ChZ5jLU3O3pdaq_a7C6bvdy5Luc9_fsLt_KZ0TMIeszeA7LydCWgYyRUiBkyQ-BAoAQzRccYBMQ5pzipBA_A5vUGrw03FQ:1vxq5v:mx-Z9FWmRoDyL1reCyUQ3-blREN5Oa0EOfYAmE8jqkc	2026-03-18 17:33:11.180771+00
3gjknmbx2hwxn4u0tuu8nxo0zgsdxids	.eJxVi80KAiEQgN_Fcyzj72jHoOeQcTSUtg1ST9G7V7CHun4_TxFpjhpnL4_YsjgKabQ4_NJEfC3bVxHzfW6jL3O0tY1W-rLLvpxv1NbTnv79lXr9zMDsyINPFoiC85wIvLokLAwZA1pSMqBBZYyUCDaFoAGy05YzKO3F6w0IXDcr:1vy46b:x6hElfWtriMgdSttpB-1RnQK_zouPXOuJgIlxNOEtgA	2026-03-19 08:30:49.79492+00
8iz5rcbo7bmvelmc2faxhqcb8c6y6u7a	.eJxVi80KAiEQgN_Fc4iOrjt1DHqOZZxRlLYNUk_Ru1ewh7p-P0-10OhlGS09lirqpGwAdfilkfiatq8i5vvYetOj17X2mpreZdOXG9X1vKd_f6FWPjPjNB055uzBkkXL4shwBCTjJTsmE0RC4jlacRj8xDMCuAAggj6ier0BK244eg:1vy5jk:Ii3IZSiMddcmIm-p0CLsiso5o9NY7Jc11VYeimgO2IM	2026-03-19 10:15:20.316536+00
wkgigmbhyvx8kp151clm7wu4z7vkiclz	.eJxVi80KAiEQgN_Fc8g6Ov50DHoOGUdDadsg9RS9ewV7qOv38xSR5qhx9vKILYuj0F4cfmEivpbta4j5PrfR5RxtbaOVLnfZ5flGbT3t6d9fqdfPbEvKgHZxKkBIFx88M-bkbXbswSiNzmJBzACgjNEY1KLAamRPCnMRrzfQeDa3:1vy5yI:SNitDW_zRYwZ6unOClONpIelu0XbW2Jt-Pjj2OhE50Y	2026-03-19 10:30:22.519068+00
\.


--
-- Data for Name: events_eventcontent; Type: TABLE DATA; Schema: public; Owner: thomas
--

COPY public.events_eventcontent (id, created, updated, image, some_field, event_id) FROM stdin;
cede96f2-9849-42db-8145-90ab5f50721f	2025-02-05 14:49:52.868285+00	2025-02-05 14:49:52.868306+00	event/449357467baf4b90815c10eb628a36ba.jpg	\N	37eb4c3f-58c3-4845-9d42-8ec91dc7452e
3f4b68d4-36f4-445a-92c4-272054328bd2	2025-02-05 14:50:35.978665+00	2025-02-05 14:50:35.978684+00	event/2989baffcaef4ae099bfb70b645c11bf.jpg	\N	37eb4c3f-58c3-4845-9d42-8ec91dc7452e
d50de403-4c11-4866-b517-18d9829891cb	2025-02-12 15:07:44.30777+00	2025-02-12 15:07:44.307794+00	event/e1a9ca41353e489fa5edeb33bf130ce4.jpg	\N	37eb4c3f-58c3-4845-9d42-8ec91dc7452e
8c9e9d14-bc8a-490f-ade3-3e0dc331ab99	2025-05-13 13:07:55.165626+00	2025-05-13 13:07:55.165646+00	event/7904987d982141cbaa38a348a0914ad4.jpg	\N	daf86b68-62c5-429e-9161-d393a668e917
293007b5-b2e0-4abb-97ca-3846c72d591d	2025-05-14 08:16:49.06097+00	2025-05-14 08:16:49.060991+00	event/47e93991741948d9abb854dd824bdbfd.jpg	\N	daf86b68-62c5-429e-9161-d393a668e917
ef00dcc9-504b-42ea-b2cd-3b4d129ffc20	2025-05-15 12:27:16.351498+00	2025-05-15 12:27:16.351518+00	event/a5e6af1741c04f56a5a917dfa42870cd.mp4	\N	daf86b68-62c5-429e-9161-d393a668e917
04686426-7ff5-4c43-9e08-83d96ea148ff	2025-05-15 12:27:16.413474+00	2025-05-15 12:27:16.413497+00	event/febe63703f0b4cb8922252e46ee160ee.jpg	\N	daf86b68-62c5-429e-9161-d393a668e917
\.


--
-- Data for Name: events_eventmodel; Type: TABLE DATA; Schema: public; Owner: thomas
--

COPY public.events_eventmodel (id, created, updated, image, title, slug, content, venue_name, event_address, map_coordinates, total_seats_sold, event_link, event_startdate, event_enddate, status, category_id, organiser_id, small_description, email, phone) FROM stdin;
717eaa58-7419-4917-9484-b1a96225a062	2024-08-22 20:57:35.610186+00	2024-09-25 08:46:28.247329+00	event/e1f704898d8c4e2eb5ad9005161aa6fe.png	BBGI Family Market Day - October 2024	bbgi-business-market-heritage	<p>In celebration of family and creation of economic legacies, we invite business owners and buyers to come together to create positive memories for families, friends, and community.</p>\r\n<p>&nbsp;</p>\r\n<p>There are 20 business stalls available for businesses in our community.</p>\r\n<p>&nbsp;</p>\r\n<p>Sign your business up for our annual subscription at 50% off for R500. This also secures your stall to showcase your business and sell your products/services.</p>\r\n<p>&nbsp;</p>\r\n<p>Bring your family and buy a R120 ticket. This will give you R100 spending coupons for the market day.</p>\r\n<p>&nbsp;</p>\r\n<p>Join the BBGI community.</p>\r\n<p>Partner with us to transform Africa!</p>	Milnerton High School	Milnerton High School, 48 Pienaar Road, Milnerton, Cape Town, WC	\N	1	\N	2024-10-19 08:00:00+00	2024-10-19 14:00:00+00	Completed	84a0849e-c9da-40af-8098-df713cd527cc	2	Bringing Buyers and sellers together to build strong economic legacies.	0234567890	info@bbgi.co.za
81fbce18-bd33-4984-8dde-d0803b863af4	2024-09-04 03:56:10.657917+00	2024-12-23 00:23:28.294168+00	event/b3c5f494b1da46daae00b30ed843647b.png	Celebrating Black Excellence in our midst	celebrating-black-excellence-in-our-midst	<p>It is time to celebrate black excellence!</p>\r\n<p>&nbsp;</p>\r\n<p>Join us as we celebrate the fruits of a transforming South Africa!</p>\r\n<p>&nbsp;</p>\r\n<p>Help us celebrate those amongst us who are demonstrating excellence through the work they do... in the public sector, private sector, in academia, and in social impact non-profit spaces.</p>\r\n<p>&nbsp;</p>\r\n<p>Join us as we share the good news, enjoy some entertainment, good food, positive vibes, and good company!</p>\r\n<p>&nbsp;</p>\r\n<p>Get your ticket!</p>\r\n<p>&nbsp;</p>\r\n<p>Now!</p>	Milneeton high School Conference Centre	Milnerton High School, 10 Pienaar Road, Milnerron, Cape Town	\N	0	\N	2024-10-30 17:00:00+00	2024-10-30 19:00:00+00	Completed	caee35c6-b0b9-4f1c-a4ed-d103955c72dc	2	Join us as we honour and celebrate our black professionals and business owners who are making impact! In private sector, academia, public sector, and social impact institutions! Join us as we demonstrate the positive, visible, and tangible fruits of a transforming South Africa!	info@bbgi.co.za	0234567890
1d2ee013-c950-418b-8203-372c0dc6d29e	2024-11-06 04:16:34.702818+00	2024-12-23 00:23:57.089812+00	event/6db9a687c87b41138551301db430235b.jpeg	Mental Health and Business	mental-health-and-business	<p>BBGIhosting our year-end- event focused on the vital role of mental health in professional success. Designed for Black entrepreneurs, business leaders, and professionals, this event will explore strategies for maintaining mental wellness while achieving business goals.</p>\r\n<p><strong>Date:</strong> Wednesday, 27 November 2024<br /><strong>Time:</strong> 6PM - 9PM<br /><strong>Location:</strong> Milnerton High School Conference Centre, Cape Town<br /><strong>Ticket:</strong> R210&nbsp;</p>\r\n<p>Gain valuable insights, connect with like-minded individuals, and build resilience for sustainable growth. Secure your seat today!</p>\r\n<p>For more information, contact us at <strong><a rel="noopener">info@bbgi.co.za</a></strong>.</p>	Milnerton High School Conference Centre,	Pienaar Road, Cape Town, WC, 7441, South Africa	-33.8729463,18.497128	32	\N	2024-11-27 16:00:42+00	2024-11-27 19:00:56+00	Completed	cbc243ff-6667-4a37-86ca-6ac0e06ee9e3	29	BBGI hosting our end-of-year event focused on the vital role of mental health in professional success. Designed for Black entrepreneurs, business leaders, and professionals, this event will explore strategies for maintaining mental wellness while achieving business goals.	info@bbgi.co.za	0658622202
37eb4c3f-58c3-4845-9d42-8ec91dc7452e	2025-02-05 14:46:45.437493+00	2025-02-13 05:37:51.906758+00	event/602c0ec988ea4bbda0aa403a8f12b800.jpg	BBGI The Pulse: Connecting Through Love, Business & African Legacy	black-business-growth-initthe-pulse-connecting-through-love-business-african-legacy	<p style="text-align: left;">We are hosting our first event of the year on Wednesday, 26th February 2025, our theme is The Pulse: Connecting Through Love, Business &amp; African Legacy. <br /><br />Love is an action that permeates every aspect of life, influencing not just you personally but also your professional journey and business endeavors. We are dedicating time to explore how love serves as a vital element for growth among Black individuals, their businesses, and their personal development, along with the legacy they create for their families and communities.</p>	Milnerton High School Conference Centre	Pienaar Road, Cape Town, WC, 7441, South Africa	-33.8729463,18.497128	15	\N	2025-02-26 16:30:22+00	2025-02-26 19:00:40+00	Completed	cbc243ff-6667-4a37-86ca-6ac0e06ee9e3	29	We are hosting our first event of the year on Wednesday, 26th February 2025, our theme is The Pulse: Connecting Through Love, Business & African Legacy.	info@bbgi.co.za	+27658622202
94595c09-fcef-49af-ae64-43d0cb29929f	2025-02-26 14:34:02.615986+00	2025-03-01 09:04:07.553448+00	event/ffd875b1353349bf9b9e31567007ddf9.jpg	BBGI March 2025, Our Human Rights Agenda: How to be an Active Agent for Transformation Where You Are	bbgi-march-2025-our-human-rights-agenda-how-to-be-an-active-agent-for-transformation-where-you-are	<p><span style="font-size: 12pt;">Human Rights Month is highlighted, in the South African calendar, by Human Rights Day which takes place on 21 March each year. </span></p>\r\n<p>&nbsp;</p>\r\n<p><span style="font-size: 12pt;">The history of South Africa was reshaped by ordinary people who decided to forego convenience, belonging, love, and even their lives so that black people could get the right to live freely in their home.</span></p>\r\n<p>&nbsp;</p>\r\n<p><span style="font-size: 12pt;">We will come together as this community to remind ourselves of the importance of this memorial and to tighten our grip on the baton that has been handed over to us.&nbsp;</span></p>\r\n<p>&nbsp;</p>\r\n<p><span style="font-size: 12pt;">We have an agenda to continue reshaping (South) Africa so that this freedom may be felt and enjoyed by more and more black people.</span></p>\r\n<p>&nbsp;</p>\r\n<p><strong><span style="font-size: 12pt;">Get involved. </span></strong></p>\r\n<p>&nbsp;</p>\r\n<p><strong><span style="font-size: 12pt;">Join us.</span></strong></p>\r\n<p>&nbsp;</p>	22 on Sloane, Cape Town	39 Somerset Rd, Green Point, Cape Town, 8005	\N	5	\N	2025-03-27 16:30:48+00	2025-03-27 19:00:57+00	Completed	cbc243ff-6667-4a37-86ca-6ac0e06ee9e3	29	Black Business Growth Initiative 2025\r\n\r\nOur Human Rights Agenda: How to be an Active Agent for Transformation Where You Are	info@bbgi.co.za	+27658622202
daf86b68-62c5-429e-9161-d393a668e917	2025-05-13 13:01:54.074059+00	2025-06-02 14:25:50.385138+00	event/e68cfb50934b4da6be625366ec934257.jpg	Working & Thriving in Africa – Exploring Practical Financial Solutions	working-thriving-in-africa-exploring-practical-financial-solutions	<p class="" data-start="112" data-end="279"><strong data-start="115" data-end="158">BBGI 2025: Working &amp; Thriving in Africa- Exploring Practical Solutions&nbsp;</strong><br data-start="158" data-end="161" />Join us for a powerful evening focused on <strong data-start="203" data-end="236">practical financial solutions</strong> for business success across the continent.</p>\r\n<p class="" data-start="281" data-end="363"><strong data-start="285" data-end="300">26June 2025</strong></p>\r\n<p class="" data-start="281" data-end="363">&nbsp;<strong data-start="305" data-end="321">6:30PM &ndash; 9PM</strong><br data-start="321" data-end="324" /><strong data-start="327" data-end="363">Milnerton High School, Cape Town</strong></p>\r\n<p class="" data-start="365" data-end="456">Connect with industry leaders, finance experts, and entrepreneurs driving growth in Africa.</p>\r\n<p class="" data-start="458" data-end="512">📧 <a class="cursor-pointer" rel="noopener" data-start="461" data-end="476">info@bbgi.co.za</a><br data-start="476" data-end="479" />@blackbusinessgrowthinitiative</p>\r\n<p class="" data-start="514" data-end="614">&nbsp;</p>	Milnerton High School Conference Centre,	48 Pienaar Road, Cape Town, WC, 7441, South Africa	-33.8729434,18.4971753	0	\N	2025-06-26 16:30:07+00	2025-06-26 19:00:07+00	Completed	cbc243ff-6667-4a37-86ca-6ac0e06ee9e3	29	BBGI 2025: Working & Thriving in Africa\r\nJoin us for a powerful evening focused on practical financial solutions for business success across the continent.	info@bbgi.co.za	0658622202
880d02d2-b27e-4471-be06-1d0e65c1e6b6	2025-09-16 16:22:24.788593+00	2025-09-16 16:23:19.855343+00	event/13c6f41e8b704c6fa23b9484b0b385ac.png	Alakhe BuildHers - She Builds, She Leads, She Rises.	alakhe-buildhers-she-builds-she-leads-she-rises	<p>&nbsp;</p>\r\n<p>Date: Saturday, 4 October 2025<br data-start="317" data-end="320" />Time: 10:00am &ndash; 13:00pm<br data-start="346" data-end="349" />Venue: Societi Sandton, Paradise City, 38 Wessel Road, Sandown, Sandton, Gauteng, South Africa</p>\r\n<p data-start="280" data-end="523">Tickets: R250 per person</p>\r\n<p data-start="280" data-end="523">&nbsp;</p>\r\n<p data-start="525" data-end="546"><strong data-start="528" data-end="544">How to Book:</strong></p>\r\n<p data-start="525" data-end="546">&nbsp;</p>\r\n<ul data-start="547" data-end="904">\r\n<li data-start="547" data-end="599">\r\n<p data-start="549" data-end="599">Purchase via<strong> </strong>Quicket &rarr; <a href="https://www.quicket.co.za/events/322093-alakhe-buildhers/#/">https://www.quicket.co.za/events/322093-alakhe-buildhers/#/</a></p>\r\n</li>\r\n<li data-start="547" data-end="599">&nbsp;</li>\r\n<li data-start="600" data-end="904">\r\n<p data-start="602" data-end="623">Payment by EFT:</p>\r\n</li>\r\n<li data-start="600" data-end="904">&nbsp;</li>\r\n<li data-start="626" data-end="679">\r\n<p data-start="628" data-end="679">Account Name: Alakhe Group Holdings (Pty) Ltd</p>\r\n</li>\r\n<li data-start="682" data-end="703">\r\n<p data-start="684" data-end="703">Bank: Nedbank</p>\r\n</li>\r\n<li data-start="706" data-end="740">\r\n<p data-start="708" data-end="740">Account Number: 1284724689</p>\r\n</li>\r\n<li data-start="743" data-end="770">\r\n<p data-start="745" data-end="770">Branch Code: 198765</p>\r\n</li>\r\n<li data-start="773" data-end="810">\r\n<p data-start="775" data-end="810">Account Type: Current Account</p>\r\n</li>\r\n<li data-start="813" data-end="846">\r\n<p data-start="815" data-end="846">Reference: Your Full Name</p>\r\n</li>\r\n<li data-start="849" data-end="904">\r\n<p data-start="851" data-end="904">Email Proof of Payment to: <a href="mailto:info@alakhegroup.co.za">info@alakhegroup.co.za</a></p>\r\n</li>\r\n<li data-start="849" data-end="904">&nbsp;</li>\r\n</ul>\r\n<p data-start="906" data-end="931"><strong data-start="909" data-end="929">What&rsquo;s Included:</strong></p>\r\n<p data-start="906" data-end="931">&nbsp;</p>\r\n<ul data-start="932" data-end="1067">\r\n<li data-start="932" data-end="969">\r\n<p data-start="934" data-end="969">Access to all sessions &amp; speakers</p>\r\n</li>\r\n<li data-start="970" data-end="1021">\r\n<p data-start="972" data-end="1021">Networking opportunities with like-minded women</p>\r\n</li>\r\n<li data-start="1022" data-end="1036">\r\n<p data-start="1024" data-end="1036">Goodie bag</p>\r\n</li>\r\n<li data-start="1037" data-end="1067">\r\n<p data-start="1039" data-end="1067">Light lunch &amp; refreshments</p>\r\n</li>\r\n<li data-start="1037" data-end="1067">&nbsp;</li>\r\n</ul>\r\n<p data-start="1069" data-end="1169">Don&rsquo;t miss this chance to learn, grow and connect with other women shaping the business world.</p>\r\n<p data-start="1171" data-end="1224">Secure your seat today &ndash; limited spaces available!</p>\r\n<ul data-start="547" data-end="904">\r\n<li data-start="600" data-end="904">&nbsp;</li>\r\n</ul>	Societi	Wessel Road, Sandton, GP, 2128, South Africa	-26.0500935,28.0619208	0	\N	2025-10-04 08:00:54+00	2025-10-04 11:00:12+00	Completed	cbc243ff-6667-4a37-86ca-6ac0e06ee9e3	116	Alakhe BuildHers is a platform dedicated to empowering women entrepreneurs and women in corporate  through workshops, mentorship and peer support.	Info@alakhegroup.co.za	0634076116
ee429c8e-3824-4785-a891-20b322ee4e96	2026-02-05 06:24:55.786421+00	2026-02-13 10:53:25.64542+00	event/a754e42fd96840289345111bf98c5a63.jpg	Keys for Sustainable Growth & Success: Network and Business Relationships:	network-and-business-relationships-sustainable-success-growth	<p>&nbsp;</p>\r\n<p data-start="153" data-end="257"><strong data-start="153" data-end="178">BBGI Connect</strong></p>\r\n<p data-start="153" data-end="257"><br data-start="178" data-end="181" /><strong data-start="181" data-end="257">Theme - Sustaining Growth and Success: Network &amp; Business Relationships.</strong></p>\r\n<p data-start="153" data-end="257">&nbsp;</p>\r\n<p data-start="259" data-end="641">Defining success is personal. Building a successful business, career, or family requires growth. BBGI will be hosting an evening of dialogue and practical stories to explore the importance of relationships for growth and sustainable success.</p>\r\n<p data-start="259" data-end="641">&nbsp;</p>\r\n<p data-start="259" data-end="641">BBGI is the place for Black entrepreneurs, professionals, and creatives to grow together, share knowledge, and build relationships that create long-term impact.</p>\r\n<p data-start="259" data-end="641">&nbsp;</p>\r\n<p data-start="643" data-end="781">Come connect with like-minded individuals, exchange ideas, and become part of a community committed to the collective success and growth of black people.</p>\r\n<p data-start="643" data-end="781">&nbsp;</p>\r\n<p data-start="783" data-end="929">🎟 <strong data-start="786" data-end="806">Tickets are R200</strong><br data-start="806" data-end="809" />Secure your seat and invest in your network.</p>\r\n<p data-start="783" data-end="929">We will also have:</p>\r\n<p data-start="783" data-end="929">- live performance</p>\r\n<p data-start="783" data-end="929">- finger foods</p>\r\n<p data-start="783" data-end="929">- welcome drinks (0% alcohol)</p>\r\n<p data-start="783" data-end="929">&nbsp;</p>\r\n<p data-start="931" data-end="993"><strong data-start="931" data-end="993">Purchase your ticket now and be part of the BBGI movement.</strong></p>	Milnerton High School	Pienaar Road, Cape Town, WC, 7441, South Africa	-33.8729434,18.4971753	5	\N	2026-02-26 16:00:24+00	2026-02-26 19:00:54+00	Completed	cbc243ff-6667-4a37-86ca-6ac0e06ee9e3	29	This year's theme is 'Sustaining Growth and Success'. This will be the golden thread for ur events during the year 2026.\r\n\r\nJoin BBGI for an evening that connects and empowers entrepreneurs, professionals, creatives,  and business leaders on how strong relationships drive long-term succcess.	info@bbgi.co.za	0662412015
\.


--
-- Data for Name: events_eventorganisor; Type: TABLE DATA; Schema: public; Owner: thomas
--

COPY public.events_eventorganisor (id, created, updated, full_name, organisor_phone_one, organisor_email, event_id) FROM stdin;
d82c6b5f-8dc6-430d-aff4-5c158365a84b	2024-09-11 20:36:25.247757+00	2024-09-11 20:37:02.219417+00	Zolisa Magadla	+27608643737	events@bbgi.co.za	717eaa58-7419-4917-9484-b1a96225a062
a1d9cfff-cfaf-4243-9214-379c6ab39769	2025-02-12 15:15:33.012818+00	2025-02-12 15:15:33.01284+00	BBGI Events	\N	info@bbgi.co.za	37eb4c3f-58c3-4845-9d42-8ec91dc7452e
5efb6c10-6387-43f3-b2e5-5d4c221a701d	2025-05-15 12:24:32.055243+00	2025-05-15 12:24:32.055266+00	BBGI	0658622202	info@bbgi.co.za	daf86b68-62c5-429e-9161-d393a668e917
\.


--
-- Data for Name: events_eventreview; Type: TABLE DATA; Schema: public; Owner: thomas
--

COPY public.events_eventreview (id, created, updated, rating_value, commenter_email, commenter_full_names, comment_title, comment, commenter_id, event_id) FROM stdin;
a4789a2c-e60f-418b-8e74-769fb3de3829	2025-02-28 18:14:15.327772+00	2025-02-28 18:14:15.327812+00	5	Victoria@kudusigma.com	Victoria	Connecting Through Love	BBGI organization is a real Game Changer, the team's level of engagement and commitment to this great initiatives is that of a higher value and standard . As a first time visitor, l found it very easy to engage and connect. I am also challenged by the level of authenticity and vulnerability, very encouraging and thoughts provoking.	\N	37eb4c3f-58c3-4845-9d42-8ec91dc7452e
c4215ccc-56f5-4433-bf4b-94759aa8d3c4	2025-02-28 19:57:33.363003+00	2025-02-28 19:57:33.363044+00	5	snyombolo@gmail.com	Sazi nyombolo	Watch the Space… BBGi is home	A Big Yes.. business owners, entrepreneurs, start up… and Professional this is your home..	\N	37eb4c3f-58c3-4845-9d42-8ec91dc7452e
84378180-fa1b-4895-844d-caac24c8d1cb	2025-03-01 10:58:59.660494+00	2025-03-01 10:58:59.660515+00	5	sazi.ndwandwa@gmail.com	Sazi Ndwandwa	Authentic and practical conversations!	I'm part of the organizing team. So I am probably biased.\r\n\r\nThe event was insightful and the panelists gave some great perspectives that were practical.\r\n\r\nThe audience participated from the get to and what was to be a panel Discussion became a group conversation!\r\n\r\nThis is what I love about the BBGI events and this is why we keep hosting them - authentic, vulnerable, and practica conversations!	2	37eb4c3f-58c3-4845-9d42-8ec91dc7452e
ff4f230b-978b-4c62-a2ab-d1665b178199	2025-03-12 17:01:34.962109+00	2025-03-12 17:01:34.962153+00	5	sazi.ndwandwa@gmail.com	Sazi Ndwandwa	Authentic and practical conversations!	I'm part of the organizing team. So I am probably biased.\r\n\r\nThe event was insightful and the panelists gave some great perspectives that were practical.\r\n\r\nThe audience participated from the get to and what was to be a panel Discussion became a group conversation!\r\n\r\nThis is what I love about the BBGI events and this is why we keep hosting them - authentic, vulnerable, and practica conversations!	\N	37eb4c3f-58c3-4845-9d42-8ec91dc7452e
\.


--
-- Data for Name: events_eventtickettypemodel; Type: TABLE DATA; Schema: public; Owner: thomas
--

COPY public.events_eventtickettypemodel (id, created, updated, title, available_seats, sale_start, sale_end, price, transaction_cost, total_price, event_id) FROM stdin;
a55bc994-cc14-4bad-a0da-3d52bebf581f	2024-08-22 20:58:26.526771+00	2024-09-25 08:46:28.248741+00	1 Adult + kids	302	2024-09-25 08:40:49+00	2024-10-19 13:00:00+00	120.00	3.60	123.60	717eaa58-7419-4917-9484-b1a96225a062
f8c7dfc4-cc7d-4efe-b16c-6a2f96815e3b	2024-11-14 12:47:38.102532+00	2024-11-27 07:17:56.984658+00	BBGI subscriber	22	2024-11-27 07:20:27+00	2024-11-27 18:00:00+00	0.00	0.00	0.00	1d2ee013-c950-418b-8203-372c0dc6d29e
6370caff-3f92-4555-9ade-55b6a8dfa30b	2024-09-04 03:57:58.949661+00	2024-10-22 20:52:00.706148+00	Individual Ticket	61	2024-10-22 20:54:38+00	2024-10-30 17:15:00+00	210.00	6.30	216.30	81fbce18-bd33-4984-8dde-d0803b863af4
0d49e442-54c3-4f20-a977-312d46f1dfa6	2024-11-06 04:23:57.875006+00	2024-11-27 07:17:56.982896+00	Non-affiliate	31	2024-11-27 07:20:33+00	2024-11-27 18:00:00+00	200.00	6.00	206.00	1d2ee013-c950-418b-8203-372c0dc6d29e
02efdcd1-b3bf-4979-9ee2-b64c62c4c1e2	2024-11-14 12:47:38.099012+00	2024-11-27 07:17:56.981783+00	BMF / Sister Space Africa/ Ubumbo/ Spartans Soccer Club Member	25	2024-11-27 07:20:36+00	2024-11-27 18:00:00+00	0.00	0.00	0.00	1d2ee013-c950-418b-8203-372c0dc6d29e
a12a498d-69a4-4fc1-b07f-bb6aee964acc	2024-11-14 12:57:16.934809+00	2024-11-27 07:17:56.983828+00	Sponsors - GoldOurs. SMTax. Noble. Personal Trust	21	2024-11-27 07:20:31+00	2024-11-27 18:00:00+00	0.00	0.00	0.00	1d2ee013-c950-418b-8203-372c0dc6d29e
02ee1814-3aef-49da-9ab6-190a48906271	2025-05-14 10:30:25.452004+00	2025-05-14 10:30:25.452021+00	Sponsors and Partners Ticket	60	2025-05-14 10:30:17+00	2025-05-29 16:00:52+00	100.00	3.00	103.00	daf86b68-62c5-429e-9161-d393a668e917
4ce2cfe7-adad-4247-bb43-4481f14fa4db	2025-02-13 05:26:07.33395+00	2025-02-13 05:36:45.679193+00	Early Bird Ticket	60	2025-02-13 06:00:20+00	2025-02-17 18:00:27+00	150.00	4.50	154.50	37eb4c3f-58c3-4845-9d42-8ec91dc7452e
811588d6-68a4-4f34-9559-557e6d5b3bc9	2025-02-13 05:28:52.502711+00	2025-02-13 05:28:52.502728+00	Partners and Sponsors Ticket: Sister Space, BMF, Noble Consulting, SMTax, GoldOurs, Elalini, Personal Trust, Lelo's Tasty Foods	67	2025-02-13 05:28:20+00	2025-02-26 16:00:29+00	100.00	3.00	103.00	37eb4c3f-58c3-4845-9d42-8ec91dc7452e
837bb246-a47f-4081-9f2f-5729f58d4446	2025-02-05 14:49:12.955836+00	2025-02-05 14:49:12.955856+00	Individual Ticket	122	2025-02-05 14:47:23+00	2025-02-26 17:30:51+00	210.00	6.30	216.30	37eb4c3f-58c3-4845-9d42-8ec91dc7452e
706b7b26-0b98-4d6a-ad6a-4d47ba5a601b	2025-02-26 14:36:42.481161+00	2025-02-28 14:47:50.221541+00	Sponsors and Partners Tickets: BMF, SisterSpace, SMTax, eLalini, Lelo's Tasty Foods, DrinksNil, Noble Advisory, Goldours and Personal Trust	67	2025-02-26 16:00:57+00	2025-03-27 16:30:18+00	100.00	3.00	103.00	94595c09-fcef-49af-ae64-43d0cb29929f
925397ac-0384-4d87-8664-ad9160f5d2a3	2025-02-26 14:41:22.145755+00	2025-03-19 08:13:23.202142+00	Standard Ticket	66	2025-02-26 16:30:53+00	2025-03-27 16:30:02+00	0.00	0.00	0.00	94595c09-fcef-49af-ae64-43d0cb29929f
65c16267-e8cc-486f-92c1-4d89e4f95073	2025-05-13 13:07:02.494284+00	2025-05-13 13:07:02.494315+00	Standard Ticket	60	2025-05-13 13:06:30+00	2025-05-29 16:30:42+00	150.00	4.50	154.50	daf86b68-62c5-429e-9161-d393a668e917
775be52c-6a0c-4050-8adf-59055f0efc4b	2026-02-09 14:46:37.874209+00	2026-02-15 20:21:00.016625+00	BMF Member Ticket	26	2026-02-15 20:20:45+00	2026-02-26 20:20:50+00	150.00	0.00	150.00	ee429c8e-3824-4785-a891-20b322ee4e96
03653c21-efff-40cc-ac6e-884f4fc28411	2026-02-05 06:30:19.546995+00	2026-02-13 10:53:06.383026+00	Non-member Ticket	50	2026-02-05 06:30:10+00	2026-02-26 17:45:20+00	200.00	0.00	200.00	ee429c8e-3824-4785-a891-20b322ee4e96
\.


--
-- Data for Name: events_ticketmodel; Type: TABLE DATA; Schema: public; Owner: thomas
--

COPY public.events_ticketmodel (id, created, updated, guest_full_name, guest_email, guest_phone_number, quantity, barcode_value, barcode_image, qrcode_url, qrcode_image, ticket_order_id, ticket_type_id, scanned, scanned_at) FROM stdin;
accfc321-b4c4-43bf-8afb-e91fc4f09081	2024-09-25 08:36:27.293699+00	2024-09-25 08:36:27.293717+00	Sazi Ndwandwa	sazi.ndwandwa@gmail.com	\N	1	\N		https://bbgi.co.za/ticket-types/verify/BBGI20249/accfc321-b4c4-43bf-8afb-e91fc4f09081	tickets/qrcodes/BBGI20249_qrcode.png	322725c0-fa16-436d-b751-330165a178ad	a55bc994-cc14-4bad-a0da-3d52bebf581f	f	\N
8aee382a-dec3-4344-94f9-46d23876030c	2024-11-06 15:07:19.347983+00	2024-11-06 15:07:19.348026+00	Mr S Ndwandwa	sazi.ndwandwa@gmail.com	\N	1	\N		https://bbgi.co.za/ticket-types/verify/BBGI202411/8aee382a-dec3-4344-94f9-46d23876030c	tickets/qrcodes/BBGI202411_qrcode.png	fd3e42ea-eeb8-4b11-baea-8f754b7731da	0d49e442-54c3-4f20-a977-312d46f1dfa6	f	\N
d40fd764-3738-4385-b04b-81dcff574c8c	2024-11-24 18:25:39.428488+00	2024-11-24 18:25:39.428502+00	Mzwandile Nomandla	zwainomandla@gmail.com	\N	1	\N		https://www.bbgi.co.za/ticket-types/verify/BBGI2024117/d40fd764-3738-4385-b04b-81dcff574c8c	tickets/qrcodes/BBGI2024117_qrcode.png	246acb84-5d2c-46dd-ba4c-5c3a137316ac	0d49e442-54c3-4f20-a977-312d46f1dfa6	f	\N
148c622a-1f08-4f12-8e80-6c61376bec6c	2024-11-26 16:46:22.765392+00	2024-11-26 16:46:22.765438+00	Rosley Sibanda	opulentrosley@gmail.com	\N	1	\N		https://bbgi.co.za/ticket-types/verify/BBGI20241115/148c622a-1f08-4f12-8e80-6c61376bec6c	tickets/qrcodes/BBGI20241115_qrcode.png	6b9320ee-d6f9-4d6a-b65c-6a1570fbbed4	0d49e442-54c3-4f20-a977-312d46f1dfa6	f	\N
59c4267d-26cb-4841-9065-76d5f5c2709e	2024-11-26 17:53:29.801398+00	2024-11-26 17:53:29.80143+00	Phetheni Nconco	nconco.phetheni@gmail.com	\N	1	\N		https://www.bbgi.co.za/ticket-types/verify/BBGI20241118/59c4267d-26cb-4841-9065-76d5f5c2709e	tickets/qrcodes/BBGI20241118_qrcode.png	a8633f78-f25a-4d3c-8203-0341cfa5ec58	0d49e442-54c3-4f20-a977-312d46f1dfa6	f	\N
69e4336b-faba-4cc5-b875-42d18382eddb	2024-11-26 17:53:29.801571+00	2024-11-26 17:53:29.801585+00	Phetheni Nconco	nconco.phetheni@gmail.com	\N	1	\N		https://www.bbgi.co.za/ticket-types/verify/BBGI20241118/69e4336b-faba-4cc5-b875-42d18382eddb	tickets/qrcodes/BBGI20241118_qrcode.png	a8633f78-f25a-4d3c-8203-0341cfa5ec58	0d49e442-54c3-4f20-a977-312d46f1dfa6	f	\N
5936a80a-317b-4b08-a7c2-9061f178eda2	2026-02-26 11:24:39.293672+00	2026-02-26 11:24:39.293694+00	Busi Mgbemena	mgbemenab@gmail.com	\N	1	1873102186	tickets/barcodes/BBGI20262.png	https://bbgi.co.za/ticket-types/verify/BBGI20262/5936a80a-317b-4b08-a7c2-9061f178eda2	tickets/qrcodes/BBGI20262_qrcode.png	e96d6152-4fae-4223-9cd4-aa7a9b234788	03653c21-efff-40cc-ac6e-884f4fc28411	f	\N
f1aca840-ca57-4565-9e28-9b856dd54951	2024-11-27 11:39:46.743665+00	2024-11-27 11:39:46.743679+00	Salathiso Ndwandwa	Salathiso@gmail.com	\N	1	\N		https://www.bbgi.co.za/ticket-types/verify/BBGI20241122/f1aca840-ca57-4565-9e28-9b856dd54951	tickets/qrcodes/BBGI20241122_qrcode.png	6efe362e-bb39-4482-b9b0-c2ecaba66add	0d49e442-54c3-4f20-a977-312d46f1dfa6	f	\N
de8be40a-9382-4b7f-a113-a8a8ab1f8774	2024-11-14 12:59:15.537727+00	2024-11-14 12:59:15.537744+00	Pat Anderson	patphetido@gmail.com	\N	1	\N		https://bbgi.co.za/ticket-types/verify/BBGI202411/de8be40a-9382-4b7f-a113-a8a8ab1f8774	tickets/qrcodes/BBGI202411_qrcode.png	77009e6a-5d02-42f3-9917-b0dc80062093	a12a498d-69a4-4fc1-b07f-bb6aee964acc	t	2025-07-20 13:33:54.414371+00
d2505470-16fd-48c7-8a1e-5838ddfc7b90	2024-11-14 12:59:18.584802+00	2024-11-14 12:59:18.58482+00	Zinziswa Buswana	zinziswamandobe@gmail.com	\N	1	\N		https://bbgi.co.za/ticket-types/verify/BBGI2024112/d2505470-16fd-48c7-8a1e-5838ddfc7b90	tickets/qrcodes/BBGI2024112_qrcode.png	7dc552bc-d3db-4674-9e06-37ba2b219fa5	a12a498d-69a4-4fc1-b07f-bb6aee964acc	t	2025-07-20 13:33:54.430267+00
88a9e6d1-8897-4aaa-bfca-cf60c724e3a5	2024-11-15 13:03:08.899144+00	2024-11-15 13:03:08.899165+00	Sonwabile Xwayi	xwayis@gmail.com	\N	1	\N		https://bbgi.co.za/ticket-types/verify/BBGI2024114/88a9e6d1-8897-4aaa-bfca-cf60c724e3a5	tickets/qrcodes/BBGI2024114_qrcode.png	02d6f76d-1bd6-477a-9453-b6469844c1ff	02efdcd1-b3bf-4979-9ee2-b64c62c4c1e2	t	2025-07-20 13:33:56.590401+00
75d957cf-b70c-4b0c-9f20-eba044589891	2024-11-14 12:59:40.651696+00	2024-11-14 12:59:40.65172+00	Inga Sitoto	ingastoto@gmail.com	\N	1	\N		https://bbgi.co.za/ticket-types/verify/BBGI2024113/75d957cf-b70c-4b0c-9f20-eba044589891	tickets/qrcodes/BBGI2024113_qrcode.png	f383c853-ae8e-4d6c-8c4e-a1c357048984	a12a498d-69a4-4fc1-b07f-bb6aee964acc	t	2025-07-20 13:33:56.610207+00
69b474d0-2034-4b84-80ee-64300174b4d3	2024-11-21 10:26:07.209469+00	2024-11-21 10:26:07.209477+00	Akhona Mqanda	Lebohang15@icloud.com	\N	1	\N		https://bbgi.co.za/ticket-types/verify/BBGI2024116/69b474d0-2034-4b84-80ee-64300174b4d3	tickets/qrcodes/BBGI2024116_qrcode.png	c0adfa8c-42db-49f0-a357-812da9461273	f8c7dfc4-cc7d-4efe-b16c-6a2f96815e3b	t	2025-07-20 13:33:57.395636+00
35a02230-1317-41d6-880c-8d34d75e6db5	2024-11-21 10:26:07.209348+00	2024-11-21 10:26:07.209361+00	Lebohang Mosia	Lebohang15@icloud.com	\N	1	\N		https://bbgi.co.za/ticket-types/verify/BBGI2024116/35a02230-1317-41d6-880c-8d34d75e6db5	tickets/qrcodes/BBGI2024116_qrcode.png	c0adfa8c-42db-49f0-a357-812da9461273	f8c7dfc4-cc7d-4efe-b16c-6a2f96815e3b	t	2025-07-20 13:33:57.407164+00
ad726273-9a1f-428e-81b9-84dbfe8c729b	2024-11-26 04:02:45.47222+00	2024-11-26 04:02:45.472243+00	Notukela Makohliso	notukela@gmail.com	\N	1	\N		https://www.bbgi.co.za/ticket-types/verify/BBGI2024117/ad726273-9a1f-428e-81b9-84dbfe8c729b	tickets/qrcodes/BBGI2024117_qrcode.png	66c7a8ff-f95d-4303-82cf-c0a72f95a0fd	02efdcd1-b3bf-4979-9ee2-b64c62c4c1e2	t	2025-07-20 13:33:57.984291+00
2235de75-9e68-4db0-b100-89d451a7707a	2024-11-26 04:02:45.472365+00	2024-11-26 04:02:45.472375+00	Notukela Makohliso	notukela@gmail.com	\N	1	\N		https://www.bbgi.co.za/ticket-types/verify/BBGI2024117/2235de75-9e68-4db0-b100-89d451a7707a	tickets/qrcodes/BBGI2024117_qrcode.png	66c7a8ff-f95d-4303-82cf-c0a72f95a0fd	02efdcd1-b3bf-4979-9ee2-b64c62c4c1e2	t	2025-07-20 13:33:58.0345+00
7be740ba-f6b4-4aba-8298-d8bd936ec23f	2024-11-26 13:31:41.778996+00	2024-11-26 13:31:41.779014+00	AFIKILE SIWA	siwa.afikile@goldours.co.za	\N	1	\N		https://www.bbgi.co.za/ticket-types/verify/BBGI20241112/7be740ba-f6b4-4aba-8298-d8bd936ec23f	tickets/qrcodes/BBGI20241112_qrcode.png	617199dd-2aba-41eb-b798-83a065ed3f95	a12a498d-69a4-4fc1-b07f-bb6aee964acc	t	2025-07-20 13:33:58.132738+00
92459511-b2b4-4065-93a6-aad337f292a7	2024-11-26 04:02:45.472445+00	2024-11-26 04:02:45.472454+00	Notukela Makohliso	notukela@gmail.com	\N	1	\N		https://www.bbgi.co.za/ticket-types/verify/BBGI2024117/92459511-b2b4-4065-93a6-aad337f292a7	tickets/qrcodes/BBGI2024117_qrcode.png	66c7a8ff-f95d-4303-82cf-c0a72f95a0fd	02efdcd1-b3bf-4979-9ee2-b64c62c4c1e2	t	2025-07-20 13:33:58.194079+00
ec5dd095-0d97-48c1-bd8e-08fc86201a91	2024-11-22 03:25:18.526603+00	2024-11-22 03:25:18.52661+00	Asiphe Kwaikwai	asiphekwaikwai@gmail.com	\N	1	\N		https://bbgi.co.za/ticket-types/verify/BBGI20241111/ec5dd095-0d97-48c1-bd8e-08fc86201a91	tickets/qrcodes/BBGI20241111_qrcode.png	93b1880d-e7b8-4ce6-a140-6e0a6a42a6a2	02efdcd1-b3bf-4979-9ee2-b64c62c4c1e2	t	2025-07-20 13:33:58.29522+00
a28a0911-3b36-4a47-b588-d89d4bba18de	2024-11-26 05:18:26.05931+00	2024-11-26 05:18:26.059347+00	Namhla Mtandabuzo	qotoyina@gmail.com	\N	1	\N		https://bbgi.co.za/ticket-types/verify/BBGI2024119/a28a0911-3b36-4a47-b588-d89d4bba18de	tickets/qrcodes/BBGI2024119_qrcode.png	dd661daf-05a5-438d-9a4b-ab22003459b3	f8c7dfc4-cc7d-4efe-b16c-6a2f96815e3b	t	2025-07-20 13:33:58.346749+00
2222b728-c800-42a2-a40c-ea8f36124260	2024-11-26 12:18:20.839535+00	2024-11-26 12:18:20.839542+00	Thozamile Nyiki	thozamile.nyiki@gmail.com	\N	1	\N		https://bbgi.co.za/ticket-types/verify/BBGI20241110/2222b728-c800-42a2-a40c-ea8f36124260	tickets/qrcodes/BBGI20241110_qrcode.png	adf66d89-5d66-4034-b59d-b4b72685ed26	f8c7dfc4-cc7d-4efe-b16c-6a2f96815e3b	t	2025-07-20 13:33:59.311423+00
80b86011-dd2a-4a6b-854b-bad3ff6ae25d	2024-11-26 13:42:34.5459+00	2024-11-26 13:42:34.545919+00	Owona Madlingozi	owonamadlingozi@gmail.com	\N	1	\N		https://bbgi.co.za/ticket-types/verify/BBGI20241114/80b86011-dd2a-4a6b-854b-bad3ff6ae25d	tickets/qrcodes/BBGI20241114_qrcode.png	f40eee04-ace1-44f4-ba78-fcdf6b0549ab	02efdcd1-b3bf-4979-9ee2-b64c62c4c1e2	t	2025-07-20 13:34:00.620064+00
e9c1ed42-e345-464d-bc76-17fdd379da54	2024-11-26 13:33:00.795145+00	2024-11-26 13:33:00.79516+00	Asive Sipondo	asive.sipondo@goldours.co.za	\N	1	\N		https://www.bbgi.co.za/ticket-types/verify/BBGI20241113/e9c1ed42-e345-464d-bc76-17fdd379da54	tickets/qrcodes/BBGI20241113_qrcode.png	0067cf93-6ee1-4b20-8c6a-955d669be86b	a12a498d-69a4-4fc1-b07f-bb6aee964acc	t	2025-07-20 13:34:00.672994+00
90934bfd-49a7-4778-be00-00f0186e2ae6	2024-11-27 09:56:54.445533+00	2024-11-27 09:56:54.445547+00	Siyabulela Msizi	msizi.siyabulela@gmail.com	\N	1	\N		https://bbgi.co.za/ticket-types/verify/BBGI20241118/90934bfd-49a7-4778-be00-00f0186e2ae6	tickets/qrcodes/BBGI20241118_qrcode.png	b9bcca9d-cbd8-4e77-81d4-bf532478212f	f8c7dfc4-cc7d-4efe-b16c-6a2f96815e3b	t	2025-07-20 13:34:01.447644+00
0c5a7c37-c947-48bd-87bd-d4762cac1e68	2024-11-27 10:31:41.866474+00	2024-11-27 10:31:41.866499+00	Sazi Nyombolo	snyombolo@gmail.com	\N	1	\N		https://www.bbgi.co.za/ticket-types/verify/BBGI20241120/0c5a7c37-c947-48bd-87bd-d4762cac1e68	tickets/qrcodes/BBGI20241120_qrcode.png	8a027b12-cf7d-4440-955d-a96604931b46	02efdcd1-b3bf-4979-9ee2-b64c62c4c1e2	t	2025-07-20 13:34:02.212626+00
a4ebaf58-89c2-4a5c-aa44-08b291e396a5	2024-11-27 11:35:21.515411+00	2024-11-27 11:35:21.51542+00	Sinako Nyombolo	sinakonyombolo@outlook.com	\N	1	\N		https://bbgi.co.za/ticket-types/verify/BBGI20241121/a4ebaf58-89c2-4a5c-aa44-08b291e396a5	tickets/qrcodes/BBGI20241121_qrcode.png	30ca9b21-1ae7-4cca-a3a9-6aa4b0717152	02efdcd1-b3bf-4979-9ee2-b64c62c4c1e2	t	2025-07-20 13:34:04.705764+00
be13cb14-ea2a-436b-a6a3-375bc864ce17	2025-02-24 11:04:18.685725+00	2025-02-24 11:04:18.685733+00	Mr. Samuel Qalazive	samuel.qalazive@goldours.co.za	\N	1	\N		https://bbgi.co.za/ticket-types/verify/BBGI202527/be13cb14-ea2a-436b-a6a3-375bc864ce17	tickets/qrcodes/BBGI202527_qrcode.png	cc5a61cd-3a0c-4b64-a2da-d67e3420c93f	811588d6-68a4-4f34-9559-557e6d5b3bc9	f	\N
1752e97e-d2fe-46a1-a908-4782f0ba15b5	2025-02-26 09:20:18.692078+00	2025-02-26 09:20:18.69211+00	Busi Mgbemena	busi@reflectcoaching.co.za	\N	1	\N		https://bbgi.co.za/ticket-types/verify/BBGI202522/1752e97e-d2fe-46a1-a908-4782f0ba15b5	tickets/qrcodes/BBGI202522_qrcode.png	f4e65439-851c-4633-8d6f-3b5a54c43ef4	811588d6-68a4-4f34-9559-557e6d5b3bc9	f	\N
033b241b-84bd-4bf5-839d-a08798b575bb	2025-02-26 15:23:08.729755+00	2025-02-26 15:23:08.729785+00	Salathiso Ndwandwa	Salathiso@gmail.com	\N	1	\N		https://bbgi.co.za/ticket-types/verify/BBGI202529/033b241b-84bd-4bf5-839d-a08798b575bb	tickets/qrcodes/BBGI202529_qrcode.png	9751df41-8012-43ba-99c1-ec02a156535d	811588d6-68a4-4f34-9559-557e6d5b3bc9	f	\N
6234744f-e39f-4cf9-9d43-1c98d1bc512d	2025-02-26 11:33:52.158153+00	2025-02-26 11:33:52.158179+00	Nkosi Ndwandwa	nkosi.ndwandwa@gmail.com	\N	1	\N		https://www.bbgi.co.za/ticket-types/verify/BBGI202523/6234744f-e39f-4cf9-9d43-1c98d1bc512d	tickets/qrcodes/BBGI202523_qrcode.png	740ea4e6-b9ca-4a63-96c5-cbcb076c41a6	837bb246-a47f-4081-9f2f-5729f58d4446	f	\N
102e4221-3f6c-4f9c-8ed8-b13d0466a19a	2025-02-13 17:14:44.501975+00	2025-02-13 17:14:44.502006+00	Khethokuhle Ndimande	khethokuhlendimande98@gmail.com	\N	1	\N		https://www.bbgi.co.za/ticket-types/verify/BBGI202521/102e4221-3f6c-4f9c-8ed8-b13d0466a19a	tickets/qrcodes/BBGI202521_qrcode.png	6df30300-bd7a-4e21-9972-31550a33fa9b	811588d6-68a4-4f34-9559-557e6d5b3bc9	f	\N
f729e8fe-5d60-46ca-aa36-03990e73f374	2025-02-17 23:43:53.469542+00	2025-02-17 23:43:53.469563+00	Chuma Nombewu	chumaigh@gmail.com	\N	1	\N		https://bbgi.co.za/ticket-types/verify/BBGI202524/f729e8fe-5d60-46ca-aa36-03990e73f374	tickets/qrcodes/BBGI202524_qrcode.png	12921af1-bb96-494a-b0e3-04fd132bda0b	811588d6-68a4-4f34-9559-557e6d5b3bc9	f	\N
66221e08-4c42-49a2-8b71-59e4bd138261	2025-02-26 12:13:39.014275+00	2025-02-26 12:13:39.014297+00	Thulane Magoro	magoro.thulane@gmail.com	\N	1	\N		https://bbgi.co.za/ticket-types/verify/BBGI202524/66221e08-4c42-49a2-8b71-59e4bd138261	tickets/qrcodes/BBGI202524_qrcode.png	1a7a5c3e-0dde-4db7-8621-a46c4297a4d1	811588d6-68a4-4f34-9559-557e6d5b3bc9	f	\N
7f3b8e28-19bb-4f69-ac2f-acefee2a26e0	2025-02-26 12:13:39.014393+00	2025-02-26 12:13:39.014399+00	Thulane Magoro	magoro.thulane@gmail.com	\N	1	\N		https://bbgi.co.za/ticket-types/verify/BBGI202524/7f3b8e28-19bb-4f69-ac2f-acefee2a26e0	tickets/qrcodes/BBGI202524_qrcode.png	1a7a5c3e-0dde-4db7-8621-a46c4297a4d1	811588d6-68a4-4f34-9559-557e6d5b3bc9	f	\N
860fa3bd-7e2a-4e5a-9c4c-00410a804c35	2025-02-28 15:36:03.925761+00	2025-02-28 15:36:03.925785+00	Mr S Ndwandwa	sazi.ndwandwa@gmail.com	\N	1	\N		https://bbgi.co.za/ticket-types/verify/BBGI2025210/860fa3bd-7e2a-4e5a-9c4c-00410a804c35	tickets/qrcodes/BBGI2025210_qrcode.png	98b42d6f-3682-454f-8a0e-35594ee70e8d	706b7b26-0b98-4d6a-ad6a-4d47ba5a601b	f	\N
899b5fac-bd9e-4d4b-ad04-7744e070485e	2025-02-28 15:36:03.926006+00	2025-02-28 15:36:03.926011+00	Samuel Qalazive	samuel.qalazive@godours.co.za	\N	1	\N		https://bbgi.co.za/ticket-types/verify/BBGI2025210/899b5fac-bd9e-4d4b-ad04-7744e070485e	tickets/qrcodes/BBGI2025210_qrcode.png	98b42d6f-3682-454f-8a0e-35594ee70e8d	706b7b26-0b98-4d6a-ad6a-4d47ba5a601b	f	\N
f6d6dcc8-38d3-43cf-a9bb-14771dc0add8	2025-02-28 15:36:03.925894+00	2025-02-28 15:36:03.925903+00	Patience Anderson	pat.anderson@goldours.co.za	\N	1	\N		https://bbgi.co.za/ticket-types/verify/BBGI2025210/f6d6dcc8-38d3-43cf-a9bb-14771dc0add8	tickets/qrcodes/BBGI2025210_qrcode.png	98b42d6f-3682-454f-8a0e-35594ee70e8d	706b7b26-0b98-4d6a-ad6a-4d47ba5a601b	f	\N
e78abc94-2d2b-49a5-b5e7-430863103877	2025-02-28 15:36:03.925959+00	2025-02-28 15:36:03.925965+00	Inga Sitoto	inga.sitoto@goldours.co.za	\N	1	\N		https://bbgi.co.za/ticket-types/verify/BBGI2025210/e78abc94-2d2b-49a5-b5e7-430863103877	tickets/qrcodes/BBGI2025210_qrcode.png	98b42d6f-3682-454f-8a0e-35594ee70e8d	706b7b26-0b98-4d6a-ad6a-4d47ba5a601b	f	\N
4c9d2bcd-eed1-4c64-8f38-8bcfbab00858	2024-11-26 12:18:20.839411+00	2024-11-26 12:18:20.839434+00	Ndyebokazi Nyiki	thozamile.nyiki@gmail.com	\N	1	\N		https://bbgi.co.za/ticket-types/verify/BBGI20241110/4c9d2bcd-eed1-4c64-8f38-8bcfbab00858	tickets/qrcodes/BBGI20241110_qrcode.png	adf66d89-5d66-4034-b59d-b4b72685ed26	f8c7dfc4-cc7d-4efe-b16c-6a2f96815e3b	t	2025-07-20 13:33:53.550205+00
4dea3cd1-aa99-4c67-8bcd-f8ce2f74e8cc	2024-11-22 03:25:18.526468+00	2024-11-22 03:25:18.526486+00	Asiphe Kwaikwai	asiphekwaikwai@gmail.com	\N	1	\N		https://bbgi.co.za/ticket-types/verify/BBGI20241111/4dea3cd1-aa99-4c67-8bcd-f8ce2f74e8cc	tickets/qrcodes/BBGI20241111_qrcode.png	93b1880d-e7b8-4ce6-a140-6e0a6a42a6a2	02efdcd1-b3bf-4979-9ee2-b64c62c4c1e2	t	2025-07-20 13:33:58.312226+00
324bfaf6-a8d6-4d4d-ae89-b2c447e951eb	2024-11-27 11:35:21.515283+00	2024-11-27 11:35:21.5153+00	Sinako Nyombolo	sinakonyombolo@outlook.com	\N	1	\N		https://bbgi.co.za/ticket-types/verify/BBGI20241121/324bfaf6-a8d6-4d4d-ae89-b2c447e951eb	tickets/qrcodes/BBGI20241121_qrcode.png	30ca9b21-1ae7-4cca-a3a9-6aa4b0717152	02efdcd1-b3bf-4979-9ee2-b64c62c4c1e2	t	2025-07-20 13:34:01.454014+00
b31baf6a-4d50-4488-8611-36702abb3061	2024-11-27 13:42:53.850484+00	2024-11-27 13:42:53.850498+00	Aidan Liggett	aidan.liggett@gmail.com	\N	1	\N		https://bbgi.co.za/ticket-types/verify/BBGI20241125/b31baf6a-4d50-4488-8611-36702abb3061	tickets/qrcodes/BBGI20241125_qrcode.png	28086732-5f65-4085-990c-f9e77f9369d6	f8c7dfc4-cc7d-4efe-b16c-6a2f96815e3b	t	2025-07-20 13:34:05.256406+00
91787cd4-afd1-4360-b85f-7ae76dc161e9	2024-11-27 12:04:58.661176+00	2024-11-27 12:04:58.661189+00	Nandipha Tuku	nandiphalufuno.tuku@gmail.com	\N	1	\N		https://bbgi.co.za/ticket-types/verify/BBGI20241123/91787cd4-afd1-4360-b85f-7ae76dc161e9	tickets/qrcodes/BBGI20241123_qrcode.png	26bf1364-3ef2-41b8-be01-7cfae78f04b8	02efdcd1-b3bf-4979-9ee2-b64c62c4c1e2	t	2025-07-20 13:34:05.656533+00
a1b4982f-dc27-4dfb-a9ec-8e8045b1081b	2025-02-09 13:55:15.637395+00	2025-02-09 13:55:15.637457+00	Victoria Machete	victoria@kudusigma.com	\N	1	\N		https://bbgi.co.za/ticket-types/verify/BBGI202521/a1b4982f-dc27-4dfb-a9ec-8e8045b1081b	tickets/qrcodes/BBGI202521_qrcode.png	c4d0bcd4-1225-4cff-9a1d-499648088d18	837bb246-a47f-4081-9f2f-5729f58d4446	t	2025-07-20 13:34:06.874162+00
489cf9bf-7e82-4f7f-83f0-3107903c5c77	2025-02-24 11:04:18.685469+00	2025-02-24 11:04:18.685493+00	Mr S Ndwandwa	sazi.ndwandwa@gmail.com	\N	1	\N		https://bbgi.co.za/ticket-types/verify/BBGI202527/489cf9bf-7e82-4f7f-83f0-3107903c5c77	tickets/qrcodes/BBGI202527_qrcode.png	cc5a61cd-3a0c-4b64-a2da-d67e3420c93f	811588d6-68a4-4f34-9559-557e6d5b3bc9	t	2025-07-20 13:34:11.424776+00
bdc1a91c-82ec-4cef-a183-699b3016d619	2025-02-25 18:57:27.219598+00	2025-02-25 18:57:27.219607+00	Sonwabile Xwayi	xwayis@gmail.com	\N	1	\N		https://www.bbgi.co.za/ticket-types/verify/BBGI20252/bdc1a91c-82ec-4cef-a183-699b3016d619	tickets/qrcodes/BBGI20252_qrcode.png	954d4261-9035-4b83-a326-35bbc5592c4d	811588d6-68a4-4f34-9559-557e6d5b3bc9	t	2025-07-20 13:34:13.457802+00
283f948f-8fa2-4740-b5a1-eb98606ee25b	2025-02-26 15:01:07.421752+00	2025-02-26 15:01:07.421782+00	Lehlohonolo Tsotetsi	ltsotetsi4@gmail.com	\N	1	\N		https://bbgi.co.za/ticket-types/verify/BBGI202522/283f948f-8fa2-4740-b5a1-eb98606ee25b	tickets/qrcodes/BBGI202522_qrcode.png	bd723afa-3c5d-48b0-ad75-4b1bcb23692a	837bb246-a47f-4081-9f2f-5729f58d4446	t	2025-07-20 13:34:13.459526+00
17211574-33c0-4e23-8007-cd0804418fff	2025-02-24 11:04:18.685664+00	2025-02-24 11:04:18.685671+00	Ms Inga Sitoto	inga.sitoto@goldours.co.za	\N	1	\N		https://bbgi.co.za/ticket-types/verify/BBGI202527/17211574-33c0-4e23-8007-cd0804418fff	tickets/qrcodes/BBGI202527_qrcode.png	cc5a61cd-3a0c-4b64-a2da-d67e3420c93f	811588d6-68a4-4f34-9559-557e6d5b3bc9	t	2025-07-20 13:34:14.806086+00
cf78c5aa-7a8e-478f-98e8-c3bcc3f20fde	2024-11-27 13:42:53.850576+00	2024-11-27 13:42:53.850582+00	Aidan Liggett	aidan.liggett@gmail.com	\N	1	\N		https://bbgi.co.za/ticket-types/verify/BBGI20241125/cf78c5aa-7a8e-478f-98e8-c3bcc3f20fde	tickets/qrcodes/BBGI20241125_qrcode.png	28086732-5f65-4085-990c-f9e77f9369d6	f8c7dfc4-cc7d-4efe-b16c-6a2f96815e3b	t	2025-07-20 13:34:14.826086+00
28da683a-4cfd-4bfc-8895-ad6d14a2d668	2025-03-19 08:15:24.111454+00	2025-03-19 08:15:24.111482+00	Kgaugelo Hlaka	kgaugeloh@gmail.com	\N	1	9834905582	tickets/barcodes/BBGI20253.png	https://bbgi.co.za/ticket-types/verify/BBGI20253/28da683a-4cfd-4bfc-8895-ad6d14a2d668	tickets/qrcodes/BBGI20253_qrcode.png	5b63d862-cc0e-4198-b4c3-d79d968b5d30	925397ac-0384-4d87-8664-ad9160f5d2a3	t	2025-07-20 13:34:15.486861+00
8558db7f-4a1d-49fc-b2c7-51ef9e8e91eb	2025-02-24 11:04:18.685599+00	2025-02-24 11:04:18.685607+00	Ms Pat Anderson	pat.anderson@goldours.co.za	\N	1	\N		https://bbgi.co.za/ticket-types/verify/BBGI202527/8558db7f-4a1d-49fc-b2c7-51ef9e8e91eb	tickets/qrcodes/BBGI202527_qrcode.png	cc5a61cd-3a0c-4b64-a2da-d67e3420c93f	811588d6-68a4-4f34-9559-557e6d5b3bc9	t	2025-07-20 13:34:16.687629+00
01ae1b61-1334-42ff-9c00-d88dab89cc7e	2025-02-25 18:57:27.219418+00	2025-02-25 18:57:27.219438+00	Sonwabile Xwayi	xwayis@gmail.com	\N	1	\N		https://www.bbgi.co.za/ticket-types/verify/BBGI20252/01ae1b61-1334-42ff-9c00-d88dab89cc7e	tickets/qrcodes/BBGI20252_qrcode.png	954d4261-9035-4b83-a326-35bbc5592c4d	811588d6-68a4-4f34-9559-557e6d5b3bc9	t	2025-07-20 13:34:17.204+00
a09a4fbf-98ed-4586-94ee-f6e04fc81066	2024-11-27 13:02:40.373613+00	2024-11-27 13:02:40.373652+00	Sihle Mtwa	Mtwalu@gmail.com	\N	1	\N		https://bbgi.co.za/ticket-types/verify/BBGI20241124/a09a4fbf-98ed-4586-94ee-f6e04fc81066	tickets/qrcodes/BBGI20241124_qrcode.png	51190392-b677-4d74-bb18-0a7875af5eba	02efdcd1-b3bf-4979-9ee2-b64c62c4c1e2	t	2025-07-20 13:34:05.17426+00
13bedd07-c0d4-448b-a65b-a18e5248c211	2024-11-27 12:04:58.66127+00	2024-11-27 12:04:58.661276+00	Bulelwa Lamfiti	nandiphalufuno.tuku@gmail.com	\N	1	\N		https://bbgi.co.za/ticket-types/verify/BBGI20241123/13bedd07-c0d4-448b-a65b-a18e5248c211	tickets/qrcodes/BBGI20241123_qrcode.png	26bf1364-3ef2-41b8-be01-7cfae78f04b8	02efdcd1-b3bf-4979-9ee2-b64c62c4c1e2	t	2025-07-20 13:34:05.176218+00
c34fa35f-b7a0-4e54-a19f-f87db5de8808	2026-02-13 10:54:36.450456+00	2026-02-13 10:54:36.450472+00	Siyasanga Gwadu	siyasanga.gwadu@goldours.co.za	\N	1	7178655701	tickets/barcodes/BBGI20262.png	https://bbgi.co.za/ticket-types/verify/BBGI20262/c34fa35f-b7a0-4e54-a19f-f87db5de8808	tickets/qrcodes/BBGI20262_qrcode.png	520ab38c-ab0d-4e14-b349-9faeee2f8af0	03653c21-efff-40cc-ac6e-884f4fc28411	f	\N
f9068da3-3ef1-46ab-9faf-5c8224161f86	2026-02-13 10:54:36.450236+00	2026-02-13 10:54:36.450257+00	Mr S Ndwandwa	sazi.ndwandwa@gmail.com	\N	1	7985532517	tickets/barcodes/BBGI20262.png	https://bbgi.co.za/ticket-types/verify/BBGI20262/f9068da3-3ef1-46ab-9faf-5c8224161f86	tickets/qrcodes/BBGI20262_qrcode.png	520ab38c-ab0d-4e14-b349-9faeee2f8af0	03653c21-efff-40cc-ac6e-884f4fc28411	f	\N
f84ab494-96a4-42fc-944d-ff1b9beb9f74	2026-02-13 10:54:36.450343+00	2026-02-13 10:54:36.45035+00	Pat Anderson	pat.anderson@goldours.co.za	\N	1	7044573210	tickets/barcodes/BBGI20262.png	https://bbgi.co.za/ticket-types/verify/BBGI20262/f84ab494-96a4-42fc-944d-ff1b9beb9f74	tickets/qrcodes/BBGI20262_qrcode.png	520ab38c-ab0d-4e14-b349-9faeee2f8af0	03653c21-efff-40cc-ac6e-884f4fc28411	f	\N
8c6036d2-57d5-4711-9275-5e557c4c14b0	2026-02-13 10:54:36.450395+00	2026-02-13 10:54:36.450401+00	Inga Sitoto	inga.sitoto@goldours.co.za	\N	1	3855124569	tickets/barcodes/BBGI20262.png	https://bbgi.co.za/ticket-types/verify/BBGI20262/8c6036d2-57d5-4711-9275-5e557c4c14b0	tickets/qrcodes/BBGI20262_qrcode.png	520ab38c-ab0d-4e14-b349-9faeee2f8af0	03653c21-efff-40cc-ac6e-884f4fc28411	f	\N
\.


--
-- Data for Name: events_ticketordermodel; Type: TABLE DATA; Schema: public; Owner: thomas
--

COPY public.events_ticketordermodel (id, created, updated, payment_method_type, payment_method_card_holder, payment_method_masked_card, payment_method_scheme, payment_date, order_number, checkout_id, email, quantity, subtotal, total_price, total_transaction_costs, tip, accepted_laws, reservation_time, paid, tickets_pdf_file, buyer_id, event_id, receipt, client_address_one, client_address_two, client_city, client_country, client_email, client_first_name, client_last_name, client_phone, client_province, client_zipcode, discount, coupon_code, order_note) FROM stdin;
322725c0-fa16-436d-b751-330165a178ad	2024-09-25 08:36:27.278367+00	2024-09-25 08:38:11.533765+00	-	-	************0116	visa	2024-09-25T08:37:33.535471Z	BBGI202493	ch_dg1eZ5BOYqpuM9NHPy3sbBgB	sazi.ndwandwa@gmail.com	1	120.00	123.60	3.60	0.00	t	09:01:27.264977	PAID	tickets/pdf/BBGI20249_tickets_1PqOr7I.pdf	2	717eaa58-7419-4917-9484-b1a96225a062	tickets/invoice/BBGI202493_invoice_2ctc8eg.pdf	\N	\N	Cape Town	South Africa	sazi.ndwandwa@gmail.com	Sazi	Ndwandwa	0792131566	Western Cape	7441	0.00	BBGICP202496	\N
a8633f78-f25a-4d3c-8203-0341cfa5ec58	2024-11-26 17:53:29.779142+00	2024-11-26 18:00:48.156928+00	-	-	************9375	visa	2024-11-26T17:59:04.723524Z	BBGI20241119	ch_9Ee7lm3DBW8f42U3KNTr5YxD	nconco.phetheni@gmail.com	2	400.00	412.00	12.00	0.00	t	18:18:29.698252	PAID	tickets/pdf/BBGI20241118_tickets.pdf	62	1d2ee013-c950-418b-8203-372c0dc6d29e	tickets/invoice/BBGI20241119_invoice.pdf	\N	\N	\N	South Africa	nconco.phetheni@gmail.com	Phetheni	Nconco	0797110006	\N	\N	0.00	BBGICP20241141	
b9bcca9d-cbd8-4e77-81d4-bf532478212f	2024-11-27 09:56:54.428627+00	2024-11-27 09:57:03.397699+00	\N	\N	\N	\N	\N	BBGI20241118	\N	msizi.siyabulela@gmail.com	1	0.00	0.00	0.00	0.00	t	10:21:54.350116	PAID	tickets/pdf/BBGI20241118_tickets_y93WSAL.pdf	60	1d2ee013-c950-418b-8203-372c0dc6d29e		\N	\N	\N	South Africa	\N	\N	\N	\N	\N	\N	0.00	BBGICP20241143	\N
30ca9b21-1ae7-4cca-a3a9-6aa4b0717152	2024-11-27 11:35:21.496542+00	2024-11-27 11:35:29.79072+00	\N	\N	\N	\N	\N	BBGI20241121	\N	sinakonyombolo@outlook.com	2	0.00	0.00	0.00	0.00	t	12:00:21.42025	PAID	tickets/pdf/BBGI20241121_tickets.pdf	40	1d2ee013-c950-418b-8203-372c0dc6d29e		\N	\N	\N	South Africa	\N	\N	\N	\N	\N	\N	0.00	BBGICP20241146	\N
fd3e42ea-eeb8-4b11-baea-8f754b7731da	2024-11-06 15:07:19.314607+00	2024-11-07 01:23:13.471722+00	-	-	************0116	visa	2024-11-06T15:08:02.489614Z	BBGI2024111	ch_4LVK69wmDB3tBrZUb3zH2njE	sazi.ndwandwa@gmail.com	1	200.00	206.00	6.00	0.00	t	15:32:19.30112	PAID	tickets/pdf/BBGI202411_tickets_4dR8lKp.pdf	2	1d2ee013-c950-418b-8203-372c0dc6d29e	tickets/invoice/BBGI2024111_invoice.pdf	\N	\N	Cape Town	South Africa	sazi.ndwandwa@gmail.com	Sazi	Ndwandwa	0792131566	Western Cape	7441	0.00	BBGICP2024111	
8a027b12-cf7d-4440-955d-a96604931b46	2024-11-27 10:31:41.849284+00	2024-11-27 10:31:52.683851+00	\N	\N	\N	\N	\N	BBGI20241120	\N	snyombolo@gmail.com	1	0.00	0.00	0.00	0.00	t	10:56:41.770114	PAID	tickets/pdf/BBGI20241120_tickets.pdf	66	1d2ee013-c950-418b-8203-372c0dc6d29e		\N	\N	\N	South Africa	\N	\N	\N	\N	\N	\N	0.00	BBGICP20241145	\N
adf66d89-5d66-4034-b59d-b4b72685ed26	2024-11-26 12:18:20.79926+00	2024-11-26 12:18:44.225162+00	\N	\N	\N	\N	\N	BBGI20241110	\N	thozamile.nyiki@gmail.com	2	0.00	0.00	0.00	0.00	t	12:43:20.742049	PAID	tickets/pdf/BBGI20241110_tickets.pdf	39	1d2ee013-c950-418b-8203-372c0dc6d29e		\N	\N	\N	South Africa	\N	\N	\N	\N	\N	\N	0.00	BBGICP20241134	\N
6efe362e-bb39-4482-b9b0-c2ecaba66add	2024-11-27 11:39:46.729311+00	2024-11-27 11:42:25.766624+00	\N	\N	\N	\N	\N	BBGI20241122	ch_8EDJG7kJ8wOH50mFaGktMyrx	Salathiso@gmail.com	1	200.00	206.00	6.00	0.00	t	12:04:46.650063	PENDING	tickets/pdf/BBGI20241122_tickets.pdf	33	1d2ee013-c950-418b-8203-372c0dc6d29e		\N	\N	\N	South Africa	Salathiso@gmail.com	Salathiso	Ndwandwa	0671329096	\N	\N	0.00	BBGICP20241147	
26bf1364-3ef2-41b8-be01-7cfae78f04b8	2024-11-27 12:04:58.647467+00	2024-11-27 12:05:19.433878+00	\N	\N	\N	\N	\N	BBGI20241123	\N	nandiphalufuno.tuku@gmail.com	2	0.00	0.00	0.00	0.00	t	12:29:58.568263	PAID	tickets/pdf/BBGI20241123_tickets.pdf	67	1d2ee013-c950-418b-8203-372c0dc6d29e		\N	\N	\N	South Africa	\N	\N	\N	\N	\N	\N	0.00	BBGICP20241148	\N
93b1880d-e7b8-4ce6-a140-6e0a6a42a6a2	2024-11-22 03:25:18.51+00	2024-11-22 03:25:30.881253+00	\N	\N	\N	\N	\N	BBGI20241111	\N	asiphekwaikwai@gmail.com	2	0.00	0.00	0.00	0.00	t	03:50:18.459488	PAID	tickets/pdf/BBGI20241111_tickets.pdf	48	1d2ee013-c950-418b-8203-372c0dc6d29e		\N	\N	\N	South Africa	\N	\N	\N	\N	\N	\N	0.00	BBGICP20241129	\N
02d6f76d-1bd6-477a-9453-b6469844c1ff	2024-11-15 13:03:08.864441+00	2024-11-15 13:03:16.533004+00	\N	\N	\N	\N	\N	BBGI2024114	\N	xwayis@gmail.com	1	0.00	0.00	0.00	0.00	t	13:28:08.830614	PAID	tickets/pdf/BBGI2024114_tickets.pdf	42	1d2ee013-c950-418b-8203-372c0dc6d29e		\N	\N	\N	South Africa	\N	\N	\N	\N	\N	\N	0.00	BBGICP20241116	\N
51190392-b677-4d74-bb18-0a7875af5eba	2024-11-27 13:02:40.355932+00	2024-11-27 13:02:56.771808+00	\N	\N	\N	\N	\N	BBGI20241124	\N	Mtwalu@gmail.com	1	0.00	0.00	0.00	0.00	t	13:27:40.269875	PAID	tickets/pdf/BBGI20241124_tickets.pdf	68	1d2ee013-c950-418b-8203-372c0dc6d29e		\N	\N	\N	South Africa	\N	\N	\N	\N	\N	\N	0.00	BBGICP20241149	\N
77009e6a-5d02-42f3-9917-b0dc80062093	2024-11-14 12:59:15.518425+00	2024-11-14 12:59:42.085383+00	\N	\N	\N	\N	\N	BBGI202411	\N	patphetido@gmail.com	1	0.00	0.00	0.00	0.00	t	13:24:15.486883	PAID	tickets/pdf/BBGI202411_tickets.pdf	18	1d2ee013-c950-418b-8203-372c0dc6d29e		\N	\N	\N	South Africa	\N	\N	\N	\N	\N	\N	0.00	BBGICP20241113	\N
7dc552bc-d3db-4674-9e06-37ba2b219fa5	2024-11-14 12:59:18.567085+00	2024-11-14 12:59:42.463414+00	\N	\N	\N	\N	\N	BBGI2024112	\N	zinziswamandobe@gmail.com	1	0.00	0.00	0.00	0.00	t	13:24:18.530403	PAID	tickets/pdf/BBGI2024112_tickets_xbwHSzX.pdf	19	1d2ee013-c950-418b-8203-372c0dc6d29e		\N	\N	\N	South Africa	\N	\N	\N	\N	\N	\N	0.00	BBGICP20241114	\N
f383c853-ae8e-4d6c-8c4e-a1c357048984	2024-11-14 12:59:40.63554+00	2024-11-14 12:59:59.981192+00	\N	\N	\N	\N	\N	BBGI2024113	\N	ingastoto@gmail.com	1	0.00	0.00	0.00	0.00	t	13:24:40.583487	PAID	tickets/pdf/BBGI2024113_tickets.pdf	20	1d2ee013-c950-418b-8203-372c0dc6d29e		\N	\N	\N	South Africa	\N	\N	\N	\N	\N	\N	0.00	BBGICP20241115	\N
246acb84-5d2c-46dd-ba4c-5c3a137316ac	2024-11-24 18:25:39.404564+00	2024-11-24 18:28:07.489714+00	-	-	************8685	visa	2024-11-24T18:26:32.279389Z	BBGI2024118	ch_0Ll1BPpwnpVfWzvspRvfKmEV	zwainomandla@gmail.com	1	200.00	206.00	6.00	0.00	t	18:50:39.351745	PAID	tickets/pdf/BBGI2024117_tickets.pdf	17	1d2ee013-c950-418b-8203-372c0dc6d29e	tickets/invoice/BBGI2024118_invoice.pdf	\N	\N	\N	South Africa	zwainomandla@gmail.com	Mzwandile	Nomandla	0725502788	\N	\N	0.00	BBGICP20241131	
66c7a8ff-f95d-4303-82cf-c0a72f95a0fd	2024-11-26 04:02:45.427584+00	2024-11-26 04:03:02.961491+00	\N	\N	\N	\N	\N	BBGI2024117	\N	notukela@gmail.com	3	0.00	0.00	0.00	0.00	t	04:27:45.366756	PAID	tickets/pdf/BBGI2024117_tickets_mHLcKAQ.pdf	53	1d2ee013-c950-418b-8203-372c0dc6d29e		\N	\N	\N	South Africa	\N	\N	\N	\N	\N	\N	0.00	BBGICP20241132	\N
c0adfa8c-42db-49f0-a357-812da9461273	2024-11-21 10:26:07.19579+00	2024-11-21 10:26:43.449229+00	\N	\N	\N	\N	\N	BBGI2024116	\N	Lebohang15@icloud.com	2	0.00	0.00	0.00	0.00	t	10:51:07.161818	PAID	tickets/pdf/BBGI2024116_tickets.pdf	47	1d2ee013-c950-418b-8203-372c0dc6d29e		\N	\N	\N	South Africa	\N	\N	\N	\N	\N	\N	0.00	BBGICP20241118	\N
dd661daf-05a5-438d-9a4b-ab22003459b3	2024-11-26 05:18:26.010567+00	2024-11-26 05:18:36.685516+00	\N	\N	\N	\N	\N	BBGI2024119	\N	qotoyina@gmail.com	1	0.00	0.00	0.00	0.00	t	05:43:25.955937	PAID	tickets/pdf/BBGI2024119_tickets.pdf	54	1d2ee013-c950-418b-8203-372c0dc6d29e		\N	\N	\N	South Africa	\N	\N	\N	\N	\N	\N	0.00	BBGICP20241133	\N
617199dd-2aba-41eb-b798-83a065ed3f95	2024-11-26 13:31:41.758638+00	2024-11-26 13:31:57.70267+00	\N	\N	\N	\N	\N	BBGI20241112	\N	siwa.afikile@goldours.co.za	1	0.00	0.00	0.00	0.00	t	13:56:41.700487	PAID	tickets/pdf/BBGI20241112_tickets.pdf	59	1d2ee013-c950-418b-8203-372c0dc6d29e		\N	\N	\N	South Africa	\N	\N	\N	\N	\N	\N	0.00	BBGICP20241135	\N
0067cf93-6ee1-4b20-8c6a-955d669be86b	2024-11-26 13:33:00.780068+00	2024-11-26 13:33:09.338793+00	\N	\N	\N	\N	\N	BBGI20241113	\N	asive.sipondo@goldours.co.za	1	0.00	0.00	0.00	0.00	t	13:58:00.719321	PAID	tickets/pdf/BBGI20241113_tickets.pdf	56	1d2ee013-c950-418b-8203-372c0dc6d29e		\N	\N	\N	South Africa	\N	\N	\N	\N	\N	\N	0.00	BBGICP20241136	\N
f40eee04-ace1-44f4-ba78-fcdf6b0549ab	2024-11-26 13:42:34.529702+00	2024-11-26 13:42:40.739188+00	\N	\N	\N	\N	\N	BBGI20241114	\N	owonamadlingozi@gmail.com	1	0.00	0.00	0.00	0.00	t	14:07:34.468002	PAID	tickets/pdf/BBGI20241114_tickets.pdf	55	1d2ee013-c950-418b-8203-372c0dc6d29e		\N	\N	\N	South Africa	\N	\N	\N	\N	\N	\N	0.00	BBGICP20241137	\N
83f12bce-4b26-46e3-af4e-dfa0394eb18c	2024-11-26 16:59:08.926265+00	2024-11-26 16:59:34.529152+00	\N	\N	\N	\N	\N	BBGI20241115	\N	msizi.siyabulela@gmail.com	0	0.00	0.00	0.00	0.00	t	17:24:08.860267	PAID	tickets/pdf/BBGI20241115_tickets_gFE0shW.pdf	60	1d2ee013-c950-418b-8203-372c0dc6d29e		\N	\N	\N	South Africa	\N	\N	\N	\N	\N	\N	0.00	BBGICP20241139	\N
6b9320ee-d6f9-4d6a-b65c-6a1570fbbed4	2024-11-26 16:46:22.748317+00	2024-11-26 16:49:21.538614+00	-	-	************3555	mastercard	2024-11-26T16:47:17.776936Z	BBGI20241116	ch_ax4bXa0ZD08UwKUyqBfY91Ej	opulentrosley@gmail.com	1	200.00	206.00	6.00	0.00	t	17:11:22.681779	PAID	tickets/pdf/BBGI20241115_tickets.pdf	49	1d2ee013-c950-418b-8203-372c0dc6d29e	tickets/invoice/BBGI20241116_invoice.pdf	\N	\N	\N	South Africa	opulentrosley@gmail.com	Rosley	Sibanda	0663072594	\N	\N	0.00	BBGICP20241138	
28086732-5f65-4085-990c-f9e77f9369d6	2024-11-27 13:42:53.836124+00	2024-11-27 13:43:02.836787+00	\N	\N	\N	\N	\N	BBGI20241125	\N	aidan.liggett@gmail.com	2	0.00	0.00	0.00	0.00	t	14:07:53.750802	PAID	tickets/pdf/BBGI20241125_tickets.pdf	69	1d2ee013-c950-418b-8203-372c0dc6d29e		\N	\N	\N	South Africa	\N	\N	\N	\N	\N	\N	0.00	BBGICP20241150	\N
9751df41-8012-43ba-99c1-ec02a156535d	2025-02-26 15:23:08.716228+00	2025-02-28 15:54:21.247708+00	\N	\N	\N	\N	\N	BBGI2025210	ch_Kg7b9Y1742ySDKNIq0Uz5QEp	Salathiso@gmail.com	1	100.00	103.00	3.00	0.00	t	15:48:08.698979	PAID	tickets/pdf/BBGI202529_tickets.pdf	33	37eb4c3f-58c3-4845-9d42-8ec91dc7452e		\N	\N	\N	South Africa	Salathiso@gmail.com	Salathiso	Ndwandwa	0738903982	\N	\N	0.00	\N	
5b63d862-cc0e-4198-b4c3-d79d968b5d30	2025-03-19 08:15:24.096634+00	2025-03-19 08:15:52.715804+00	\N	\N	\N	\N	\N	BBGI20253	\N	kgaugeloh@gmail.com	1	0.00	0.00	0.00	0.00	t	08:40:24.083748	PAID	tickets/pdf/BBGI20253_tickets.pdf	29	94595c09-fcef-49af-ae64-43d0cb29929f		\N	\N	\N	South Africa	\N	\N	\N	\N	\N	\N	0.00	\N	\N
98b42d6f-3682-454f-8a0e-35594ee70e8d	2025-02-28 15:36:03.909629+00	2025-02-28 15:54:28.23687+00	\N	\N	\N	\N	\N	BBGI202529	ch_Kx6mKwzjAVnfAv6tQ1WirQPg	sazi.ndwandwa@gmail.com	4	400.00	412.00	12.00	0.00	t	16:01:03.864878	PAID	tickets/pdf/BBGI2025210_tickets.pdf	2	94595c09-fcef-49af-ae64-43d0cb29929f	tickets/invoice/BBGI2025211_invoice.pdf	\N	\N	Cape Town	South Africa	sazi.ndwandwa@gmail.com	Sazi	Ndwandwa	0792131566	\N	7441	0.00	\N	
cc5a61cd-3a0c-4b64-a2da-d67e3420c93f	2025-02-24 11:04:18.645886+00	2025-02-25 15:45:57.546398+00	\N	\N	\N	\N	\N	BBGI202527	ch_1gGJm8ybN8qirkhQ5khAGeED	sazi.ndwandwa@gmail.com	4	400.00	412.00	12.00	0.00	t	11:29:18.620156	PAID	tickets/pdf/BBGI202527_tickets.pdf	2	37eb4c3f-58c3-4845-9d42-8ec91dc7452e	tickets/invoice/BBGI202528_invoice_nw8ozsa.pdf	\N	\N	Cape Town	South Africa	sazi.ndwandwa@gmail.com	Sazi	Ndwandwa	0792131566	\N	7441	0.00	\N	
12921af1-bb96-494a-b0e3-04fd132bda0b	2025-02-17 23:43:53.456774+00	2025-02-25 15:46:44.931395+00	\N	\N	\N	\N	2025-02-17T23:45:59.718907Z	BBGI202528	ch_agJkmzYqGO7Iw1YsX2NFDNx2	chumaigh@gmail.com	1	100.00	103.00	3.00	0.00	t	00:08:53.444205	PAID	tickets/pdf/BBGI202524_tickets.pdf	79	37eb4c3f-58c3-4845-9d42-8ec91dc7452e	tickets/invoice/BBGI202525_invoice_dNxejIe.pdf	\N	\N	\N	South Africa	chumaigh@gmail.com	Chuma	Nombewu	0745177864	\N	\N	0.00	\N	
6df30300-bd7a-4e21-9972-31550a33fa9b	2025-02-13 17:14:44.473199+00	2025-02-25 15:47:27.567992+00	\N	\N	\N	\N	\N	BBGI202525	ch_DLzArj7aK19tJK9TbdZUnaxa	khethokuhlendimande98@gmail.com	1	100.00	103.00	3.00	0.00	t	17:39:44.460392	PAID	tickets/pdf/BBGI202521_tickets_XSLmSGB.pdf	77	37eb4c3f-58c3-4845-9d42-8ec91dc7452e	tickets/invoice/BBGI202521_invoice.pdf	25	Luxor park	CapeTown	South Africa	khethokuhlendimande98@gmail.com	Khethokuhle	Ndimande	0746507251	Western Cape	7800	0.00	\N	
c4d0bcd4-1225-4cff-9a1d-499648088d18	2025-02-09 13:55:15.620392+00	2025-02-25 15:48:09.272869+00	\N	\N	\N	\N	2025-02-09T14:01:52.228696Z	BBGI202521	ch_PEPbRqG0javhpGntX9jh9Jx2	victoria@kudusigma.com	1	210.00	216.30	6.30	0.00	t	14:20:15.612049	PAID	tickets/pdf/BBGI202521_tickets.pdf	76	37eb4c3f-58c3-4845-9d42-8ec91dc7452e	tickets/invoice/BBGI202522_invoice_FADwj2T.pdf	16A Caledon, Norkem Park,	House	Johannesburg	South Africa	victoria@kudusigma.com	Victoria	Machete	0837765296	Gauteng	15000	0.00	\N	
f4e65439-851c-4633-8d6f-3b5a54c43ef4	2025-02-26 09:20:18.65983+00	2025-02-26 14:33:22.438356+00	\N	\N	\N	\N	\N	BBGI202526	ch_JL2nK6pro8QCOoudpmF7JZLZ	mgbemenab@gmail.com	1	100.00	103.00	3.00	0.00	t	09:45:18.641442	PAID	tickets/pdf/BBGI202522_tickets.pdf	83	37eb4c3f-58c3-4845-9d42-8ec91dc7452e	tickets/invoice/BBGI202523_invoice.pdf	2 Ixia Street	Milpark, Milnerton	Cape Town	South Africa	mgbemenab@gmail.com	Busi	Mgbemena	0736769452	Western Cape	7741	0.00	\N	
1a7a5c3e-0dde-4db7-8621-a46c4297a4d1	2025-02-26 12:13:38.990215+00	2025-02-26 14:33:32.849545+00	\N	\N	\N	\N	\N	BBGI202523	ch_DLzArOp3Klriq2jH130FoNxa	magoro.thulane@gmail.com	2	200.00	206.00	6.00	0.00	t	12:38:38.976977	PAID	tickets/pdf/BBGI202524_tickets_a3p5ImC.pdf	78	37eb4c3f-58c3-4845-9d42-8ec91dc7452e	tickets/invoice/BBGI202522_invoice_d6Pgn1i.pdf	24 Newington Street	Parkland North	Cape town	South Africa	magoro.thulane@gmail.com	Thulane	Magoro	0828554077	South Africa	7441	0.00	\N	
740ea4e6-b9ca-4a63-96c5-cbcb076c41a6	2025-02-26 11:33:52.142646+00	2025-02-26 14:33:00.863633+00	\N	\N	\N	\N	\N	BBGI202524	ch_XEwO18eNrrmTyD4sXoRHAJjE	nkosi.ndwandwa@gmail.com	1	210.00	216.30	6.30	0.00	t	11:58:52.131224	PAID	tickets/pdf/BBGI202523_tickets.pdf	85	37eb4c3f-58c3-4845-9d42-8ec91dc7452e		\N	\N	\N	South Africa	nkosi.ndwandwa@gmail.com	Nkosi	Ndwandwa	0796586377	\N	\N	0.00	\N	
bd723afa-3c5d-48b0-ad75-4b1bcb23692a	2025-02-26 15:01:07.371727+00	2025-02-26 15:15:34.989126+00	\N	\N	\N	\N	\N	BBGI202522	ch_VgakR0A5o8Ytekmiy5VFMlwL	ltsotetsi4@gmail.com	1	210.00	216.30	6.30	0.00	t	15:26:07.358253	PAID	tickets/pdf/BBGI202522_tickets_4uhv1iV.pdf	87	37eb4c3f-58c3-4845-9d42-8ec91dc7452e	tickets/invoice/BBGI202529_invoice.pdf	24 Newington Street	\N	Cape Town	South Africa	ltsotetsi4@gmail.com	Lehlohonolo	Tsotetsi	0835332078	South Africa	7441	0.00	\N	
954d4261-9035-4b83-a326-35bbc5592c4d	2025-02-25 18:57:27.199928+00	2025-02-26 15:16:20.385259+00	\N	\N	\N	\N	\N	BBGI20252	ch_1gGJm8WwPXQiyqkF21cyyZED	xwayis@gmail.com	2	200.00	206.00	6.00	0.00	t	19:22:27.183952	PAID	tickets/pdf/BBGI20252_tickets.pdf	42	37eb4c3f-58c3-4845-9d42-8ec91dc7452e	tickets/invoice/BBGI202529_invoice_7RZqbRR.pdf	\N	\N	\N	South Africa	xwayis@gmail.com	Sonwabile	Xwayi	0823324843	\N	\N	0.00	\N	
e96d6152-4fae-4223-9cd4-aa7a9b234788	2026-02-26 11:24:39.281892+00	2026-02-26 11:25:01.391425+00	\N	\N	\N	\N	\N	BBGI202621	\N	mgbemenab@gmail.com	1	200.00	200.00	0.00	0.00	t	11:49:39.26342	NOT PAID	tickets/pdf/BBGI20262_tickets_gIZEcdC.pdf	83	ee429c8e-3824-4785-a891-20b322ee4e96		\N	\N	\N	South Africa	\N	\N	\N	\N	\N	\N	0.00	\N	\N
520ab38c-ab0d-4e14-b349-9faeee2f8af0	2026-02-13 10:54:36.440258+00	2026-02-13 10:58:00.095446+00	\N	\N	\N	\N	\N	BBGI202622	ch_DLzA0XP9ybDSpWNFNkujmjxa	info@goldours.co.za	4	800.00	800.00	0.00	0.00	t	11:19:36.429915	PENDING	tickets/pdf/BBGI20262_tickets_eGQKIvy.pdf	2	ee429c8e-3824-4785-a891-20b322ee4e96		\N	\N	Cape Town	South Africa	sazi.ndwandwa@gmail.com	Sazi	Ndwandwa	+27792131566	\N	7441	0.00	\N	
\.


--
-- Data for Name: listings_business; Type: TABLE DATA; Schema: public; Owner: thomas
--

COPY public.listings_business (province, phone, facebook, twitter, instagram, "linkedIn", id, created, updated, background_image, logo, title, slogan, slug, details, map_coordinates, website, email, bbbee_level, status, category_id, owner_id, is_completed, main_address, alternative_phone, hours_type, is_hours) FROM stdin;
gp	0662630188	\N	\N	\N	https://www.linkedin.com/in/loyiso-sixaba-54835911/	f7a2715c-10c0-4c3d-a453-a4ae829c9730	2025-08-10 13:21:48.177957+00	2025-08-26 18:38:29.582896+00			Nova Analytica and Consulting	Ignite Insight. Accelerate Opportunity.	nova-analytica-and-consulting	Nova Analytica & Consulting is a boutique advisory firm that brings star-powered clarity and innovation to organizations across the manufacturing and financial services sectors. Founded by Mr. Loyiso Sixaba, a finance leader with over 15 years of proven experience, Nova Analytica specializes in financial analysis, management consulting, and advanced business intelligence. Our mission is to empower executives and management teams to uncover actionable insights, unlock strategic value, and achieve brighter business futures.	-26.1667259,28.1518389	\N	sixabal@gmail.com	BEL1	APPROVED	c9cc596a-f618-4659-936e-3cb5bd0ab891	104	t	Riley Road, Germiston, GP, 2008, South Africa	\N	Open with main hours	t
wc	0658622202	\N	\N	\N	\N	be4f0d25-f2d4-4cbd-a274-b4f3d0348dc2	2024-09-20 17:05:15.763665+00	2025-10-06 07:28:44.869005+00	business/957f9a00d6794420a40c0b538e30fd61.jpg	business/dd7e707680dd4fd8979ae2e9ab2c43a3.jpg	Bespwoke Clothing Design	Think Smart	bespwoke-clothing-design	We help you make or customize clothes that fit your uniqueness.\r\n\r\nFormal, traditional, casual.\r\n\r\nWe make clothes from design or adjust what you already have.\r\n\r\nWe can come to you fir measurements and fittings.	\N	\N	sazanda@gmail.com	BEL1	APPROVED	012f8ad8-ea4a-4d21-9d9e-388b03a917fc	2	t	Century City Cape Town	\N	Open with main hours	t
wc	+27645295771	\N	\N	\N	\N	27476f73-508b-47c0-b436-86dd4051e754	2025-08-05 15:40:29.099778+00	2025-08-26 18:39:12.026939+00	business/c83645d3dfee4b3194e472d6ddd07312.png	business/a48b4a003327457c9f1512692d125475.png	Idinga	Your appointment with your destiny!	idinga	Idinga is a company that offers Business and Personal Coaching as well as Business Advice Services.	-33.7975788,18.5125794	\N	nsigqibo@gmail.com	BEL1	APPROVED	c9cc596a-f618-4659-936e-3cb5bd0ab891	102	t	Baobab Street, Cape Town, WC, , South Africa	+27793630856	Open with main hours	t
wc	+27679930891	https://www.facebook.com/trustkamuto	\N	\N	http://www.linkedin.com/in/trust-kamuto-07548b195	573a757b-2233-4885-9a3c-41965af5b4cb	2024-10-22 10:36:52.529334+00	2025-08-26 18:40:52.275916+00	business/258c0d6b18be4557b181a1f1f6312a60.jpg	business/8edf7777dcc94e739548267e90667b60.jpg	TSK International Photography	Excellence in design, printing & perfomance	tsk-international-photography	We provide Photography, graphic design, Video filming, Drone Footage	\N	\N	trustkamuto@gmail.com	BEL1	APPROVED	5036d526-1ed8-42e6-a1e8-08da460951d5	24	t	4 Harmonie Street, Hazendal	\N	Open with main hours	t
wc	0793239690	https://www.facebook.com/AviweBeingHeard?mibextid=ZbWKwL	\N	https://www.instagram.com/aviwe_being_heard?igsh=MWg1ZGEyeGwzZDFtZQ==	\N	6933ed46-acc8-4abf-936d-73af4100532c	2024-09-18 07:43:22.330747+00	2025-08-26 18:41:39.090583+00	business/feccdcb6d9974ff98e1048ab33570002.jpg	business/25342512a15c492e845ab1550b08319b.png	Aviwe band	\N	aviwe-band	We are an up and coming afro soul band who is obsessed with music and performance.	\N	https://www.instagram.com/aviwe_being_heard?igsh=MWg1ZGEyeGwzZDFtZQ==	aviwepanya@gmail.com	NOT	APPROVED	5036d526-1ed8-42e6-a1e8-08da460951d5	6	t	402 Mountbow Court, 24 Bower Road, Wynberg	\N	Open with main hours	t
wc	0646831340	https://www.facebook.com/revitalisingh2o	\N	https://www.instagram.com/revitalisingh2o	\N	b2bbb504-05a0-44de-bc2e-20448c0ab8bc	2024-10-22 12:24:28.636034+00	2025-10-06 07:28:44.906702+00	business/3fd4720760e64b9aaa66604494781090.jpg	business/4564972764654adfbcd7bd28e0f5afa0.jpg	Mamputa Holdings Pty	Place your order and we'll deliver, nomakanjani	mamputa-holdings-pty	Mamputa Holdings has a division that supplies with purified bottled water in the township and suburban areas, our aim is to deliver quality water for all consumers and promote a healthy lifestyle. We offer our service to individuals, businesses and companies.	\N	\N	lunga@mamputaholdings.co.za	BEL1	APPROVED	b35c3e66-2991-481d-8ebf-ee1815c5f0b4	26	t	Ny 115 no 23	\N	Open with main hours	t
wc	+27797925513	https://www.facebook.com/profile.php?id=61557560116010	\N	\N	\N	4d985c09-41fe-46fe-8d96-489f4102268f	2024-09-24 00:27:46.303793+00	2025-10-06 07:28:44.927302+00	business/13ebd96a8ea64545b0623623c63cb3df.png	business/168b23de47984714aadcf254be7f3bf5.png	Sako Electricians	Fast, reliable, easy	sako-electricians	SAKO ELECTRICIANS is a South African company based in Western Cape, Cape Town, offering expert electrical solutions. Our team of trained electricians takes pride in delivering exceptional workmanship and continuously pushes to exceed expectations. We specialize in new electrical installations, maintenance, power backup solutions, fault finding and fixing, consulting, rewiring, and reviews. Our commitment to excellence and reliability sets us apart.	-33.8917793,18.5151097	https://sakoelectricians.co.za	info@sakoelectricians.co.za	NOT	APPROVED	9e8f9ab4-a014-47c8-9e57-20e8321f05e5	1	t	Century City Drive, Cape Town, WC, 7441, South Africa	\N	Open with main hours	t
gp	0718332063	\N	\N	\N	\N	e1a9ba0b-1da9-42d6-b7ef-b3978f488497	2025-08-21 08:36:15.93728+00	2025-10-06 07:28:44.867003+00			Amatola clothing	\N	amatola-clothing	Amatola clothing is a store that operates on line via my Facebook page Monica Xuza , a wide variety of clothing sourced in china .	-26.6923819,27.799522	\N	\N	BEL3	APPROVED	012f8ad8-ea4a-4d21-9d9e-388b03a917fc	22	t	Jabavu Street, Vanderbijlpark, GP, 1911, South Africa	\N	Open with main hours	t
ec	+27 66 597 3683	\N	\N	\N	\N	7d5f8790-f2db-49fd-b010-862ea52d5a31	2025-08-14 07:44:25.52322+00	2025-10-06 07:28:44.895653+00	business/157c1c9a3bc1467c85a65fdb44f18d46.jpg	business/75ba24cc3ffe4f94826cd8b5eda0d37c.jpg	Kuhle Apha	\N	kuhle-apha	Lonwabo is the founder of Kuhle Apha and has been working in the advertising and communications industry for more than 8 years before venturing on her own. We offer proffesional designs, creativity and budget friendly solutions for all your graphic design needs. We also do portrait paintings and handmade jewellery.	-32.9286537,27.453987	\N	\N	BEL1	APPROVED	c9cc596a-f618-4659-936e-3cb5bd0ab891	25	t	, Phakamisa, EC, 5620, South Africa	\N	Open with main hours	t
wc	0835460042	\N	\N	\N	\N	401d35ad-c590-4174-bf02-a54f6270b3ac	2025-08-21 08:40:24.458074+00	2025-10-06 07:28:44.903002+00			Lothiliwa investments	\N	lothiliwa-investments	We operate as street vendor selling our clothing as well on line as Miranda Mtati	\N	\N	\N	BEL1	APPROVED	012f8ad8-ea4a-4d21-9d9e-388b03a917fc	22	t	Site C , Khayelitsha	\N	Open with main hours	t
wc	0608643737	\N	\N	\N	\N	1067150c-3bc3-4648-9bb1-77abd085166a	2025-08-19 21:33:26.09048+00	2025-10-06 07:28:44.862695+00			Abadala	\N	abadala	Abadala is a business that focuses on various types of business opportunities and investments . From entertainment, Program directing & a wide variety of investments.	-34.0220775,18.7358961	\N	zolisam29@gmail.com	BEL1	APPROVED	c9cc596a-f618-4659-936e-3cb5bd0ab891	22	t	Beverly Street, Cape Town, WC, 7100, South Africa	\N	Open with main hours	t
wc	0635936665	\N	\N	\N	\N	48445bd2-1ed0-4fee-99d2-d257fcc85b5c	2025-08-21 08:03:56.088519+00	2025-10-06 07:28:44.873413+00			Chulus retail store	\N	chulus-retail-store	Chulus retail store offers wide range of brands sourced internationally	\N	\N	\N	BEL1	APPROVED	012f8ad8-ea4a-4d21-9d9e-388b03a917fc	22	t	Site C, Khayelitsha	\N	Open with main hours	f
gp	0662412015	\N	\N	\N	\N	c0b15a49-c311-4513-b89e-9d448b7af649	2025-08-20 15:21:36.152003+00	2025-10-06 07:28:44.890482+00			KMH Consulting	\N	kmh-consulting	Marketing Management and Consultation.	-26.2362921,27.8233878	\N	kgaugeloh@gmail.com	BEL1	APPROVED	c9cc596a-f618-4659-936e-3cb5bd0ab891	29	t	Kalamotho Street, Soweto, GP, 1863, South Africa	\N	Open with main hours	t
wc	0719228880	\N	\N	\N	\N	d1db81a7-7820-4dae-8ea2-d1818383fee3	2025-08-21 08:22:13.969642+00	2025-10-06 07:28:44.908452+00			Maxoli Spaza shop	\N	maxoli-spaza-shop	We are a Spaza shop situated in Site C Khayelitsha with keen interest in growing our shop to a super market .	\N	\N	\N	BEL1	APPROVED	b35c3e66-2991-481d-8ebf-ee1815c5f0b4	22	t	Nolungile street , Site C , Khayelitsha	\N	Open with main hours	t
wc	0685542969	\N	\N	\N	\N	cb58a2f1-c74a-4224-ace9-b52b9343e974	2025-08-21 08:11:17.134659+00	2025-10-06 07:28:44.91219+00			Mrhari Enterprise	\N	mrhari-enterprise	Mrhari Enterprise operates in the construction space , from home renovations to roads construction. We are small business with big future plans .	-34.046231,18.667704	\N	\N	BEL1	APPROVED	1d4bcafc-fad9-4ab5-9dd3-2cf3f19ec4cf	22	t	Ntlazane Road, Cape Town, WC, 7784, South Africa	\N	Open with main hours	t
wc	0787716822	\N	\N	\N	\N	c806d354-01d4-4406-9422-fc74c995cf6f	2025-08-21 08:27:46.503584+00	2025-10-06 07:28:44.931125+00			Sisco Spaza shop	\N	sisco-spaza-shop	Spaza shop situated in Khayelitsha	\N	\N	\N	BEL2	APPROVED	b35c3e66-2991-481d-8ebf-ee1815c5f0b4	22	t	Racaza street , Khayelitsha	\N	Open with main hours	t
wc	0733195569	\N	\N	\N	\N	704cc773-1e93-4159-8c35-535bad3ace5e	2025-08-21 10:56:06.624884+00	2025-10-06 07:28:44.875416+00	business/72a5581177b24dcd80bd5f3d3b82bc7c.jpg	business/0a25c55604514cf3ba4c37388a931137.jpg	Cook with Mantu	Food is godly	cook-with-mantu	Catering is our God given gift. \r\nWe cater the best food in Cape Town. We deliver on time . Professionallity is our second name . Please contact us you won't be disappointed.	\N	\N	yolandamahodi686@gmail.com	BEL1	APPROVED	b35c3e66-2991-481d-8ebf-ee1815c5f0b4	22	t	E114 Jordan street Khayelitsha	\N	Open with main hours	t
wc	0215259188	\N	\N	\N	\N	4e41552b-fa41-4956-b1df-81ea86dc86f8	2024-08-06 20:55:59.104606+00	2025-08-26 18:40:04.473569+00	business/a68dfefb05ee4d9489fbd8ed37150c27.png	business/bcc8dcbd988a43cf82d195eee1016857.jpg	GoldOurs Organisational Growth Consultants	Partnering to unearth your optimal value	goldours-organisational-growth-consultants	<p>We help organisations to grow through&nbsp;</p>\r\n<p>&nbsp;</p>\r\n<p>1. Governance and leadership</p>\r\n<p>a) Strategy Facilitation</p>\r\n<p>b) Risk Management&nbsp;</p>\r\n<p>c) Organisational Performance Management&nbsp;</p>\r\n<p>d) Board Induction and Training</p>\r\n<p>e) Board Evaluations</p>\r\n<p>f) Board Secretarial Services</p>\r\n<p>&nbsp;</p>\r\n<p>2. Talent and leadership development&nbsp;</p>\r\n<p>a) Leadership Coaching</p>\r\n<p>b) Professional Skills Training&nbsp;</p>\r\n<p>c) Accredited Training Courses&nbsp;</p>\r\n<p>d) Succession Planning</p>\r\n<p>e) B-BBEE Consulting&nbsp;</p>\r\n<p>&nbsp;</p>\r\n<p>3. Tax, Accounting, and Assurance</p>\r\n<p>a) Accounting Services</p>\r\n<p>b) Tax Services</p>\r\n<p>c) Assurance Services</p>\r\n<p>i) Internal Audit&nbsp;</p>\r\n<p>ii) External Audit</p>\r\n<p>iii) Financial Statements Reviews</p>\r\n<p>d) Systems Review and design</p>\r\n<p>e)&nbsp; Systems Training</p>	\N	https://www.goldours.co.za	info@goldours.co.za	BEL1	APPROVED	300ddcb3-0f08-4164-b8e8-d76bcb165454	2	t	19 Edison Way, Millenium Business Park, Unit 108, Century City, Cape Town, Western Cape, South Africa	\N	Open with main hours	t
wc	0825533599	\N	\N	\N	\N	24b4dc4f-093e-45a2-a387-326dc2258ccd	2025-09-02 08:51:50.26826+00	2025-10-06 07:28:44.879926+00	business/ed93a27e58184ed2b26d4914ea36090c.jpg	business/733a9e78cdc246d48da542d958b89f95.jpg	Fifty On Gugs Tshisanyama	The Best Tshisanyama In Town	fifty-on-gugs-tshisanyama	The best Tshisanyama situated in Gugulethu\r\nBest soft succulent meat\r\nbest entertainment\r\ncatering \r\ndelivery of meat\r\nevents	-33.994693,18.567605	\N	\N	BEL1	APPROVED	98f7b8ff-bd36-4fbb-9c43-bd6330b3583c	113	t	Ny 50, Cape Town, WC, 7750, South Africa	0216338178	Open with main hours	t
ec	0430650958	\N	\N	\N	\N	9457425a-cc08-407b-91d1-6330e0e66cb4	2025-08-30 08:26:49.496775+00	2025-10-06 07:28:44.917931+00	business/c5d51624faad43108c1f67232881ed8d.png	business/1258d6a3d27b4f14a55cf459239df1f2.png	One-Vision Academy	One-vision-academy	one-vision-academy	Accredited skills development and training educational institution	-33.0047628,27.9059859	https://onevision-academy.co.za/	siya@onevision-academy.co.za	BEL1	APPROVED	c9cc596a-f618-4659-936e-3cb5bd0ab891	114	t	Graham Road, East London, EC, 5213, South Africa	0835637497	Open with main hours	t
wc	0813424148	\N	\N	\N	\N	ec015d28-f9af-450b-9477-6739f450eaff	2025-09-05 11:56:08.645556+00	2025-10-06 07:28:44.88276+00	business/3016e8716e2245dc921f0578d144079b.jpg	business/7b460346c9c74a2fbe5a4d56f7fff817.jpg	ISIPHO DECOR AND CATERING	Best taste	isipho-decor-and-catering	Our chef ensures seamless execution, from menu planning to presentation, so you can enjoy a stress-free and memorable event. With fresh ingredients, creative dishes, and impeccable service, we bring culinary excellence to every occasion.\r\n\r\nOur team is dedicated to bringing your vision to life. Our unique, high-quality decorations will perfectly match the theme and style of your event. In addition to our décor services, we offer a variety of events furniture for hire. We ensure …	-34.0295975,18.6726325	\N	bathande12@gmail.com	BEL1	APPROVED	5036d526-1ed8-42e6-a1e8-08da460951d5	115	t	Nokwazi Square, Cape Town, WC, 7784, South Africa	0685726470	Open with main hours	t
	0825533599	\N	\N	\N	\N	b520e025-6f86-471c-906e-c6eba8183f2b	2025-09-02 08:38:31.461528+00	2025-10-06 07:28:58.098362+00	business/fff9fbaafa5c46ae895e953fc7815745.png		PROMOTONE	QUALITY ALL THE TIME	promotone	Above and below the line marketing, specializes \r\nCorporate clothing and Gifting.\r\nBillboards \r\nPoint of Sales	-33.8159677,18.498378	\N	sindile@promotone.co.za	BEL1	APPROVED	012f8ad8-ea4a-4d21-9d9e-388b03a917fc	113	t	Parklands Main Road, Cape Town, WC, , South Africa	0215577725	Open with main hours	t
wc	0670117019	\N	\N	\N	\N	d50bf3f9-1f86-4993-9115-847d6e20258d	2025-09-05 21:05:23.6787+00	2025-10-06 07:28:44.900667+00			Littys enterprise	\N	littys-enterprise	We are an online store that sells weave. IPhone, laptops & furniture	\N	\N	nolithamtati@gmail.com	BEL1	APPROVED	c9cc596a-f618-4659-936e-3cb5bd0ab891	22	t	Solaris crest , rhonda way , Eeste Rivier, Cape Town	\N	Open with main hours	t
	0813424148	\N	\N	\N	\N	2452e10c-5609-4750-9d63-dbf0fe6c7cce	2025-09-05 10:36:52.264519+00	2025-10-06 07:30:37.022528+00	business/58e35e25a3df444ca882b2f6f69d3f70.jpg	business/4ede45c5e99c445593249967a90ef368.jpg	SAHLUKO FUNERAL SERVICES	WE W,LL TAKE CARE OF THE REST	sahluko-funeral-services	Funeral homes arrange services in accordance with the wishes of surviving friends and family, whether immediate next of kin or an executor so named in a legal will. The funeral home often takes care of the necessary paperwork, permits, and other details, such as making arrangements with the cemetery, and providing obituaries to the news media. Its pews do not feature racks behind them like in synagogues and churches. The funeral business has a history that dates to the age of the Egyptians who mastered the science of preservation. In recent years many funeral homes have started posting obituaries online and use materials submitted by families to create memorial websites	-34.0295975,18.6726325	\N	bathande12@gmail.com	BEL1	APPROVED	ed758709-d94f-4d61-8341-0ebbb42cc265	115	t	Nokwazi Square, Cape Town, WC, 7784, South Africa	0685726470	Open with main hours	t
wc	0660214387	\N	\N	\N	\N	d3134636-cf34-47b9-8be6-79b05a736322	2025-08-20 12:25:49.356592+00	2025-10-06 07:28:44.921498+00		business/a27a4006481b4d60b050ca7db62e49be.jpg	QualiSphere	Perfect Solution to World Class Quality Standards	qualisphere	QUALISPHERE Consulting is a global quality and operations consultancy that supports manufacturers, suppliers, and product-based businesses in implementing world-class **Quality Management Systems**, enhancing **production efficiencies**, and driving **sustainable innovation**.\r\n \r\nWe specialize in factory setups, quality standards development, audits, and operational excellence frameworks—helping you build scalable, compliant, and future-fit businesses.	-33.91771,18.42692	\N	qualisphere@outlook.com	BEL1	APPROVED	012f8ad8-ea4a-4d21-9d9e-388b03a917fc	111	t	Heerengracht Street, Cape Town, WC, 8000, South Africa	0632778238	Open with main hours	t
ec	0820754757	\N	\N	\N	\N	7dc0df5e-bc5b-4347-8253-7eb3661f2e92	2025-08-21 09:29:05.745192+00	2025-10-06 07:28:44.923349+00	business/d3cf005ac9ac42a98eeaa50b46670c3b.jpg		Reliable cleaning services	\N	reliable-cleaning-services	Cleaning services based in EL for all your home, car & office spaces , we also do after event clean up .	\N	\N	abongile.ntozakhe@gmail.com	BEL1	APPROVED	0c07b980-2257-4aec-88e8-709fd1bdf07f	22	t	East london	\N	Open with main hours	t
wc	0825533599	\N	\N	\N	\N	cfec3c9d-a3ab-42e6-9166-a87c1963f007	2025-09-02 08:25:41.365281+00	2025-10-06 07:28:44.929116+00	business/42b696ee52cc4332a30408056a704257.jpg		Sinbad Wines	Fruity and soft to the end	sinbad-wines	Sinbad wines with two BLENDS ,a SINBAD SAUVIGNON BLANC AND SINBAD SHIRAZ	-33.8159677,18.498378	\N	sindile.kama@gmail.com	BEL1	APPROVED	5036d526-1ed8-42e6-a1e8-08da460951d5	113	t	Parklands Main Road, Cape Town, WC, , South Africa	0215577725	Open with main hours	t
wc	0786482812	\N	\N	\N	\N	4f0a4fed-f6af-48fd-ae69-d4e71eb25575	2025-08-21 10:43:22.912491+00	2025-10-06 07:28:44.933031+00	business/43a74224915e4f9eb0be91169eef304e.png		Site C business forum	\N	site-c-business-forum	We are a forum that looks after small businesses in Site C , we make sure they are compliant, trained to run admin & finances as well getting them registered.	\N	\N	\N	BEL1	APPROVED	300ddcb3-0f08-4164-b8e8-d76bcb165454	22	t	Blue hall, white house, site C , Khayelitsha	\N	Open with main hours	t
wc	0786285491	\N	\N	\N	\N	559c9ff5-7ea4-4fff-a25c-7c9cf148f0b5	2025-08-21 10:33:01.808126+00	2025-10-06 07:28:44.93519+00	business/7f36857c0c594dd6af5ff5e743f36e0f.jpg		Thamica beauty & wellness	\N	thamica-beauty-wellness	Beauty is our way of giving to the world & we make sure that we do a damn good good job at it.	\N	\N	\N	BEL3	APPROVED	a7f0657b-1b36-4d34-a5b7-86f72799245a	22	t	Cape Town	0813302871	Open with main hours	t
wc	0210125598	\N	\N	\N	\N	be30c868-3be4-4a17-9047-a85b639d6c53	2025-08-14 08:07:53.154259+00	2025-10-06 07:28:44.85618+00	business/96158ef650e843a7930c5fb4f8a4fd8d.jpg	business/29049a524b2541db86efe31afe2be54b.jpg	AFRICAN XPLORA	Curating Experiences & Lasting Memories Across Africa. Tour Operator.	african-xplora	African Xplora is the trusted curator of extraordinary journeys, specialising in crafting exceptional travel experiences across Southern and East Africa, with headquarters in South Africa. Combining intimate local knowledge with global expertise, our dedicated team of international travel planning specialists craft bespoke adventures that blend luxury with authenticity, showcasing the very best travel experiences across the African continent.\r\n\r\nWe offer end-to-end travel planning, taking care of every detail of your trip, including booking accommodation, transfers, tours, events and activities so that you can relax and immerse yourself fully in your travel experience. From private honeymoon safaris to large-group tours and celebrations, we orchestrate every detail of your journey with precision and care, offering around-the-clock support, to bring your bucket list travel dreams into reality.\r\n\r\nToday, African Xplora is a premier tour operator, offering curated travel experiences across Africa. With a team dedicated to showcasing the continent’s most breathtaking destinations, we continue to deliver exceptional service to clients worldwide. Quinton’s unwavering passion for adventure and professionalism is woven into every experience we offer, making African Xplora a trusted partner in planning the journey of a lifetime.\r\n\r\nTRANSPORTATION - ACCOMMODATIONS - ACTIVITIES - TOURS - EVENTS\r\nA one stop shop for all things travel & tourism within Southern & East Africa.	-33.8595943,18.5057828	https://www.africanxplora.com	office@africanxplora.com	BEL5	APPROVED	a50cd364-2852-469d-91fa-212255813489	110	t	Pebble Crescent, Cape Town, WC, 7441, South Africa	0818104417	Open with main hours	t
	0634076116	\N	\N	\N	\N	948b0722-747e-4de6-9d69-47b465787da6	2025-09-16 16:08:04.94224+00	2025-10-06 07:28:44.864863+00	business/ce2f00dadc154236a6c6d7540d340c89.png	business/81aa93330a4041f99feb62cc5c54e65c.png	Alakhe Group Holdings	Reliable, Quality Cleaning Services Tailored to You	alakhe-group-holdings	Alakhe Group Holdings was founded by a driven Black female entrepreneur with a vision to provide reliable, high-quality cleaning services across South Africa while creating meaningful employment opportunities. Recognizing a gap in the market for trustworthy and accessible cleaning solutions, the company was established to meet both client needs and empower local talent.\r\n\r\nWe believe in lasting partnerships built on trust, respect, and consistent quality. As a B-BBEE Level 1 contributor, we actively drive South Africa’s economic transformation by empowering skilled cleaners and creating pathways for sustainable growth.\r\n\r\nThe journey continues with a focus on continuous improvement, client satisfaction and making a positive difference through practical, community-driven solutions.	-25.950259,28.1047217	https://alakhegroup.co.za	info@alakhegroup.co.za	BEL1	APPROVED	0c07b980-2257-4aec-88e8-709fd1bdf07f	116	t	Mozart Lane, Midrand, GP, 1687, South Africa	\N	Open with main hours	t
gp	0212345678	\N	\N	\N	\N	f967e7aa-9c8c-46ce-afb0-7a71d978353d	2025-08-11 16:13:27.451862+00	2025-10-06 07:28:44.87112+00	business/76fd2fd467ab4573b2f8b5d8cc84e5a2.jpg	business/8e0944c786b7475095c5b51de068bc9b.jpg	Changing Your Business Through Theatre	CYBTT	changing-your-business-through-theatre	Our approach is unique—combining theatrical techniques with practical skill-building to boost confidence, communication, and storytelling. We create immersive learning experiences that resonate deeply and leave a lasting impact. Through our workshops, your team will learn to communicate effectively and express themselves with the clarity and confidence of a performer stepping onto the stage. \r\ncontact us for more information.\r\nwww.cybtt.co.za	-26.08852,28.00092	\N	info@cybtt.co.za	BEL1	APPROVED	300ddcb3-0f08-4164-b8e8-d76bcb165454	46	t	Kent Avenue, Randburg, GP, 2194, South Africa	\N	Open with main hours	t
ec	+27798897926	\N	\N	\N	\N	dfcc48b4-a9c4-4f33-8a9e-1502ac008ddc	2025-08-14 06:04:23.011339+00	2025-10-06 07:28:44.885411+00			Imijelo Consulting	PREMIER INSURANCE SOLUTIONS FOR THE CONSTRUCTION INDUSTRY. CREATE. PROTECT. GROW WEALTH	imijelo-consulting	We specialize in focused, client-centric insurance broking and risk advice for:\r\n\r\nPrivate Individuals: Offering comprehensive motor and household insurance.\r\nSMMEs and Owners: Providing tailored commercial insurance solutions.\r\nPublic Sector and Parastatals: Delivering specialized risk management and insurance programs.\r\nOur headquarters is based in East London and a presence in Cape Town, Johannesburg, and Port Elizabeth, we serve clients throughout South Africa.	-33.0179918,27.9184823	https://imijeloconsulting.com	luvotutani@imijeloconsulting.com	BEL1	APPROVED	ed758709-d94f-4d61-8341-0ebbb42cc265	108	t	Rees Street, East London, EC, 5201, South Africa	\N	Open with main hours	t
wc	0738147772	\N	\N	\N	\N	5a1e8e63-ddcd-4932-aafc-710499071653	2025-08-21 10:20:48.155067+00	2025-10-06 07:28:44.887978+00	business/3d5bf08bba094ee4b95a96e169ea3ab4.jpg		Isibaya funeral services	\N	isibaya-funeral-services	We pride ourselves by providing dignified funerals	\N	http://www.isibayafunerals.co.za	info@isibayafunerals.co.za	BEL6	APPROVED	0c07b980-2257-4aec-88e8-709fd1bdf07f	22	t	Cape Town	0619966175	Open with main hours	t
wc	0211234567	\N	\N	\N	\N	92add19b-c920-4133-8c9e-f0c39e0255ed	2025-08-21 08:18:25.552345+00	2025-10-06 07:28:44.893071+00	business/f3f0ae77841f41de8cd89d891b917bc8.jpg	business/e7d12da04d374d52a5ac93fbfde1e58a.jpg	Kuboo events & manufacturing	\N	kuboo-events-manufacturing	Kuboo does uniform for kids at schools, design & embroid logos on an material of clothing , located at SiteC Plaza in Khayelitsha, we make sure we deliver quality and on time	\N	\N	\N	BEL3	APPROVED	012f8ad8-ea4a-4d21-9d9e-388b03a917fc	22	t	Site C Plaza, Khayelitsha	\N	Open with main hours	t
wc	0712496096	\N	\N	\N	\N	dd94c58e-1c2a-4ec9-9298-37ddae733bfc	2025-08-21 12:21:05.045808+00	2025-10-06 07:28:44.89811+00	business/7918cb46b76f4a6591379c248303e50f.jpg	business/203ec8fc14b046cdb81cc6ff9e2650e9.jpg	Lash Events	Deco & design	lash-events	We do deco for all types of events no matter how big the event is we are capable .	\N	\N	\N	BEL4	APPROVED	5036d526-1ed8-42e6-a1e8-08da460951d5	22	t	N170 Hangana road, Nyanga East, 7755	\N	('Open with No main hours', 'Open with No main hours')	f
wc	0788666544	\N	\N	\N	\N	2d301ea5-6d19-4813-a941-8212da6bf208	2025-08-21 13:26:34.129902+00	2025-10-06 07:28:44.904767+00	business/9e3601b4f8b543309de74c53d489f112.jpg	business/982fc60f407748f3816ecb0543938ec5.jpg	Madiba smoothflow & renovations	\N	madiba-smoothflow-renovations	We do plastering, paving, walls , buildings, as well as all renovations at homes.	\N	\N	fungilethulani@gmail.com	BEL1	APPROVED	1d4bcafc-fad9-4ab5-9dd3-2cf3f19ec4cf	22	t	Harare , Khayelitsha	\N	Open with main hours	f
gp	0824466774	\N	\N	\N	\N	2c0d743f-632a-40ff-97df-295f20cd23ee	2025-08-21 09:34:16.285761+00	2025-10-06 07:28:44.910354+00	business/30b2d6a5de714996bfdaef075470f0d7.jpg		Mfubesi projects (pty) ltd	\N	mfubesi-projects-pty-ltd	Mfubesi projects operates in the project management space . \r\nFields: \r\nConstruction \r\nFinance\r\nBusiness\r\nMany other	-26.0814858,28.061857	\N	info@mfubesi.co.za	BEL1	APPROVED	c9cc596a-f618-4659-936e-3cb5bd0ab891	22	t	Rivonia Road, Sandton, GP, , South Africa	\N	Open with main hours	t
wc	0734118290	\N	\N	\N	\N	63c8c0ab-0eeb-4cce-8980-a7b0d945ca0f	2025-08-21 13:47:30.975715+00	2025-10-06 07:28:44.914151+00	business/82dc6a398c6b43668234d0e00616620b.jpg		NLOS Projects	\N	nlos-projects	We do catering for any type of gathering, pls contact us . You won't regret . Thank you	\N	\N	\N	BEL1	APPROVED	b35c3e66-2991-481d-8ebf-ee1815c5f0b4	22	t	Site C plaza, Khayelitsha	\N	Open with main hours	t
wc	0834852436	\N	\N	\N	\N	db351bf5-b99e-4d8c-8726-9db450c83988	2025-08-21 12:13:12.707499+00	2025-10-06 07:28:44.915977+00	business/2769cffc73894eb1a12920fa135be71f.jpg	business/0ee0a99879a54e14916a1fe0f0a3824c.jpg	On point finances	\N	on-point-finances	We offer short term loans, to sort out those small unexpected issues that come up . Pls call us for a more detailed assistance	\N	\N	admin@onpoinyfin.co.za	BEL4	APPROVED	ed758709-d94f-4d61-8341-0ebbb42cc265	22	t	Office 1 thusong center, mthwazi Street, Zwelethemba	0671038800	Open with main hours	f
kzn	0663409363	\N	\N	\N	\N	84ea22c3-a4ec-44c2-b91b-db147506d2cc	2025-08-13 11:51:31.078305+00	2025-10-06 07:28:44.93711+00	business/d85a61906b6a492fb14220a7ce19a636.png	business/c9381e07d8a54d1fadd35fd98248e264.png	WeDoDev.	Designing limitless possibilities	wedodev	WeDoDev. is a professional web development agency specializing in static websites, web applications, website maintenance, and graphic design. With over four years of experience, we use the latest technologies to deliver high-quality, customized digital solutions. Our team is dedicated to exceeding client expectations by providing reliable, innovative, and user-friendly web solutions. Whether you need a website, branding, or SEO consultation, WeDoDev. is here to help you grow your online presence.	-29.7531327,30.9899542	https://wedodev.co.za	wedodevs@gmail.com	BEL1	APPROVED	9e8f9ab4-a014-47c8-9e57-20e8321f05e5	1	t	Ububane Road, KwaMashu, KZN, 4051, South Africa	\N	Open Online 24 hours	f
wc	0786482812	\N	\N	\N	\N	ff843585-d7fb-43c9-8de7-7d08dfb78405	2025-08-21 11:30:50.639851+00	2025-10-06 07:28:44.939065+00	business/ad860c152d514d7b8b8202bf18e355b3.jpg		Yalwa Holdings	\N	yalwa-holdings	Yalwa holdings is a project management firm which has participated and won tenders from different spaces and was able to complete at record time. We also do a lot of philanthropic work in our community.	\N	\N	mziwoxolo.mbulu@gmail.com	BEL1	APPROVED	c9cc596a-f618-4659-936e-3cb5bd0ab891	22	t	Njongo street, site C , Khayelitsha	\N	Open with main hours	t
wc	0614943736	\N	\N	\N	\N	66b5505f-866c-4965-89fb-d97164801862	2025-08-21 11:14:56.498409+00	2025-10-06 07:28:44.940855+00	business/8676328819504f6f9023dbe8e5a1904e.jpg		Zonke world fridge & flush services	\N	zonke-world-fridge-flush-services	Welcome to Zonkeworld fridge and flush Rental Services🌏 .we hire out mobile toilets and mobile fridges for all your event needs. we also offer B&B accommodation in khayelitsha,kindly let us know how  we can assist you?	-34.0411366,18.6814441	\N	\N	BEL1	APPROVED	c9cc596a-f618-4659-936e-3cb5bd0ab891	22	t	Gwebu Street, Cape Town, WC, 7784, South Africa	\N	Open with main hours	f
wc	+27813424148	\N	\N	\N	\N	fc0946f3-b5c7-4ca3-af86-d03d19e2b9b1	2025-09-05 09:43:55.563179+00	2025-10-06 07:28:44.942889+00	business/4ded708e96df4a93b44afeecf144e61c.jpg	business/914c698691d54609b68d8e66f62f89f4.jpg	sahluko funeral service	We will take care of the rest	sahluko-funeral-service	Funeral Services and undertaker	-34.0296511,18.6728374	\N	bathande12@gmail.com	BEL1	APPROVED	ed758709-d94f-4d61-8341-0ebbb42cc265	115	t	Nokwazi Square, Cape Town, WC, 7784, South Africa	+27 68 572 6470	Open with main hours	t
	084 404 4601	\N	\N	\N	\N	746f2944-3353-4a78-bebe-428b1b478c76	2025-10-27 06:08:46.637917+00	2025-11-01 23:09:57.65309+00	business/1cfd7810c52d44afb4b958665b4e7e70.png	business/cd8dedafef23418aa31da4bec6d650c6.png	LuboMortgage Solutions	Nationwide Home Loan & Bond Origination Experts	lubomortgage-solutions	LuboMortgage Solutions is a trusted nationwide bond origination company helping South Africans secure home loans with ease.\r\nWe guide first-time buyers, property investors, and developers through the entire home loan process — from pre-approval to registration.\r\n\r\nAs an independent originator partnered with Evo Homeloans, we work with all major banks including ABSA, FNB, Nedbank, Standard Bank, and OOBA to negotiate the best interest rates and terms for our clients.\r\n\r\nOur Services Include:\r\n✅ Nationwide bond origination\r\n✅ Pre-approval and affordability checks\r\n✅ First-time homebuyer support\r\n✅ Property investment financing\r\n✅ Document and application assistance\r\n\r\nProperty Listing Platform:\r\nLuboMortgage Solutions also provides an integrated listing platform designed for estate agents, property agencies, private sellers, landlords, property developers, and attorneys.\r\nThis platform helps professionals gain more exposure, showcase their listings nationwide, and connect directly with our pool of pre-approved home loan clients, making the property transaction process seamless and efficient.\r\n\r\nWherever you are — Cape Town, Johannesburg, Durban, or anywhere in South Africa — LuboMortgage Solutions makes the bond application and property marketing process simple, transparent, and stress-free.	\N	https://www.lubomortgage.co.za	sam@lubomortgage.co.za	BEL1	APPROVED	ed758709-d94f-4d61-8341-0ebbb42cc265	121	t	Boksburg, South Africa	\N	Open with main hours	t
kzn	0722356557	\N	\N	\N	\N	002ec8f3-4e3a-4a2d-999e-9adda9de8c62	2025-11-24 22:39:03.22237+00	2025-12-01 00:32:37.243738+00		business/48693c91366841b9b8e0fa2b107e35f5.jpeg	YamboN Consultants	\N	yambon-consultants	We specialise in Project Management services, Contract Management, mentoring and CPG Management within the Built Environment. We also provide technical advisory services where required.	-29.6215736,30.3871661	\N	yambonconsultants@gmail.con	BEL1	APPROVED	c9cc596a-f618-4659-936e-3cb5bd0ab891	122	t	Alexandra Road, Pietermaritzburg, KZN, 3201, South Africa	\N	Open with main hours	t
	+27728244565	\N	\N	\N	\N	34df2716-49a3-42a2-97d1-c2744b40263e	2025-12-31 11:43:09.790024+00	2026-03-05 10:40:29.856353+00	business/b385db2d9b474c3bab629882d0176790.png	business/2eae2298eb8a49b3a02e67f02dfb33d3.jpg	BS Gumede Attorneys (Pty) Ltd	\N	bs-gumede-attorneys-pty-ltd	B S Gumede Attorneys offers expert legal services in criminal law, unlawful arrest, divorce, debt review, civil litigation, RAF claims, medical negligence, wills and winding up estates. Based in Durban, South Africa. Contact us today for professional legal help.	\N	https://www.sinethembagumedeattorneys.co.za/	info@sinethembagumedeattorneys.co.za	BEL1	APPROVED	c9cc596a-f618-4659-936e-3cb5bd0ab891	1	t	303 Anton Lembede Street, 5th Floor, Durban Club Place, Durban, 4001	\N	Open Online 24 hours	f
	+27765591525	\N	\N	\N	\N	a06f547f-e3b3-4fe6-88ff-6f077149c6f1	2025-12-31 11:53:47.926623+00	2026-03-05 10:40:29.871386+00	business/c9e2e97bc2854f2fb49f7535613583b9.png	business/b700343d71ed4cba88b6bb43560af119.png	ML Geo Consulting Engineers (Pty) Ltd	\N	ml-geo-consulting-engineers-pty-ltd	ML Geo Consulting Engineers (Pty) Ltd is a leading geotechnical consulting firm based in KwaZulu‐Natal, South Africa. Since its founding in 2021, the company has quickly earned a reputation for delivering specialized and innovative geotechnical solutions.	-29.7876081,30.7738386	https://www.mlgeoconsulting.co.za	info@mlgeoconsulting.co.za	BEL1	APPROVED	1d4bcafc-fad9-4ab5-9dd3-2cf3f19ec4cf	1	t	Old Main Road, Hillcrest, KZN, 3610, South Africa	+27812528412	Open Online 24 hours	f
wc	0738288687	\N	\N	\N	\N	bceb392d-99b9-4085-949d-f1a28e10a532	2026-01-03 14:34:05.032566+00	2026-02-22 18:40:20.91315+00	business/3247eb4f925b43f89ff78333b591dcc5.jpeg	business/0faff9f42ff44b87aaf672d413ef29e2.jpeg	LG Sneaker Cleaning Service & Restored	Walk With Pride	lg-sneaker-cleaning-service-restored	LG Sneaker Cleaning Service & Restoration\r\n• Your sneakers are cleaned to your specification by trained sneaker-care-technicians within a 72-hour turnaround time.\r\n• We do colour restoration\r\n• Mid & under sole unyellowing\r\n• Leather & Suede Cleaning\r\n} At LG Sneaker Cleaning Service , we believe in giving all types of shoes the care they deserve. Whether you’re looking to revitalize your favorite sneakers or revive a pair of leather shoes, we’ve got you covered. Our cleaning services are designed to cater to a wide range of footwear, including boots, leather shoes, suede shoes, heels, and even slides.\r\n\r\nWe understand that your shoes are more than just footwear, they’re a reflection of your personal style.\r\nWalk With Pride	-33.9286531,18.430545	\N	info.lgsneakercleaningservice@yahoo.com	BEL1	APPROVED	c9cc596a-f618-4659-936e-3cb5bd0ab891	124	f	Sydney Street, Cape Town, WC, , South Africa	\N	Open with main hours	t
wc	0761972563	\N	\N	\N	\N	89d4ac2a-b25d-4b93-8e66-63452247adf1	2026-02-19 12:42:50.491354+00	2026-02-22 18:40:55.515818+00			Nhanha cosmetic salon	Beaty at its best	nhanha-cosmetic-salon	Salon , Beaty products, clothing and hair accessories	\N	\N	lumkanobuzana@gmail.com	BEL1	APPROVED	caba5ae4-36f5-4138-b4ca-36047cc17133	132	f	\N	\N	Open with main hours	t
wc	072 269 6758	\N	\N	\N	\N	421b4332-2599-41c1-8acb-f869bfc7fffe	2026-01-26 12:50:57.542657+00	2026-02-22 18:41:18.677126+00	business/93ff8a1a2a2c44abb6be99c02303baec.jpg	business/bc753b1c3c654140b1fc3d65ef67ad18.jpg	Niche Marketing Group	Really is rare	niche-marketing-group	Niche Marketing Group  is a consultant company in the beverages and marketing entrainment.realestate space	Ny99no58	\N	kamangaathule@gmail.com	BEL1	APPROVED	5036d526-1ed8-42e6-a1e8-08da460951d5	125	f	Ny 99, Cape Town, WC, 7750, South Africa	072 269 6758	Open with main hours	t
	0663409363	\N	\N	\N	\N	e90fca41-1260-477e-a456-64c2bbf35583	2026-02-22 15:47:30.289185+00	2026-03-05 10:40:29.86802+00	business/9906956f2cdb4d0da79ad53c203b91ce.png	business/ef1c5a622dfb4b418369b72d7c7aaccb.png	CT BLACK PRO	\N	ct-black-pro	Listing	-34.0495764,18.5898808	\N	\N	NOT	APPROVED	5036d526-1ed8-42e6-a1e8-08da460951d5	1	t	Mathias Close, Cape Town, WC, 7798, South Africa	\N	Open Online 24 hours	f
wc	0694167978	\N	\N	\N	\N	de772ec1-244d-4b8f-a6b6-3acf87b1b294	2026-02-23 20:04:10.762483+00	2026-03-04 17:34:13.970601+00	business/f50e05dcdf0c4f66a738b9469b8ba1d1.png	business/c84a70de985f4c6eb57a4fec9a71848d.png	Lelos Tasty Foods	Get your flavor on	lelos-tasty-foods	We are driven by one goal, to make Lelo’s Tasty Foods a household name known for authentic taste, premium quality, and the joy that comes from sharing food made with care. Every product we create is a reflection of who we are a family that believes in flavor, honesty, and heritage.\r\nLelo’s Tasty Foods delivers an authentic taste of South Africa through bold, culturally inspired spices, atchar, sauces, and honey products.\r\nOur unique value lies in:\r\nCelebrating South African heritage flavours in modern, retail-ready packaging\r\nCreating products that appeal to both locals and international tourists\r\nOffering versatile pantry essentials that elevate everyday meals\r\nOur hero products include Mango Atchar and our Chakalaka Spice — flavours that cut across cultures and bring people together around food.	-33.9100329,18.4251674	https://www.lelostastyfood.com	lelostastyfoods@gmail.com	BEL1	APPROVED	b35c3e66-2991-481d-8ebf-ee1815c5f0b4	78	f	, Cape Town, WC, 8001, South Africa	0828554077	Open with main hours	t
wc	0633483308	\N	\N	\N	\N	42c3c21c-b2a5-47af-bac2-53c58e8c4c5e	2026-03-04 17:21:31.250845+00	2026-03-05 10:40:29.874157+00		business/1e95b870626d4bf0ac764b9f09196cd1.jpeg	Public Relations & Digital Marketing Agency	Don’t just tell your story, own it!	public-relations-digital-marketing-agency	Libango – an isiXhosa word meaning “To Claim”\r\n\r\nAt Libango, we believe that every brand has a story and not just any story, but one worth owning, sharing, and living. We’re a full-service communications and marketing agency with a passion for powerful storytelling, rooted in strategy and purpose. From fintech, science, energy to lifestyle, our work is tailored to connect brands with the right audiences boldly, effectively, and authentically.	-33.7974002,18.5008629	\N	\N	BEL1	APPROVED	c9cc596a-f618-4659-936e-3cb5bd0ab891	161	t	Charing Crescent, Cape Town, WC, 7441, South Africa	\N	Open with main hours	t
\.


--
-- Data for Name: listings_businesscontent; Type: TABLE DATA; Schema: public; Owner: thomas
--

COPY public.listings_businesscontent (id, created, updated, image, business_id) FROM stdin;
2fda1b82-2840-4a02-baf3-7f068cd5dd5e	2025-08-13 12:02:36.364123+00	2025-08-13 12:02:36.364143+00	business/4f0bb831f8b34855a13fabd7528a76f6.png	84ea22c3-a4ec-44c2-b91b-db147506d2cc
4f02abba-e1b9-4bc5-ad1a-4c7f7f1f3068	2025-08-13 12:02:36.36948+00	2025-08-13 12:02:36.369494+00	business/57c533cca91c44d5b3808948fd8a0f37.png	84ea22c3-a4ec-44c2-b91b-db147506d2cc
dedd6949-4cad-45c8-b6fe-2984481e4fc9	2025-08-13 12:02:36.372965+00	2025-08-13 12:02:36.372984+00	business/fd31bda26d9d45dcbac52adabb777f38.jpg	84ea22c3-a4ec-44c2-b91b-db147506d2cc
596e0776-8fd2-498a-8532-c4c72643be2e	2025-08-21 13:18:30.214394+00	2025-08-21 13:18:30.214416+00	business/3e788ce5f26b4a239d918f32c253ac86.jpg	92add19b-c920-4133-8c9e-f0c39e0255ed
ad03f735-f605-4470-8586-3e464da444ef	2025-08-21 13:20:43.155314+00	2025-08-21 13:20:43.155348+00	business/25a997109cf0426fad1033173f29f07a.jpg	92add19b-c920-4133-8c9e-f0c39e0255ed
994c408b-1434-48db-912e-ba46c15c8114	2025-08-21 13:20:43.161092+00	2025-08-21 13:20:43.161111+00	business/ee90767d6c86498c9028085c529967e4.jpg	92add19b-c920-4133-8c9e-f0c39e0255ed
00aec3cc-6a45-4f6b-809d-28b4c83f52d1	2025-08-21 13:20:43.165248+00	2025-08-21 13:20:43.165262+00	business/0c85cac1c75d4676be7fb93eb068d471.jpg	92add19b-c920-4133-8c9e-f0c39e0255ed
c6f7cb01-7184-4214-a48d-d53096b73c34	2025-08-21 13:20:43.169301+00	2025-08-21 13:20:43.169315+00	business/20815e81f3ef47ed9fa8f509809acc1f.jpg	92add19b-c920-4133-8c9e-f0c39e0255ed
580f1d65-cba4-4630-9e0c-71052d0901c8	2025-12-31 11:49:23.113882+00	2025-12-31 11:49:23.113915+00	business/d276048d8af2401788c2f4667eb3191a.jpg	34df2716-49a3-42a2-97d1-c2744b40263e
6e711e4b-14c0-42a2-b98e-2ba459a4033b	2025-12-31 11:49:23.122523+00	2025-12-31 11:49:23.122556+00	business/f785cc38b60b4cbaa226f7edba96efb0.png	34df2716-49a3-42a2-97d1-c2744b40263e
b9194f81-e2d3-4e49-8171-250a7e370162	2025-12-31 11:49:23.129533+00	2025-12-31 11:49:23.129566+00	business/bade7947777c43c091514d354f063376.png	34df2716-49a3-42a2-97d1-c2744b40263e
f48b6c45-5f52-4280-9fb2-51334eb50d64	2025-12-31 11:49:23.136219+00	2025-12-31 11:49:23.13624+00	business/4aa3be537333490c8e4bbcb4c8e8200b.jpg	34df2716-49a3-42a2-97d1-c2744b40263e
ba296204-3e34-47bd-9e31-9decfdf9f346	2025-12-31 11:49:23.141604+00	2025-12-31 11:49:23.141668+00	business/04ce41b9db804e69859a2691266dfbf4.jpg	34df2716-49a3-42a2-97d1-c2744b40263e
\.


--
-- Data for Name: listings_businesshour; Type: TABLE DATA; Schema: public; Owner: thomas
--

COPY public.listings_businesshour (id, created, updated, day, operating, open_time, close_time, business_id) FROM stdin;
84c9cc93-70ad-4408-a6c3-31914249fc7b	2024-08-06 20:55:59.109687+00	2024-08-06 20:55:59.109702+00	MO	t	00:00:00	00:00:00	4e41552b-fa41-4956-b1df-81ea86dc86f8
6c4988b3-3fb3-4c40-8819-c0cf4965f28a	2024-08-06 20:55:59.11313+00	2024-08-06 20:55:59.113144+00	TU	t	00:00:00	00:00:00	4e41552b-fa41-4956-b1df-81ea86dc86f8
2147855a-9f0a-42f3-a9e8-7c35260ec0af	2024-08-06 20:55:59.116289+00	2024-08-06 20:55:59.116301+00	WE	t	00:00:00	00:00:00	4e41552b-fa41-4956-b1df-81ea86dc86f8
f2196230-16c4-47d5-9bf8-14beb4dd4348	2024-08-06 20:55:59.119111+00	2024-08-06 20:55:59.119123+00	TH	t	00:00:00	00:00:00	4e41552b-fa41-4956-b1df-81ea86dc86f8
d994352f-0587-4cb9-96ae-2f76bac3756a	2024-08-06 20:55:59.124197+00	2024-08-06 20:55:59.12421+00	FR	t	00:00:00	00:00:00	4e41552b-fa41-4956-b1df-81ea86dc86f8
b0143691-5903-4ff9-93f2-88f184493399	2024-08-06 20:55:59.127125+00	2024-08-06 20:55:59.127137+00	SA	t	00:00:00	00:00:00	4e41552b-fa41-4956-b1df-81ea86dc86f8
5bc5b885-eb66-4864-b4e3-5e26489db2ed	2024-08-06 20:55:59.130045+00	2024-08-06 20:55:59.130058+00	SU	t	00:00:00	00:00:00	4e41552b-fa41-4956-b1df-81ea86dc86f8
6c8d12e7-be05-4229-9d41-f469314584f1	2024-09-18 07:43:22.338999+00	2024-09-18 07:43:22.339016+00	MO	t	17:00:00	00:00:00	6933ed46-acc8-4abf-936d-73af4100532c
6adeeb84-1a4a-4c7a-a0fb-1d84714bd922	2024-09-18 07:43:22.342499+00	2024-09-18 07:43:22.342514+00	TU	t	17:00:00	00:00:00	6933ed46-acc8-4abf-936d-73af4100532c
cab34ddd-bdea-4c59-b17e-8eeb7d1c48d1	2024-09-18 07:43:22.345338+00	2024-09-18 07:43:22.345362+00	WE	t	17:00:00	00:00:00	6933ed46-acc8-4abf-936d-73af4100532c
716728d6-028d-4bee-8b04-8757a30b1d19	2024-09-18 07:43:22.350036+00	2024-09-18 07:43:22.350049+00	TH	t	17:00:00	00:00:00	6933ed46-acc8-4abf-936d-73af4100532c
e9fef672-82c9-460f-9b89-1d90e3c3f210	2024-09-18 07:43:22.352856+00	2024-09-18 07:43:22.352869+00	FR	t	17:00:00	00:00:00	6933ed46-acc8-4abf-936d-73af4100532c
27bf0199-6081-4b46-b816-89fcd3e80017	2024-09-18 07:43:22.355691+00	2024-09-18 07:43:22.355702+00	SA	t	00:00:00	00:00:00	6933ed46-acc8-4abf-936d-73af4100532c
742fd6f7-0af7-4605-9d81-733df69b9131	2024-09-18 07:43:22.358933+00	2024-09-18 07:43:22.358944+00	SU	t	00:00:00	00:00:00	6933ed46-acc8-4abf-936d-73af4100532c
d9546581-e708-4f22-8eda-31f29cdf6797	2024-09-20 17:05:15.769801+00	2024-09-20 17:05:15.769819+00	MO	t	00:00:00	00:00:00	be4f0d25-f2d4-4cbd-a274-b4f3d0348dc2
894bff63-3a0e-4109-93b2-f56e751418e5	2024-09-20 17:05:15.774499+00	2024-09-20 17:05:15.774516+00	TU	t	00:00:00	00:00:00	be4f0d25-f2d4-4cbd-a274-b4f3d0348dc2
65a01dbd-ae7e-44d0-bd22-ba5f329fff0a	2024-09-20 17:05:15.777904+00	2024-09-20 17:05:15.777919+00	WE	t	00:00:00	00:00:00	be4f0d25-f2d4-4cbd-a274-b4f3d0348dc2
262707cd-2f01-4038-bcaf-1c3c2d22d1ef	2024-09-20 17:05:15.780386+00	2024-09-20 17:05:15.780398+00	TH	t	00:00:00	00:00:00	be4f0d25-f2d4-4cbd-a274-b4f3d0348dc2
a420573d-aa9a-4376-881c-adfe0477e14b	2024-09-20 17:05:15.783014+00	2024-09-20 17:05:15.783028+00	FR	t	00:00:00	00:00:00	be4f0d25-f2d4-4cbd-a274-b4f3d0348dc2
bdafa801-4209-47d5-a40a-070b1b94f5c3	2024-09-20 17:05:15.786041+00	2024-09-20 17:05:15.786063+00	SA	t	00:00:00	00:00:00	be4f0d25-f2d4-4cbd-a274-b4f3d0348dc2
52b198b8-a025-4b02-85f7-6ddb6b01bb90	2024-09-20 17:05:15.789294+00	2024-09-20 17:05:15.789315+00	SU	t	00:00:00	00:00:00	be4f0d25-f2d4-4cbd-a274-b4f3d0348dc2
88269a3b-d76e-4d31-89d6-fc0f30a74e92	2024-09-24 00:33:35.478547+00	2024-10-22 10:24:52.253771+00	MO	t	06:00:00	18:00:00	4d985c09-41fe-46fe-8d96-489f4102268f
b3af6268-675a-475d-9882-403e54e97c28	2024-09-24 00:33:35.482834+00	2024-10-22 10:25:00.869636+00	TU	t	06:00:00	18:00:00	4d985c09-41fe-46fe-8d96-489f4102268f
77582a1d-5956-4927-bf4a-ea6226c782e3	2024-09-24 00:33:35.485852+00	2024-10-22 10:25:08.437529+00	WE	t	06:00:00	18:00:00	4d985c09-41fe-46fe-8d96-489f4102268f
25237eb4-20e2-461c-bef4-626cfd2e7273	2024-09-24 00:33:35.489556+00	2024-10-22 10:25:14.555662+00	TH	t	06:00:00	18:00:00	4d985c09-41fe-46fe-8d96-489f4102268f
263af224-b1a2-41b5-8427-c136ea3b29f0	2024-09-24 00:33:35.495856+00	2024-10-22 10:25:21.151756+00	FR	t	06:00:00	18:00:00	4d985c09-41fe-46fe-8d96-489f4102268f
782a07c1-0992-4e34-83a7-19f187ced4d2	2024-09-24 00:33:35.500938+00	2024-10-22 10:25:27.555225+00	SA	t	06:00:00	18:00:00	4d985c09-41fe-46fe-8d96-489f4102268f
fb3e4dd5-8fa0-4851-89b9-dfc29f5e2242	2024-09-24 00:33:35.504047+00	2024-10-22 10:25:33.553919+00	SU	t	06:00:00	18:00:00	4d985c09-41fe-46fe-8d96-489f4102268f
670c603a-4339-4b1b-a170-3ed75dbb9608	2024-10-22 10:38:28.822854+00	2024-10-22 10:38:28.822879+00	MO	t	08:00:00	18:00:00	573a757b-2233-4885-9a3c-41965af5b4cb
ef134aa3-7bdc-4249-a6d2-4359cc8e8ed7	2024-10-22 10:38:28.832127+00	2024-10-22 10:38:28.832158+00	TU	t	08:00:00	18:00:00	573a757b-2233-4885-9a3c-41965af5b4cb
b6182241-ec42-4d9e-bfaa-4179d9a2850e	2024-10-22 10:38:28.836557+00	2024-10-22 10:38:28.836584+00	WE	t	08:00:00	18:00:00	573a757b-2233-4885-9a3c-41965af5b4cb
8a1bd6b5-eb08-4556-9f19-2baef0b9b371	2024-10-22 10:38:28.841203+00	2024-10-22 10:38:28.841226+00	TH	t	08:00:00	18:00:00	573a757b-2233-4885-9a3c-41965af5b4cb
4585a76e-d737-48b2-b0d9-b7d15231aeee	2024-10-22 10:38:28.845147+00	2024-10-22 10:38:28.845179+00	FR	t	08:00:00	18:00:00	573a757b-2233-4885-9a3c-41965af5b4cb
f023dfbe-a7d1-4bd4-9b56-49fd55a4cf65	2024-10-22 10:38:28.849069+00	2024-10-22 10:38:28.849113+00	SA	t	08:00:00	18:00:00	573a757b-2233-4885-9a3c-41965af5b4cb
9b7a96cd-4ee0-405f-9a6b-7e74f32a60f3	2024-10-22 10:38:28.852784+00	2024-10-22 10:38:28.852804+00	SU	t	08:00:00	18:00:00	573a757b-2233-4885-9a3c-41965af5b4cb
38cd5ee6-0934-40d0-b05c-388cda9cc3fa	2024-10-22 12:27:06.507026+00	2024-10-22 12:27:06.50706+00	MO	t	09:00:00	17:00:00	b2bbb504-05a0-44de-bc2e-20448c0ab8bc
0fc8c058-eb2a-4ea3-8bb2-b484f1aa2fb6	2024-10-22 12:27:06.513196+00	2024-10-22 12:27:06.513227+00	TU	t	09:00:00	17:00:00	b2bbb504-05a0-44de-bc2e-20448c0ab8bc
26dc6f32-74a2-4773-a551-a6a014dd7fcd	2024-10-22 12:27:06.517376+00	2024-10-22 12:27:06.517403+00	WE	t	09:00:00	17:00:00	b2bbb504-05a0-44de-bc2e-20448c0ab8bc
3cb4e379-2190-4790-9f49-8517b8a0abd7	2024-10-22 12:27:06.521869+00	2024-10-22 12:27:06.5219+00	TH	t	09:00:00	17:00:00	b2bbb504-05a0-44de-bc2e-20448c0ab8bc
e79bf172-e87a-4082-93c3-ca85c3b4fa84	2024-10-22 12:27:06.528409+00	2024-10-22 12:27:06.528432+00	FR	t	09:00:00	17:00:00	b2bbb504-05a0-44de-bc2e-20448c0ab8bc
d081e931-e20c-45f2-9334-ddf854eaecca	2024-10-22 12:27:06.531756+00	2024-10-22 12:27:06.531778+00	SA	t	08:00:00	18:00:00	b2bbb504-05a0-44de-bc2e-20448c0ab8bc
7b6d21bc-5f51-4261-9a2a-419139f15c2a	2024-10-22 12:27:06.534961+00	2024-10-22 12:27:06.534985+00	SU	t	10:00:00	16:00:00	b2bbb504-05a0-44de-bc2e-20448c0ab8bc
dfc24dba-f032-4a42-b920-984da2cf356d	2025-08-05 15:43:00.041467+00	2025-08-05 15:43:00.04149+00	MO	t	17:00:00	20:00:00	27476f73-508b-47c0-b436-86dd4051e754
08c389ce-ad0a-4a7a-acc3-f42f2d359523	2025-08-05 15:43:00.054287+00	2025-08-05 15:43:00.054312+00	TU	t	17:00:00	20:00:00	27476f73-508b-47c0-b436-86dd4051e754
5c7faee1-6acd-4ccd-a08a-d11966c0870c	2025-08-05 15:43:00.060029+00	2025-08-05 15:43:00.060045+00	WE	t	17:00:00	20:00:00	27476f73-508b-47c0-b436-86dd4051e754
1817722b-7ebd-47f3-948e-3994caad9965	2025-08-05 15:43:00.065218+00	2025-08-05 15:43:00.065238+00	TH	t	17:00:00	20:00:00	27476f73-508b-47c0-b436-86dd4051e754
ac3000e7-c547-443f-b7ac-4bfac107ea68	2025-08-05 15:43:00.072063+00	2025-08-05 15:43:00.072096+00	FR	t	16:00:00	19:00:00	27476f73-508b-47c0-b436-86dd4051e754
8bc1b026-cb44-412d-8f1b-462ace6e18b8	2025-08-05 15:43:00.075007+00	2025-08-05 15:43:00.075021+00	SA	t	09:00:00	12:00:00	27476f73-508b-47c0-b436-86dd4051e754
5b37a25a-0538-4ab8-a0b6-2f1419821624	2025-08-05 15:43:00.079237+00	2025-08-05 15:43:00.079267+00	SU	t	14:00:00	18:00:00	27476f73-508b-47c0-b436-86dd4051e754
1f025a2b-ef0d-41bc-a0a5-82afe914c28a	2025-08-10 13:23:37.800411+00	2025-08-10 13:23:37.800432+00	MO	t	08:00:00	17:30:00	f7a2715c-10c0-4c3d-a453-a4ae829c9730
8dc23a6a-e53a-4992-a452-8c93266cbba1	2025-08-10 13:23:37.81849+00	2025-08-10 13:23:37.81851+00	TU	t	08:00:00	17:30:00	f7a2715c-10c0-4c3d-a453-a4ae829c9730
a1809ce4-d58a-4fa4-8193-a4548ec7d30c	2025-08-10 13:23:37.825123+00	2025-08-10 13:23:37.825138+00	WE	t	08:00:00	17:30:00	f7a2715c-10c0-4c3d-a453-a4ae829c9730
1dbe847d-1336-4070-8628-0d630b3d239f	2025-08-10 13:23:37.828304+00	2025-08-10 13:23:37.82832+00	TH	t	08:00:00	17:30:00	f7a2715c-10c0-4c3d-a453-a4ae829c9730
29b172d5-8c82-44d3-bf77-1e572df546c9	2025-08-10 13:23:37.831641+00	2025-08-10 13:23:37.831654+00	FR	t	08:30:00	15:30:00	f7a2715c-10c0-4c3d-a453-a4ae829c9730
5cef8cdf-7501-489d-a892-f16ebbadd123	2025-08-10 13:23:37.83472+00	2025-08-10 13:23:37.834738+00	SA	f	00:00:00	00:00:00	f7a2715c-10c0-4c3d-a453-a4ae829c9730
5771fc12-b6b3-4600-be1c-85b5d76c837a	2025-08-10 13:23:37.837832+00	2025-08-10 13:23:37.837846+00	SU	f	00:00:00	00:00:00	f7a2715c-10c0-4c3d-a453-a4ae829c9730
f7a1116f-839e-4f65-ac7e-b7390d304759	2025-08-13 04:17:58.223686+00	2025-08-13 04:17:58.223707+00	MO	t	08:00:00	19:00:00	f967e7aa-9c8c-46ce-afb0-7a71d978353d
58523cfb-aec4-4c4c-9307-dae2d2598ae4	2025-08-13 04:17:58.234398+00	2025-08-13 04:17:58.234417+00	TU	t	08:00:00	19:00:00	f967e7aa-9c8c-46ce-afb0-7a71d978353d
ec50e6e1-366e-40f1-9f7e-05cda0e0dbab	2025-08-13 04:17:58.237486+00	2025-08-13 04:17:58.237501+00	WE	t	08:00:00	19:00:00	f967e7aa-9c8c-46ce-afb0-7a71d978353d
9c0e3daf-dbd5-42f8-a296-ed91cbaa4db2	2025-08-13 04:17:58.240198+00	2025-08-13 04:17:58.240211+00	TH	t	08:00:00	19:00:00	f967e7aa-9c8c-46ce-afb0-7a71d978353d
299e4490-879f-48aa-bbdd-9e80ab312481	2025-08-13 04:17:58.242805+00	2025-08-13 04:17:58.242818+00	FR	t	08:00:00	19:00:00	f967e7aa-9c8c-46ce-afb0-7a71d978353d
736cb42b-e3d7-472b-945f-2a42edec346c	2025-08-13 04:17:58.24523+00	2025-08-13 04:17:58.245243+00	SA	t	08:00:00	19:00:00	f967e7aa-9c8c-46ce-afb0-7a71d978353d
1b2aec5f-dc65-4565-aa27-cd45d9687184	2025-08-13 04:17:58.247687+00	2025-08-13 04:17:58.247699+00	SU	t	08:00:00	00:00:00	f967e7aa-9c8c-46ce-afb0-7a71d978353d
b9eb85bd-e04e-4ee6-ad64-c289c531301c	2025-08-14 06:10:27.423814+00	2025-08-14 06:10:27.423835+00	MO	t	08:00:00	16:30:00	dfcc48b4-a9c4-4f33-8a9e-1502ac008ddc
a34d655b-7908-4d97-802f-674471895d7f	2025-08-14 06:10:27.428862+00	2025-08-14 06:10:27.428879+00	TU	t	08:00:00	16:30:00	dfcc48b4-a9c4-4f33-8a9e-1502ac008ddc
54531b67-0e65-4367-bd1a-65fb9acd2a3d	2025-08-14 06:10:27.43219+00	2025-08-14 06:10:27.432205+00	WE	t	08:00:00	16:30:00	dfcc48b4-a9c4-4f33-8a9e-1502ac008ddc
f78594d0-c568-4d01-9b90-752ac28f4457	2025-08-14 06:10:27.435345+00	2025-08-14 06:10:27.435358+00	TH	t	08:00:00	16:30:00	dfcc48b4-a9c4-4f33-8a9e-1502ac008ddc
5846ebb7-3c9e-40ad-939f-35ea3a3faf83	2025-08-14 06:10:27.438603+00	2025-08-14 06:10:27.438618+00	FR	t	08:00:00	16:30:00	dfcc48b4-a9c4-4f33-8a9e-1502ac008ddc
7457f8d1-7ea4-4205-9acc-391cec73baa4	2025-08-14 06:10:27.448194+00	2025-08-14 06:10:27.448227+00	SA	f	00:00:00	00:00:00	dfcc48b4-a9c4-4f33-8a9e-1502ac008ddc
660b2128-6939-4c50-bfb5-af5caba0757e	2025-08-14 06:10:27.452193+00	2025-08-14 06:10:27.452216+00	SU	f	00:00:00	00:00:00	dfcc48b4-a9c4-4f33-8a9e-1502ac008ddc
6cd55bde-a430-44e9-bc99-d6222d643473	2025-08-14 07:47:41.847992+00	2025-08-14 07:47:41.848013+00	MO	t	08:30:00	18:00:00	7d5f8790-f2db-49fd-b010-862ea52d5a31
75410a04-5fb9-4faf-963d-44b15b4f8a55	2025-08-14 07:47:41.855346+00	2025-08-14 07:47:41.855358+00	TU	t	08:30:00	18:00:00	7d5f8790-f2db-49fd-b010-862ea52d5a31
1c40ded8-0001-4888-8ad0-34ed362334f4	2025-08-14 07:47:41.864023+00	2025-08-14 07:47:41.864036+00	WE	t	08:30:00	18:00:00	7d5f8790-f2db-49fd-b010-862ea52d5a31
19714208-6540-436a-a50c-e6ac2d4637fd	2025-08-14 07:47:41.86699+00	2025-08-14 07:47:41.867002+00	TH	t	08:30:00	18:00:00	7d5f8790-f2db-49fd-b010-862ea52d5a31
91990920-92de-40f7-84fb-c7753321540c	2025-08-14 07:47:41.869712+00	2025-08-14 07:47:41.869727+00	FR	t	08:30:00	18:00:00	7d5f8790-f2db-49fd-b010-862ea52d5a31
3023369c-7c99-4c47-8a5d-3282af374f97	2025-08-14 07:47:41.875051+00	2025-08-14 07:47:41.875063+00	SA	t	10:00:00	15:00:00	7d5f8790-f2db-49fd-b010-862ea52d5a31
1b559bbc-d1be-4182-a969-2b3d72affa42	2025-08-14 07:47:41.877835+00	2025-08-14 07:47:41.877847+00	SU	f	00:00:00	00:00:00	7d5f8790-f2db-49fd-b010-862ea52d5a31
23aca14f-8dae-4e23-b349-5c2ff1dda091	2025-08-14 08:09:24.189298+00	2025-08-14 08:09:24.189319+00	MO	t	08:00:00	17:00:00	be30c868-3be4-4a17-9047-a85b639d6c53
dda6036b-c085-41f6-a7ba-90c3aa4ea529	2025-08-14 08:09:24.194679+00	2025-08-14 08:09:24.194709+00	TU	t	08:00:00	17:00:00	be30c868-3be4-4a17-9047-a85b639d6c53
89f15e83-3222-4ed5-a090-5ed752daf6f6	2025-08-14 08:09:24.198718+00	2025-08-14 08:09:24.198732+00	WE	t	08:00:00	17:00:00	be30c868-3be4-4a17-9047-a85b639d6c53
0d2f1dc7-2527-497b-9e81-37638de56ffb	2025-08-14 08:09:24.202074+00	2025-08-14 08:09:24.202085+00	TH	t	08:00:00	17:00:00	be30c868-3be4-4a17-9047-a85b639d6c53
9bb650dd-9cee-4b8f-b287-e4039c5e22ad	2025-08-14 08:09:24.205925+00	2025-08-14 08:09:24.205937+00	FR	t	08:00:00	17:00:00	be30c868-3be4-4a17-9047-a85b639d6c53
dca9998e-b6d7-49cd-a39a-801666e80a41	2025-08-14 08:09:24.209228+00	2025-08-14 08:09:24.209241+00	SA	t	08:00:00	13:00:00	be30c868-3be4-4a17-9047-a85b639d6c53
58dd12c7-26fa-49fb-86d0-cc3debd2686c	2025-08-14 08:09:24.212652+00	2025-08-14 08:09:24.212666+00	SU	t	08:00:00	13:00:00	be30c868-3be4-4a17-9047-a85b639d6c53
4a1522d5-40d9-4910-9cea-66ba375e671b	2025-08-19 21:36:28.618599+00	2025-08-19 21:36:28.618619+00	MO	t	08:00:00	18:00:00	1067150c-3bc3-4648-9bb1-77abd085166a
f279b970-9fda-4b71-88b5-d0a215d579f6	2025-08-19 21:36:28.622844+00	2025-08-19 21:36:28.622858+00	TU	t	08:00:00	18:00:00	1067150c-3bc3-4648-9bb1-77abd085166a
6cf968aa-9316-46fb-9b1e-012fcf6093d1	2025-08-19 21:36:28.62594+00	2025-08-19 21:36:28.625953+00	WE	t	08:00:00	18:00:00	1067150c-3bc3-4648-9bb1-77abd085166a
4fb35ef3-d6d0-4ed9-abf2-6d960fa9715a	2025-08-19 21:36:28.628931+00	2025-08-19 21:36:28.628944+00	TH	t	08:00:00	18:00:00	1067150c-3bc3-4648-9bb1-77abd085166a
77e9b9ac-9d3c-49c3-94d7-8a3e864ebbe3	2025-08-19 21:36:28.631984+00	2025-08-19 21:36:28.631999+00	FR	t	08:00:00	18:00:00	1067150c-3bc3-4648-9bb1-77abd085166a
868fdc6a-a8f2-4b65-bb69-87d954617a2e	2025-08-19 21:36:28.635534+00	2025-08-19 21:36:28.635551+00	SA	f	08:00:00	18:00:00	1067150c-3bc3-4648-9bb1-77abd085166a
922cf14c-d51e-4d19-ba8e-d68eac0c0661	2025-08-19 21:36:28.639036+00	2025-08-19 21:36:28.639051+00	SU	f	00:00:00	00:00:00	1067150c-3bc3-4648-9bb1-77abd085166a
6dbc2c85-eab5-4c86-a29c-2529392b0aff	2025-08-20 12:27:33.111464+00	2025-08-20 12:27:33.111485+00	MO	t	08:00:00	18:00:00	d3134636-cf34-47b9-8be6-79b05a736322
183b0c44-d8a9-431f-a9bf-b6f6ac59bcfd	2025-08-20 12:27:33.128176+00	2025-08-20 12:27:33.128201+00	TU	t	08:00:00	18:00:00	d3134636-cf34-47b9-8be6-79b05a736322
081c5aef-eadb-4d1f-8ddd-60cd55b212f7	2025-08-20 12:27:33.148522+00	2025-08-20 12:27:33.148547+00	WE	t	08:00:00	18:00:00	d3134636-cf34-47b9-8be6-79b05a736322
02fdd881-f969-4e49-9e96-d05d21c46279	2025-08-20 12:27:33.170916+00	2025-08-20 12:27:33.17094+00	TH	t	08:00:00	18:00:00	d3134636-cf34-47b9-8be6-79b05a736322
dc1f7f0d-8cdb-4b82-b629-6877c0156564	2025-08-20 12:27:33.178378+00	2025-08-20 12:27:33.178402+00	FR	t	08:00:00	18:00:00	d3134636-cf34-47b9-8be6-79b05a736322
88705f27-0cac-485a-9c55-a8aade3fd5b7	2025-08-20 12:27:33.181826+00	2025-08-20 12:27:33.181839+00	SA	f	00:00:00	00:00:00	d3134636-cf34-47b9-8be6-79b05a736322
c2c167da-1132-4905-bdc8-a15c60e95e15	2025-08-20 12:27:33.188487+00	2025-08-20 12:27:33.188506+00	SU	f	00:00:00	00:00:00	d3134636-cf34-47b9-8be6-79b05a736322
064fccb2-4f8d-4327-98a6-fcc5e10b0f0f	2025-08-20 15:25:55.412623+00	2025-08-20 15:25:55.412653+00	MO	t	09:00:00	14:00:00	c0b15a49-c311-4513-b89e-9d448b7af649
7b3564fc-3552-45c3-a5a5-4a3a2e1bc67d	2025-08-20 15:25:55.417249+00	2025-08-20 15:25:55.417262+00	TU	t	09:00:00	14:00:00	c0b15a49-c311-4513-b89e-9d448b7af649
617f0f63-ff9c-41fc-ab94-a379d5bdea59	2025-08-20 15:25:55.420167+00	2025-08-20 15:25:55.420181+00	WE	t	09:00:00	14:00:00	c0b15a49-c311-4513-b89e-9d448b7af649
03dc9ff2-f9cc-4623-9ae6-bb824c04151d	2025-08-20 15:25:55.42288+00	2025-08-20 15:25:55.422892+00	TH	t	09:00:00	14:00:00	c0b15a49-c311-4513-b89e-9d448b7af649
0faba821-76f4-446c-81e6-3ba9345d8675	2025-08-20 15:25:55.426+00	2025-08-20 15:25:55.426013+00	FR	t	09:00:00	14:00:00	c0b15a49-c311-4513-b89e-9d448b7af649
1be4fb5a-e701-4a10-800e-4fbf879f1bfd	2025-08-20 15:25:55.428786+00	2025-08-20 15:25:55.428798+00	SA	f	00:00:00	00:00:00	c0b15a49-c311-4513-b89e-9d448b7af649
3dc3d800-6f13-4184-8a1a-475f5e0e0b26	2025-08-20 15:25:55.43182+00	2025-08-20 15:25:55.431836+00	SU	f	00:00:00	00:00:00	c0b15a49-c311-4513-b89e-9d448b7af649
46fc6970-dfea-4128-a790-9153fea79776	2025-08-21 08:07:38.776916+00	2025-08-21 08:07:38.776936+00	MO	t	09:00:00	17:00:00	48445bd2-1ed0-4fee-99d2-d257fcc85b5c
b27ce019-f2e6-4d43-95a2-fd474f8032ea	2025-08-21 08:07:38.782252+00	2025-08-21 08:07:38.782281+00	TU	t	09:00:00	17:00:00	48445bd2-1ed0-4fee-99d2-d257fcc85b5c
7963c878-ea92-46e4-831a-c2c8896e51b9	2025-08-21 08:07:38.785505+00	2025-08-21 08:07:38.78552+00	WE	t	09:00:00	17:00:00	48445bd2-1ed0-4fee-99d2-d257fcc85b5c
23b36bf4-b531-46dc-bee7-e37ed028080a	2025-08-21 08:07:38.788583+00	2025-08-21 08:07:38.788597+00	TH	t	09:00:00	17:00:00	48445bd2-1ed0-4fee-99d2-d257fcc85b5c
abe26396-f4dd-42de-8080-d520c2292f06	2025-08-21 08:07:38.791787+00	2025-08-21 08:07:38.791802+00	FR	t	09:00:00	17:00:00	48445bd2-1ed0-4fee-99d2-d257fcc85b5c
4601f692-b680-4263-9715-9f41df411917	2025-08-21 08:07:38.794762+00	2025-08-21 08:07:38.794784+00	SA	t	09:00:00	13:00:00	48445bd2-1ed0-4fee-99d2-d257fcc85b5c
b577be22-b96c-49c2-a7b3-f3c8892c764b	2025-08-21 08:07:38.797967+00	2025-08-21 08:07:38.797992+00	SU	f	00:00:00	00:00:00	48445bd2-1ed0-4fee-99d2-d257fcc85b5c
8eb816c9-1b21-48d0-84ef-1548805b68a8	2025-08-21 08:13:06.970532+00	2025-08-21 08:13:06.970553+00	MO	t	08:00:00	18:00:00	cb58a2f1-c74a-4224-ace9-b52b9343e974
586f24e5-614b-4033-af89-429254f3164c	2025-08-21 08:13:06.997104+00	2025-08-21 08:13:06.997142+00	TU	t	08:00:00	18:00:00	cb58a2f1-c74a-4224-ace9-b52b9343e974
c4b73275-4671-42bc-a890-1f40d373d7c7	2025-08-21 08:13:07.0011+00	2025-08-21 08:13:07.001152+00	WE	t	08:00:00	18:00:00	cb58a2f1-c74a-4224-ace9-b52b9343e974
a262a2a5-209c-4c49-9386-711ed8de60a2	2025-08-21 08:13:07.030906+00	2025-08-21 08:13:07.030932+00	TH	t	08:00:00	18:00:00	cb58a2f1-c74a-4224-ace9-b52b9343e974
610855cf-bc6f-46dd-b662-a4e5eb9ea7f2	2025-08-21 08:13:07.034949+00	2025-08-21 08:13:07.034967+00	FR	t	08:00:00	18:00:00	cb58a2f1-c74a-4224-ace9-b52b9343e974
bafbdc38-dea2-4676-8cae-2793e5729467	2025-08-21 08:13:07.038412+00	2025-08-21 08:13:07.038426+00	SA	t	08:00:00	15:00:00	cb58a2f1-c74a-4224-ace9-b52b9343e974
2308b12e-6265-4b52-9924-ae16c9dfd007	2025-08-21 08:13:07.041519+00	2025-08-21 08:13:07.041532+00	SU	f	00:00:00	00:00:00	cb58a2f1-c74a-4224-ace9-b52b9343e974
0103e4bb-ab9d-4b68-9deb-337c1209adbf	2025-08-21 08:20:02.005866+00	2025-08-21 08:20:02.005905+00	MO	t	09:00:00	17:00:00	92add19b-c920-4133-8c9e-f0c39e0255ed
b4600dff-d409-4b4f-a0c6-8157da63f560	2025-08-21 08:20:02.011316+00	2025-08-21 08:20:02.011342+00	TU	t	09:00:00	17:00:00	92add19b-c920-4133-8c9e-f0c39e0255ed
ba242953-8f64-4035-a5db-e8ddc236eebe	2025-08-21 08:20:02.016253+00	2025-08-21 08:20:02.01629+00	WE	t	09:00:00	17:00:00	92add19b-c920-4133-8c9e-f0c39e0255ed
1f40db60-028b-4ee3-aab1-15291c700c5e	2025-08-21 08:20:02.020589+00	2025-08-21 08:20:02.020623+00	TH	t	09:00:00	17:00:00	92add19b-c920-4133-8c9e-f0c39e0255ed
d68660d3-6c87-4ec7-b7bc-57d815815111	2025-08-21 08:20:02.025027+00	2025-08-21 08:20:02.02508+00	FR	t	09:00:00	17:00:00	92add19b-c920-4133-8c9e-f0c39e0255ed
4231f21a-3ccf-4e6e-8ad6-3f0a9ea15019	2025-08-21 08:20:02.029268+00	2025-08-21 08:20:02.029306+00	SA	t	09:00:00	15:00:00	92add19b-c920-4133-8c9e-f0c39e0255ed
affca977-f020-442a-aa36-18e2f042dfb1	2025-08-21 08:20:02.033665+00	2025-08-21 08:20:02.033699+00	SU	f	00:00:00	00:00:00	92add19b-c920-4133-8c9e-f0c39e0255ed
917c36a7-200c-4664-a9f1-26236c967c76	2025-08-21 08:24:46.985286+00	2025-08-21 08:24:46.985306+00	MO	t	06:00:00	20:00:00	d1db81a7-7820-4dae-8ea2-d1818383fee3
c593fd04-b61e-4fdc-a7e3-6da266e28df8	2025-08-21 08:24:46.989668+00	2025-08-21 08:24:46.989681+00	TU	t	06:00:00	20:00:00	d1db81a7-7820-4dae-8ea2-d1818383fee3
84855d6b-819c-402f-bb21-6b06c2a7ee3c	2025-08-21 08:24:46.992964+00	2025-08-21 08:24:46.992977+00	WE	t	06:00:00	20:00:00	d1db81a7-7820-4dae-8ea2-d1818383fee3
8fc103c8-0b5a-4240-8629-c54c67e2f202	2025-08-21 08:24:46.997415+00	2025-08-21 08:24:46.99743+00	TH	t	06:00:00	20:00:00	d1db81a7-7820-4dae-8ea2-d1818383fee3
441f6719-85f9-411d-a471-7e720ec764d7	2025-08-21 08:24:47.000761+00	2025-08-21 08:24:47.000776+00	FR	t	06:00:00	20:00:00	d1db81a7-7820-4dae-8ea2-d1818383fee3
b1ea3a05-2f58-46e9-84c6-4b814fe1ad2f	2025-08-21 08:24:47.003755+00	2025-08-21 08:24:47.003769+00	SA	t	06:00:00	20:00:00	d1db81a7-7820-4dae-8ea2-d1818383fee3
65b09618-d2c7-4bdc-a5f5-47dfd7d714da	2025-08-21 08:24:47.006492+00	2025-08-21 08:24:47.006504+00	SU	t	06:00:00	20:00:00	d1db81a7-7820-4dae-8ea2-d1818383fee3
91d3879e-cf43-4361-8ba4-2874dc761d8a	2025-08-21 08:33:14.575822+00	2025-08-21 08:33:14.575843+00	MO	t	06:00:00	21:00:00	c806d354-01d4-4406-9422-fc74c995cf6f
6612394d-7072-4a8f-ae41-75644f60e0ff	2025-08-21 08:33:14.579607+00	2025-08-21 08:33:14.57962+00	TU	t	06:00:00	21:00:00	c806d354-01d4-4406-9422-fc74c995cf6f
e411ab6b-285a-47c2-9a9b-403cb8e29eac	2025-08-21 08:33:14.587615+00	2025-08-21 08:33:14.587633+00	WE	t	06:00:00	21:00:00	c806d354-01d4-4406-9422-fc74c995cf6f
f7bcaf5c-f4f3-4d3a-a7d9-e20b61375359	2025-08-21 08:33:14.591427+00	2025-08-21 08:33:14.591442+00	TH	t	06:00:00	21:00:00	c806d354-01d4-4406-9422-fc74c995cf6f
03b4af52-709b-4b30-8397-0e642237ab92	2025-08-21 08:33:14.595012+00	2025-08-21 08:33:14.595024+00	FR	t	06:00:00	21:00:00	c806d354-01d4-4406-9422-fc74c995cf6f
1d43ad84-cd72-4c40-8499-7ce61d12c262	2025-08-21 08:33:14.598533+00	2025-08-21 08:33:14.598545+00	SA	t	06:00:00	21:00:00	c806d354-01d4-4406-9422-fc74c995cf6f
7201d3d7-da5e-4e4d-a378-600811e7b264	2025-08-21 08:33:14.601807+00	2025-08-21 08:33:14.601819+00	SU	t	06:00:00	21:00:00	c806d354-01d4-4406-9422-fc74c995cf6f
c849149f-06a3-4e53-926c-5d6237a01b0f	2025-08-21 08:37:22.993032+00	2025-08-21 08:37:22.993055+00	MO	t	00:00:00	00:00:00	e1a9ba0b-1da9-42d6-b7ef-b3978f488497
ff1e0039-4726-41a9-823f-6f0070e29205	2025-08-21 08:37:22.998718+00	2025-08-21 08:37:22.998752+00	TU	t	00:00:00	00:00:00	e1a9ba0b-1da9-42d6-b7ef-b3978f488497
745aa194-5211-465e-9139-05d2518b27d5	2025-08-21 08:37:23.002824+00	2025-08-21 08:37:23.002854+00	WE	t	00:00:00	00:00:00	e1a9ba0b-1da9-42d6-b7ef-b3978f488497
e067d545-f21e-45f5-aa2f-4f8621e07e9f	2025-08-21 08:37:23.006744+00	2025-08-21 08:37:23.00678+00	TH	t	00:00:00	00:00:00	e1a9ba0b-1da9-42d6-b7ef-b3978f488497
86eb7946-4145-4360-a25e-51e658024884	2025-08-21 08:37:23.01052+00	2025-08-21 08:37:23.010558+00	FR	t	00:00:00	00:00:00	e1a9ba0b-1da9-42d6-b7ef-b3978f488497
38e4379e-ef95-41ca-b6da-0b1ec823853b	2025-08-21 08:37:23.01449+00	2025-08-21 08:37:23.014514+00	SA	t	00:00:00	00:00:00	e1a9ba0b-1da9-42d6-b7ef-b3978f488497
6f1e5466-884b-4e5d-b567-bacf07483917	2025-08-21 08:37:23.021712+00	2025-08-21 08:37:23.021745+00	SU	t	00:00:00	00:00:00	e1a9ba0b-1da9-42d6-b7ef-b3978f488497
f9810184-d75b-439f-89d8-ee87fd97f82c	2025-08-21 09:30:31.608036+00	2025-08-21 09:30:31.608057+00	MO	t	00:00:00	00:00:00	7dc0df5e-bc5b-4347-8253-7eb3661f2e92
d3662583-9071-4dae-b39e-3d5174ea9a8d	2025-08-21 09:30:31.612231+00	2025-08-21 09:30:31.612243+00	TU	t	00:00:00	00:00:00	7dc0df5e-bc5b-4347-8253-7eb3661f2e92
81780615-91c7-45ae-afe1-3dde5018edcb	2025-08-21 09:30:31.615489+00	2025-08-21 09:30:31.615508+00	WE	t	00:00:00	00:00:00	7dc0df5e-bc5b-4347-8253-7eb3661f2e92
fabf9e21-6477-49a7-b8ed-620a506f5c12	2025-08-21 09:30:31.618512+00	2025-08-21 09:30:31.618527+00	TH	t	00:00:00	00:00:00	7dc0df5e-bc5b-4347-8253-7eb3661f2e92
603dd3de-36ed-418f-a27a-c2a2730dc4c9	2025-08-21 09:30:31.621585+00	2025-08-21 09:30:31.621597+00	FR	t	00:00:00	00:00:00	7dc0df5e-bc5b-4347-8253-7eb3661f2e92
b8c72d92-a76b-4ed8-b9c8-ef3d4e97ecbc	2025-08-21 09:30:31.624365+00	2025-08-21 09:30:31.624377+00	SA	t	00:00:00	00:00:00	7dc0df5e-bc5b-4347-8253-7eb3661f2e92
d3720674-a69a-4417-ac1b-fbf5edade908	2025-08-21 09:30:31.627174+00	2025-08-21 09:30:31.627186+00	SU	t	00:00:00	00:00:00	7dc0df5e-bc5b-4347-8253-7eb3661f2e92
7e8cfd06-8ace-4c92-a0f5-2663f96593d6	2025-08-21 09:50:28.468616+00	2025-08-21 09:50:28.468639+00	MO	t	00:00:00	00:00:00	2c0d743f-632a-40ff-97df-295f20cd23ee
2c5dada0-d0b9-433f-bebc-ee79441e69a6	2025-08-21 09:50:28.473229+00	2025-08-21 09:50:28.473245+00	TU	t	00:00:00	00:00:00	2c0d743f-632a-40ff-97df-295f20cd23ee
3a68b44a-ed85-4190-83d6-12d3c1188fa9	2025-08-21 09:50:28.476261+00	2025-08-21 09:50:28.476276+00	WE	t	00:00:00	00:00:00	2c0d743f-632a-40ff-97df-295f20cd23ee
c7b24f31-b690-46f2-931a-45a3c7b11f49	2025-08-21 09:50:28.479357+00	2025-08-21 09:50:28.479404+00	TH	t	00:00:00	00:00:00	2c0d743f-632a-40ff-97df-295f20cd23ee
9187c534-b6c8-4965-bc9d-89e59c03cb16	2025-08-21 09:50:28.482656+00	2025-08-21 09:50:28.482672+00	FR	t	00:00:00	00:00:00	2c0d743f-632a-40ff-97df-295f20cd23ee
e2e521c3-456e-493a-b730-6e369476ba23	2025-08-21 09:50:28.486322+00	2025-08-21 09:50:28.486342+00	SA	t	00:00:00	00:00:00	2c0d743f-632a-40ff-97df-295f20cd23ee
01018f16-1f1a-482b-a42d-cb4b3839ac99	2025-08-21 09:50:28.489782+00	2025-08-21 09:50:28.489802+00	SU	t	00:00:00	00:00:00	2c0d743f-632a-40ff-97df-295f20cd23ee
d60cdfd3-bba8-4c90-97e9-09d852ef3d75	2025-08-21 10:44:04.260675+00	2025-08-21 10:44:04.260695+00	MO	t	00:00:00	00:00:00	4f0a4fed-f6af-48fd-ae69-d4e71eb25575
241d0369-66e4-411f-bb65-a23b2929186d	2025-08-21 10:44:04.265616+00	2025-08-21 10:44:04.265642+00	TU	t	00:00:00	00:00:00	4f0a4fed-f6af-48fd-ae69-d4e71eb25575
f811ab3b-6724-4035-8750-2a20593fc4d0	2025-08-21 10:44:04.269017+00	2025-08-21 10:44:04.269032+00	WE	t	00:00:00	00:00:00	4f0a4fed-f6af-48fd-ae69-d4e71eb25575
5d626755-ecc0-47a7-a72e-c16662cc9ddd	2025-08-21 10:44:04.27233+00	2025-08-21 10:44:04.27235+00	TH	t	00:00:00	00:00:00	4f0a4fed-f6af-48fd-ae69-d4e71eb25575
e3ac8950-6a98-403e-873e-3bcce222ce0e	2025-08-21 10:44:04.275804+00	2025-08-21 10:44:04.275817+00	FR	t	00:00:00	00:00:00	4f0a4fed-f6af-48fd-ae69-d4e71eb25575
afa9135a-812f-43f4-b586-f7369b01e2d5	2025-08-21 10:44:04.279045+00	2025-08-21 10:44:04.279066+00	SA	t	00:00:00	00:00:00	4f0a4fed-f6af-48fd-ae69-d4e71eb25575
6378ac61-e171-48be-8831-b2b3ea2eaf4e	2025-08-21 10:44:04.282298+00	2025-08-21 10:44:04.282312+00	SU	t	00:00:00	00:00:00	4f0a4fed-f6af-48fd-ae69-d4e71eb25575
fac65a9b-9ef6-4175-83f7-504d85c1b037	2025-08-21 10:58:22.069215+00	2025-08-21 10:58:22.069237+00	MO	t	00:00:00	00:00:00	704cc773-1e93-4159-8c35-535bad3ace5e
028999ac-a5a2-45ce-8b83-4d7b536fb2bd	2025-08-21 10:58:22.074432+00	2025-08-21 10:58:22.074451+00	TU	t	00:00:00	00:00:00	704cc773-1e93-4159-8c35-535bad3ace5e
d79bc2ea-5ee8-4060-a5c2-f5f43159702f	2025-08-21 10:58:22.078082+00	2025-08-21 10:58:22.078102+00	WE	t	00:00:00	00:00:00	704cc773-1e93-4159-8c35-535bad3ace5e
5008c973-3fdc-4dc4-82df-a73c548d0833	2025-08-21 10:58:22.081613+00	2025-08-21 10:58:22.081633+00	TH	t	00:00:00	00:00:00	704cc773-1e93-4159-8c35-535bad3ace5e
5e1cccfe-fce5-47ea-a8bf-f5cdc6a05387	2025-08-21 10:58:22.085113+00	2025-08-21 10:58:22.085129+00	FR	t	00:00:00	00:00:00	704cc773-1e93-4159-8c35-535bad3ace5e
0f0187e6-5d10-445b-9cd4-9fff4084fd61	2025-08-21 10:58:22.088832+00	2025-08-21 10:58:22.088845+00	SA	t	00:00:00	00:00:00	704cc773-1e93-4159-8c35-535bad3ace5e
dbbc33f1-5a6f-4edc-94a0-953c67e84de7	2025-08-21 10:58:22.092223+00	2025-08-21 10:58:22.092236+00	SU	t	00:00:00	00:00:00	704cc773-1e93-4159-8c35-535bad3ace5e
336241d8-17b7-4bad-8e54-7aed57c96291	2025-08-21 11:32:51.48305+00	2025-08-21 11:32:51.483072+00	MO	t	09:00:00	17:00:00	ff843585-d7fb-43c9-8de7-7d08dfb78405
b16efa5f-b9c0-4789-9496-85f0e3803a06	2025-08-21 11:32:51.488178+00	2025-08-21 11:32:51.48821+00	TU	t	09:00:00	17:00:00	ff843585-d7fb-43c9-8de7-7d08dfb78405
854d05d1-6d41-4ddb-aa35-7569cd84feeb	2025-08-21 11:32:51.491423+00	2025-08-21 11:32:51.49146+00	WE	t	09:00:00	17:00:00	ff843585-d7fb-43c9-8de7-7d08dfb78405
0fa3c437-73fa-48e1-a672-66ba48467192	2025-08-21 11:32:51.494444+00	2025-08-21 11:32:51.494483+00	TH	t	09:00:00	17:00:00	ff843585-d7fb-43c9-8de7-7d08dfb78405
24971498-31f7-4205-abd4-5cdcdaee8186	2025-08-21 11:32:51.497553+00	2025-08-21 11:32:51.497578+00	FR	t	09:00:00	17:00:00	ff843585-d7fb-43c9-8de7-7d08dfb78405
9df2a24f-f82b-4f63-be18-cf41f932fbaa	2025-08-21 11:32:51.504236+00	2025-08-21 11:32:51.504267+00	SA	f	00:00:00	00:00:00	ff843585-d7fb-43c9-8de7-7d08dfb78405
9fb25646-5f18-49b8-a023-04eb5b95eb7e	2025-08-21 11:32:51.507866+00	2025-08-21 11:32:51.507883+00	SU	f	00:00:00	00:00:00	ff843585-d7fb-43c9-8de7-7d08dfb78405
ee37fff0-0779-438f-8269-e7cdbedd200d	2025-08-21 12:15:56.715278+00	2025-08-21 12:15:56.715299+00	MO	t	08:00:00	17:00:00	db351bf5-b99e-4d8c-8726-9db450c83988
d1903b7b-8e16-475d-b879-593bfbf060ee	2025-08-21 12:15:56.720434+00	2025-08-21 12:15:56.720452+00	TU	t	08:00:00	17:00:00	db351bf5-b99e-4d8c-8726-9db450c83988
eb11b4eb-883d-472d-a60c-3e2c1c005182	2025-08-21 12:15:56.723904+00	2025-08-21 12:15:56.723918+00	WE	t	08:00:00	17:00:00	db351bf5-b99e-4d8c-8726-9db450c83988
a7e5f811-7585-48b4-990d-e70597c565d0	2025-08-21 12:15:56.726926+00	2025-08-21 12:15:56.726938+00	TH	t	08:00:00	17:00:00	db351bf5-b99e-4d8c-8726-9db450c83988
ae37a72a-c01d-496a-b4b3-50b1e0d6c658	2025-08-21 12:15:56.730166+00	2025-08-21 12:15:56.73018+00	FR	t	08:00:00	17:00:00	db351bf5-b99e-4d8c-8726-9db450c83988
25cd500e-7dac-4870-9300-56dd0bdc2473	2025-08-21 12:15:56.733547+00	2025-08-21 12:15:56.733561+00	SA	t	08:00:00	13:00:00	db351bf5-b99e-4d8c-8726-9db450c83988
fc8442bf-64bb-4718-ad4c-1ef893425912	2025-08-21 12:15:56.736616+00	2025-08-21 12:15:56.736629+00	SU	f	00:00:00	00:00:00	db351bf5-b99e-4d8c-8726-9db450c83988
c02eb327-3997-4b90-8874-d3fa9a34daa8	2025-08-21 12:24:55.58179+00	2025-08-21 12:24:55.581809+00	MO	t	09:00:00	18:00:00	dd94c58e-1c2a-4ec9-9298-37ddae733bfc
a849eb7c-a581-407f-a937-ebc6c992e964	2025-08-21 12:24:55.586262+00	2025-08-21 12:24:55.586275+00	TU	t	09:00:00	18:00:00	dd94c58e-1c2a-4ec9-9298-37ddae733bfc
4e2f526e-3ef0-4d19-b1dc-6692257a6733	2025-08-21 12:24:55.589123+00	2025-08-21 12:24:55.589135+00	WE	t	09:00:00	18:00:00	dd94c58e-1c2a-4ec9-9298-37ddae733bfc
e65cecce-ddab-47c7-b71c-f07a9499c6af	2025-08-21 12:24:55.592302+00	2025-08-21 12:24:55.592314+00	TH	t	09:00:00	18:00:00	dd94c58e-1c2a-4ec9-9298-37ddae733bfc
ae3635cf-4d44-4f5b-9c3a-e649a23027cf	2025-08-21 12:24:55.595253+00	2025-08-21 12:24:55.595266+00	FR	t	09:00:00	18:00:00	dd94c58e-1c2a-4ec9-9298-37ddae733bfc
c8bebfef-9ded-4d2f-9211-8386a381c39e	2025-08-21 12:24:55.59823+00	2025-08-21 12:24:55.598243+00	SA	t	09:00:00	18:00:00	dd94c58e-1c2a-4ec9-9298-37ddae733bfc
1d7ee8c3-73c2-4eb5-9c0d-79807c7715b3	2025-08-21 12:24:55.601392+00	2025-08-21 12:24:55.601404+00	SU	t	09:00:00	18:00:00	dd94c58e-1c2a-4ec9-9298-37ddae733bfc
6577d652-1d09-4e5b-afc5-5b590f5e3f78	2025-08-21 13:29:14.426875+00	2025-08-21 13:29:14.426895+00	MO	t	09:00:00	18:00:00	2d301ea5-6d19-4813-a941-8212da6bf208
7b394ca1-3660-4665-adf6-bfb008fcdad4	2025-08-21 13:29:14.431357+00	2025-08-21 13:29:14.431413+00	TU	t	09:00:00	18:00:00	2d301ea5-6d19-4813-a941-8212da6bf208
fea1d5a3-b0b1-4627-ac32-0d8e6b5dcd12	2025-08-21 13:29:14.434611+00	2025-08-21 13:29:14.434626+00	WE	t	00:00:00	18:00:00	2d301ea5-6d19-4813-a941-8212da6bf208
518b2477-c7b4-4739-956d-f66095a55552	2025-08-21 13:29:14.438047+00	2025-08-21 13:29:14.438072+00	TH	t	09:00:00	18:00:00	2d301ea5-6d19-4813-a941-8212da6bf208
40eb78e5-09d0-4d8e-9e5e-595ebd8865f6	2025-08-21 13:29:14.441453+00	2025-08-21 13:29:14.441489+00	FR	t	09:00:00	18:00:00	2d301ea5-6d19-4813-a941-8212da6bf208
3b992fa3-64c1-4d63-81f4-7f158d87fe91	2025-08-21 13:29:14.444785+00	2025-08-21 13:29:14.444809+00	SA	t	09:00:00	18:00:00	2d301ea5-6d19-4813-a941-8212da6bf208
d8460d29-3dfe-4c11-829f-694cdafd8b7b	2025-08-21 13:29:14.447684+00	2025-08-21 13:29:14.447698+00	SU	f	00:00:00	00:00:00	2d301ea5-6d19-4813-a941-8212da6bf208
b944b529-d8cb-40f6-a701-958682cd777e	2025-08-21 13:49:02.055527+00	2025-08-21 13:49:02.055551+00	MO	t	09:00:00	20:00:00	63c8c0ab-0eeb-4cce-8980-a7b0d945ca0f
90739c49-8c64-4bda-b81a-93012fd2f5e8	2025-08-21 13:49:02.069159+00	2025-08-21 13:49:02.069185+00	TU	t	09:00:00	20:00:00	63c8c0ab-0eeb-4cce-8980-a7b0d945ca0f
7b633873-c33c-4f98-b329-6a11b99ed059	2025-08-21 13:49:02.072596+00	2025-08-21 13:49:02.072625+00	WE	t	09:00:00	20:00:00	63c8c0ab-0eeb-4cce-8980-a7b0d945ca0f
d83bf331-47af-42dd-b7c8-a0180f753739	2025-08-21 13:49:02.078595+00	2025-08-21 13:49:02.078621+00	TH	t	09:00:00	20:00:00	63c8c0ab-0eeb-4cce-8980-a7b0d945ca0f
c31a2269-f3f3-4d15-8dbb-682be158d1fe	2025-08-21 13:49:02.082025+00	2025-08-21 13:49:02.082044+00	FR	t	09:00:00	20:00:00	63c8c0ab-0eeb-4cce-8980-a7b0d945ca0f
e247993b-00be-4f56-945b-c45b60b5a016	2025-08-21 13:49:02.085114+00	2025-08-21 13:49:02.085138+00	SA	t	09:00:00	20:00:00	63c8c0ab-0eeb-4cce-8980-a7b0d945ca0f
ec145aff-d326-4077-909f-2904f78734cf	2025-08-21 13:49:02.088112+00	2025-08-21 13:49:02.088143+00	SU	t	00:00:00	00:00:00	63c8c0ab-0eeb-4cce-8980-a7b0d945ca0f
3a80c6ec-a8e3-432f-8a97-9d1718d154e5	2025-08-30 08:34:23.290839+00	2025-08-30 08:34:23.29086+00	MO	t	08:00:00	16:30:00	9457425a-cc08-407b-91d1-6330e0e66cb4
3dcb3ca4-bd0b-4ba3-ab2a-50744c219773	2025-08-30 08:34:23.295172+00	2025-08-30 08:34:23.295189+00	TU	t	08:00:00	16:30:00	9457425a-cc08-407b-91d1-6330e0e66cb4
3c79d518-4018-4742-aeff-012738f74bea	2025-08-30 08:34:23.29812+00	2025-08-30 08:34:23.298134+00	WE	t	08:00:00	16:30:00	9457425a-cc08-407b-91d1-6330e0e66cb4
42fe868b-b89f-48ee-aaa7-728ba2e1fb1c	2025-08-30 08:34:23.300926+00	2025-08-30 08:34:23.300946+00	TH	t	08:00:00	16:30:00	9457425a-cc08-407b-91d1-6330e0e66cb4
0c3fbcbd-5c4c-43bf-8e13-f2fe99b76f12	2025-08-30 08:34:23.30388+00	2025-08-30 08:34:23.303894+00	FR	t	08:00:00	16:30:00	9457425a-cc08-407b-91d1-6330e0e66cb4
26146e00-f8c3-4587-b90d-fd311b5325c0	2025-08-30 08:34:23.306743+00	2025-08-30 08:34:23.306756+00	SA	f	00:00:00	00:00:00	9457425a-cc08-407b-91d1-6330e0e66cb4
2f365b4f-7b88-412e-b0ff-3524c9e795df	2025-08-30 08:34:23.309604+00	2025-08-30 08:34:23.309616+00	SU	f	00:00:00	00:00:00	9457425a-cc08-407b-91d1-6330e0e66cb4
f255f1e3-fc26-4ec0-842b-b2dadef00bac	2025-09-02 08:27:10.69172+00	2025-09-02 08:27:10.691741+00	MO	t	00:00:00	00:00:00	cfec3c9d-a3ab-42e6-9166-a87c1963f007
5917cafc-167b-4754-9323-e26a23ed67be	2025-09-02 08:27:10.695668+00	2025-09-02 08:27:10.695686+00	TU	t	00:00:00	00:00:00	cfec3c9d-a3ab-42e6-9166-a87c1963f007
b9fab7fe-4f3e-4bea-91ef-0718c1014e82	2025-09-02 08:27:10.698363+00	2025-09-02 08:27:10.698377+00	WE	t	00:00:00	00:00:00	cfec3c9d-a3ab-42e6-9166-a87c1963f007
0397e7e2-a3a9-4ead-8eee-5133a0fe21eb	2025-09-02 08:27:10.700896+00	2025-09-02 08:27:10.700911+00	TH	t	00:00:00	00:00:00	cfec3c9d-a3ab-42e6-9166-a87c1963f007
423a4ddb-7832-4083-9dff-4863bf254c18	2025-09-02 08:27:10.703643+00	2025-09-02 08:27:10.703657+00	FR	t	00:00:00	00:00:00	cfec3c9d-a3ab-42e6-9166-a87c1963f007
c7d6dce3-2c27-492e-9a12-1af0421c060d	2025-09-02 08:27:10.709883+00	2025-09-02 08:27:10.709903+00	SA	t	00:00:00	00:00:00	cfec3c9d-a3ab-42e6-9166-a87c1963f007
4dbba496-f528-4963-be5d-51ec4cc14bb5	2025-09-02 08:27:10.712383+00	2025-09-02 08:27:10.712398+00	SU	t	00:00:00	00:00:00	cfec3c9d-a3ab-42e6-9166-a87c1963f007
e9215ba2-098e-4cee-ae18-60da63942577	2025-09-02 08:39:20.045043+00	2025-09-02 08:39:20.045063+00	MO	t	00:00:00	00:00:00	b520e025-6f86-471c-906e-c6eba8183f2b
76744adc-8ea1-4873-a62d-c9fc99bcb4d4	2025-09-02 08:39:20.049895+00	2025-09-02 08:39:20.049911+00	TU	t	00:00:00	00:00:00	b520e025-6f86-471c-906e-c6eba8183f2b
b0b01862-50c0-4a37-8626-c1c235c41fd5	2025-09-02 08:39:20.053201+00	2025-09-02 08:39:20.053215+00	WE	t	00:00:00	00:00:00	b520e025-6f86-471c-906e-c6eba8183f2b
475a572b-4dcd-4920-afc2-bb2b3baea609	2025-09-02 08:39:20.055904+00	2025-09-02 08:39:20.055918+00	TH	t	00:00:00	00:00:00	b520e025-6f86-471c-906e-c6eba8183f2b
ad872f6a-6799-4bf4-9eaa-9a3378385b1b	2025-09-02 08:39:20.058416+00	2025-09-02 08:39:20.05843+00	FR	t	00:00:00	00:00:00	b520e025-6f86-471c-906e-c6eba8183f2b
c68d4c81-7350-4059-b480-fa1b77877435	2025-09-02 08:39:20.061801+00	2025-09-02 08:39:20.061819+00	SA	t	00:00:00	00:00:00	b520e025-6f86-471c-906e-c6eba8183f2b
94a85394-2431-416f-ad3f-d35c04a6f443	2025-09-02 08:39:20.064419+00	2025-09-02 08:39:20.064441+00	SU	t	00:00:00	00:00:00	b520e025-6f86-471c-906e-c6eba8183f2b
9530d030-3c08-451e-be12-983ca86459ea	2025-09-02 08:54:06.720601+00	2025-09-02 08:54:06.72062+00	MO	t	10:00:00	10:00:00	24b4dc4f-093e-45a2-a387-326dc2258ccd
fe3d6e4a-ebfb-431a-b318-8e1b8b4d528f	2025-09-02 08:54:06.724263+00	2025-09-02 08:54:06.724277+00	TU	t	10:00:00	10:00:00	24b4dc4f-093e-45a2-a387-326dc2258ccd
15f846d4-af67-4e24-bc4e-0451719a35a4	2025-09-02 08:54:06.726771+00	2025-09-02 08:54:06.726784+00	WE	t	10:00:00	10:00:00	24b4dc4f-093e-45a2-a387-326dc2258ccd
22d4e60d-a9e5-4339-accc-f8fcd6b6b675	2025-09-02 08:54:06.729236+00	2025-09-02 08:54:06.72925+00	TH	t	10:00:00	10:00:00	24b4dc4f-093e-45a2-a387-326dc2258ccd
640b659f-1094-4395-b594-7d5be7d2aacc	2025-09-02 08:54:06.733994+00	2025-09-02 08:54:06.734012+00	FR	t	10:00:00	02:00:00	24b4dc4f-093e-45a2-a387-326dc2258ccd
e0e91a06-9760-4a27-9078-66da8cd0ab70	2025-09-02 08:54:06.736493+00	2025-09-02 08:54:06.736507+00	SA	t	10:00:00	02:00:00	24b4dc4f-093e-45a2-a387-326dc2258ccd
332eda73-4a91-41b1-8de9-ff14eb233e39	2025-09-02 08:54:06.739065+00	2025-09-02 08:54:06.739079+00	SU	t	10:00:00	02:00:00	24b4dc4f-093e-45a2-a387-326dc2258ccd
7d621080-581a-473c-ae35-bbbadb1cb996	2025-09-05 09:47:42.32746+00	2025-09-05 09:47:42.327487+00	MO	t	08:00:00	05:00:00	fc0946f3-b5c7-4ca3-af86-d03d19e2b9b1
a5b41b7b-73f4-4a92-a303-b89767ebcaee	2025-09-05 09:47:42.331396+00	2025-09-05 09:47:42.331417+00	TU	t	08:00:00	05:00:00	fc0946f3-b5c7-4ca3-af86-d03d19e2b9b1
58c3b00c-38f2-4df6-bd8b-6ca7a8e8b0ed	2025-09-05 09:47:42.334327+00	2025-09-05 09:47:42.334343+00	WE	t	08:00:00	05:00:00	fc0946f3-b5c7-4ca3-af86-d03d19e2b9b1
09cdcae3-4827-4f73-8520-2bcd3e52c6d1	2025-09-05 09:47:42.336913+00	2025-09-05 09:47:42.336926+00	TH	t	08:00:00	05:00:00	fc0946f3-b5c7-4ca3-af86-d03d19e2b9b1
a31e341d-5c96-450f-9c7e-b553af222fad	2025-09-05 09:47:42.339518+00	2025-09-05 09:47:42.33953+00	FR	t	08:00:00	02:00:00	fc0946f3-b5c7-4ca3-af86-d03d19e2b9b1
cb6cd721-531e-4290-9d5a-078c5ae17b04	2025-09-05 09:47:42.342051+00	2025-09-05 09:47:42.342063+00	SA	t	08:00:00	12:00:00	fc0946f3-b5c7-4ca3-af86-d03d19e2b9b1
cf9a7823-c1ef-49ae-8075-b843ccfddc03	2025-09-05 09:47:42.344783+00	2025-09-05 09:47:42.344795+00	SU	f	00:00:00	00:00:00	fc0946f3-b5c7-4ca3-af86-d03d19e2b9b1
9a53ef10-ff69-449b-afbb-6bd01f3779c2	2025-09-05 10:38:54.199155+00	2025-09-05 10:38:54.19919+00	MO	t	08:00:00	17:00:00	2452e10c-5609-4750-9d63-dbf0fe6c7cce
3aaf2e90-5042-4d9e-931a-7ebb5a6c898e	2025-09-05 10:38:54.204184+00	2025-09-05 10:38:54.204215+00	TU	t	08:00:00	17:00:00	2452e10c-5609-4750-9d63-dbf0fe6c7cce
51c5ff64-74ee-4a7f-92b3-de255447e8cc	2025-09-05 10:38:54.20766+00	2025-09-05 10:38:54.207677+00	WE	t	08:00:00	17:00:00	2452e10c-5609-4750-9d63-dbf0fe6c7cce
96b9903a-ed2f-417b-ac82-c6e3b8a87900	2025-09-05 10:38:54.210648+00	2025-09-05 10:38:54.210665+00	TH	t	08:00:00	17:00:00	2452e10c-5609-4750-9d63-dbf0fe6c7cce
e8dc8692-3169-4540-8f60-7d192fcd91c7	2025-09-05 10:38:54.213577+00	2025-09-05 10:38:54.213593+00	FR	t	08:00:00	17:00:00	2452e10c-5609-4750-9d63-dbf0fe6c7cce
ef681a65-6f94-4f70-80b8-de9bbe782c81	2025-09-05 10:38:54.216489+00	2025-09-05 10:38:54.216506+00	SA	t	08:00:00	00:00:00	2452e10c-5609-4750-9d63-dbf0fe6c7cce
fa62ae74-6bb7-4e9c-83b9-c68801462719	2025-09-05 10:38:54.219558+00	2025-09-05 10:38:54.219579+00	SU	f	00:00:00	00:00:00	2452e10c-5609-4750-9d63-dbf0fe6c7cce
2cc017bc-e24e-4b59-8ff6-a0274f5d2443	2025-09-05 11:57:00.368224+00	2025-09-05 11:57:00.36825+00	MO	t	00:00:00	00:00:00	ec015d28-f9af-450b-9477-6739f450eaff
c8f9c2e8-355b-4e46-9cc3-46c1b3af7b47	2025-09-05 11:57:00.37264+00	2025-09-05 11:57:00.372659+00	TU	t	00:00:00	00:00:00	ec015d28-f9af-450b-9477-6739f450eaff
7891281f-fb45-456e-9490-3e81b1ad23d8	2025-09-05 11:57:00.379853+00	2025-09-05 11:57:00.379901+00	WE	t	00:00:00	00:00:00	ec015d28-f9af-450b-9477-6739f450eaff
09590081-d279-4b1b-b6d9-8f2cd6901f35	2025-09-05 11:57:00.393997+00	2025-09-05 11:57:00.394025+00	TH	t	00:00:00	00:00:00	ec015d28-f9af-450b-9477-6739f450eaff
d7678df2-59d6-4f10-badc-6387b8d9d9ef	2025-09-05 11:57:00.401102+00	2025-09-05 11:57:00.401141+00	FR	t	00:00:00	00:00:00	ec015d28-f9af-450b-9477-6739f450eaff
fd702c42-5fcb-49f5-9997-76f100c6dd17	2025-09-05 11:57:00.404725+00	2025-09-05 11:57:00.404741+00	SA	t	00:00:00	00:00:00	ec015d28-f9af-450b-9477-6739f450eaff
3605a360-286c-4298-8856-6d8aa0541334	2025-09-05 11:57:00.409104+00	2025-09-05 11:57:00.409126+00	SU	t	00:00:00	00:00:00	ec015d28-f9af-450b-9477-6739f450eaff
d5b4c4b3-23ac-47f1-905b-ee8ea780849f	2025-09-05 21:07:15.243968+00	2025-09-05 21:07:15.243988+00	MO	t	12:00:00	00:00:00	d50bf3f9-1f86-4993-9115-847d6e20258d
a189719b-bc7d-4931-add4-6da83425f234	2025-09-05 21:07:15.253244+00	2025-09-05 21:07:15.2533+00	TU	t	12:00:00	01:00:00	d50bf3f9-1f86-4993-9115-847d6e20258d
50657dfc-d194-4a9f-8aae-0238310f8e2b	2025-09-05 21:07:15.25636+00	2025-09-05 21:07:15.256374+00	WE	t	12:00:00	00:00:00	d50bf3f9-1f86-4993-9115-847d6e20258d
ea818c5b-10f7-4c90-a431-814b07f7304f	2025-09-05 21:07:15.258929+00	2025-09-05 21:07:15.258953+00	TH	t	12:00:00	00:00:00	d50bf3f9-1f86-4993-9115-847d6e20258d
d7d5052a-04ab-4d29-b9fe-08054371fcb2	2025-09-05 21:07:15.261494+00	2025-09-05 21:07:15.261508+00	FR	t	12:00:00	00:00:00	d50bf3f9-1f86-4993-9115-847d6e20258d
473b41aa-68cd-45f3-a046-43ac6d3e1c44	2025-09-05 21:07:15.263827+00	2025-09-05 21:07:15.26384+00	SA	t	12:00:00	00:00:00	d50bf3f9-1f86-4993-9115-847d6e20258d
a0487d72-59aa-4be1-97bf-9da24b37e800	2025-09-05 21:07:15.266434+00	2025-09-05 21:07:15.266448+00	SU	f	00:00:00	00:00:00	d50bf3f9-1f86-4993-9115-847d6e20258d
78fc8e88-3073-4ef7-8f96-a9dd2a19bdfb	2025-09-16 16:08:54.224021+00	2025-09-16 16:08:54.224044+00	MO	t	08:00:00	17:00:00	948b0722-747e-4de6-9d69-47b465787da6
332a381b-22ce-4677-8f2a-98970c3cf239	2025-09-16 16:08:54.239624+00	2025-09-16 16:08:54.239651+00	TU	t	08:00:00	17:00:00	948b0722-747e-4de6-9d69-47b465787da6
606b7255-e3d6-4ad5-a10c-9be3e9f9a5a8	2025-09-16 16:08:54.243484+00	2025-09-16 16:08:54.243503+00	WE	t	08:00:00	17:00:00	948b0722-747e-4de6-9d69-47b465787da6
068b6717-79a2-4fad-aa8d-860b559616e1	2025-09-16 16:08:54.246868+00	2025-09-16 16:08:54.246884+00	TH	t	08:00:00	17:00:00	948b0722-747e-4de6-9d69-47b465787da6
665325cc-86b6-4c62-a5e7-23a3e0fa4923	2025-09-16 16:08:54.252759+00	2025-09-16 16:08:54.25278+00	FR	t	08:00:00	17:00:00	948b0722-747e-4de6-9d69-47b465787da6
bc4bb795-6eda-4324-aa55-5108eb7faa9d	2025-09-16 16:08:54.259152+00	2025-09-16 16:08:54.259176+00	SA	f	00:00:00	00:00:00	948b0722-747e-4de6-9d69-47b465787da6
c6324a15-7b06-49ed-b9ea-d72a1dcad93c	2025-09-16 16:08:54.272497+00	2025-09-16 16:08:54.272525+00	SU	f	00:00:00	00:00:00	948b0722-747e-4de6-9d69-47b465787da6
a7092f93-beda-4e13-9bb2-d6a77e9074a0	2025-10-27 06:14:51.527624+00	2025-10-27 06:14:51.527655+00	MO	t	07:00:00	18:00:00	746f2944-3353-4a78-bebe-428b1b478c76
90a80f77-dd3a-4935-8120-8cc7354895ed	2025-10-27 06:14:51.538299+00	2025-10-27 06:14:51.538329+00	TU	t	07:00:00	18:00:00	746f2944-3353-4a78-bebe-428b1b478c76
8ba319d0-858f-4ff6-b049-14f8cd5ebb1e	2025-10-27 06:14:51.545802+00	2025-10-27 06:14:51.545828+00	WE	t	07:00:00	18:00:00	746f2944-3353-4a78-bebe-428b1b478c76
4dcd29cb-1491-4ec1-8384-99991ee23dac	2025-10-27 06:14:51.550451+00	2025-10-27 06:14:51.550473+00	TH	t	07:00:00	18:00:00	746f2944-3353-4a78-bebe-428b1b478c76
3c375230-395f-4d8b-8070-2f5bfc688dbf	2025-10-27 06:14:51.553981+00	2025-10-27 06:14:51.553997+00	FR	t	07:00:00	18:00:00	746f2944-3353-4a78-bebe-428b1b478c76
fdf2942f-c030-4d1f-9781-946987974899	2025-10-27 06:14:51.558481+00	2025-10-27 06:14:51.558495+00	SA	t	08:00:00	14:00:00	746f2944-3353-4a78-bebe-428b1b478c76
31724e49-e200-484e-ae62-2817c408417e	2025-10-27 06:14:51.562093+00	2025-10-27 06:14:51.562107+00	SU	f	07:00:00	00:00:00	746f2944-3353-4a78-bebe-428b1b478c76
49169e8b-d7a3-4e10-9cee-8ae074eec1c6	2025-11-24 22:41:20.508693+00	2025-11-24 22:41:20.50871+00	MO	t	09:00:00	17:00:00	002ec8f3-4e3a-4a2d-999e-9adda9de8c62
189ae069-c483-472c-b8fe-05b201d82714	2025-11-24 22:41:20.514689+00	2025-11-24 22:41:20.514702+00	TU	t	09:00:00	17:00:00	002ec8f3-4e3a-4a2d-999e-9adda9de8c62
76689498-0dde-4402-8ddc-70fc03ee1c6b	2025-11-24 22:41:20.517826+00	2025-11-24 22:41:20.517838+00	WE	t	09:00:00	14:00:00	002ec8f3-4e3a-4a2d-999e-9adda9de8c62
828f9d10-e69d-4dbc-b414-3d3204451401	2025-11-24 22:41:20.520135+00	2025-11-24 22:41:20.520146+00	TH	t	09:00:00	17:00:00	002ec8f3-4e3a-4a2d-999e-9adda9de8c62
cea0e3d2-e7b1-481e-9867-c6c256703533	2025-11-24 22:41:20.524277+00	2025-11-24 22:41:20.524293+00	FR	t	09:00:00	17:00:00	002ec8f3-4e3a-4a2d-999e-9adda9de8c62
7d04b294-9c41-4604-94c0-6341c6d9d5ff	2025-11-24 22:41:20.532597+00	2025-11-24 22:41:20.532613+00	SA	f	00:00:00	00:00:00	002ec8f3-4e3a-4a2d-999e-9adda9de8c62
2cdcdb03-29d3-46d8-8b21-07139df387a3	2025-11-24 22:41:20.53546+00	2025-11-24 22:41:20.535472+00	SU	f	00:00:00	00:00:00	002ec8f3-4e3a-4a2d-999e-9adda9de8c62
ff278dfd-9000-4bb3-b547-7dab612d3ca9	2026-01-03 14:36:21.910786+00	2026-01-03 14:36:21.910812+00	MO	t	08:00:00	17:00:00	bceb392d-99b9-4085-949d-f1a28e10a532
61ba46d8-bc2a-475c-b811-c0e601373304	2026-01-03 14:36:21.921164+00	2026-01-03 14:36:21.921197+00	TU	t	08:00:00	17:00:00	bceb392d-99b9-4085-949d-f1a28e10a532
68e9b0ea-5776-43e6-9b65-c388f9264e55	2026-01-03 14:36:21.924847+00	2026-01-03 14:36:21.924867+00	WE	t	08:00:00	17:00:00	bceb392d-99b9-4085-949d-f1a28e10a532
70b97344-8bec-4124-8653-6d7db99734d8	2026-01-03 14:36:21.928047+00	2026-01-03 14:36:21.928068+00	TH	t	08:00:00	17:00:00	bceb392d-99b9-4085-949d-f1a28e10a532
70e56193-10ab-4414-9e40-9169b26a592c	2026-01-03 14:36:21.931607+00	2026-01-03 14:36:21.931634+00	FR	t	08:00:00	17:00:00	bceb392d-99b9-4085-949d-f1a28e10a532
030abdd7-9925-48f9-86e3-ab0fd1795605	2026-01-03 14:36:21.934924+00	2026-01-03 14:36:21.934948+00	SA	t	09:00:00	02:00:00	bceb392d-99b9-4085-949d-f1a28e10a532
8dc74efa-0d5f-4145-9442-98f01c488514	2026-01-03 14:36:21.938456+00	2026-01-03 14:36:21.938503+00	SU	t	00:00:00	00:00:00	bceb392d-99b9-4085-949d-f1a28e10a532
534cad92-8ee0-4209-ba63-5a3aa889eb9b	2026-01-26 12:52:12.691239+00	2026-01-26 12:52:12.691264+00	MO	t	08:00:00	05:00:00	421b4332-2599-41c1-8acb-f869bfc7fffe
1e97fb24-fa15-45e8-9811-7c043afce152	2026-01-26 12:52:12.704061+00	2026-01-26 12:52:12.704079+00	WE	t	00:00:00	00:00:00	421b4332-2599-41c1-8acb-f869bfc7fffe
c6699932-39dc-4301-84e2-f39bae81cc05	2026-01-26 12:52:12.707141+00	2026-01-26 12:52:12.707159+00	TH	t	00:00:00	00:00:00	421b4332-2599-41c1-8acb-f869bfc7fffe
9218c05d-60b2-4a06-b83d-5b24bbb73d5f	2026-01-26 12:52:12.710345+00	2026-01-26 12:52:12.710374+00	FR	t	00:00:00	00:00:00	421b4332-2599-41c1-8acb-f869bfc7fffe
fd05f942-cd74-41fa-9cfa-8aa45e76b7bb	2026-01-26 12:52:12.713527+00	2026-01-26 12:52:12.713544+00	SA	t	00:00:00	00:00:00	421b4332-2599-41c1-8acb-f869bfc7fffe
9ddd9f70-3d09-4164-8543-bbdb483caa5b	2026-01-26 12:52:12.717375+00	2026-01-26 12:52:12.717399+00	SU	t	00:00:00	00:00:00	421b4332-2599-41c1-8acb-f869bfc7fffe
7af214b9-54a5-416e-a610-3469a5ff26f2	2026-01-26 12:52:12.700557+00	2026-01-26 12:54:11.430166+00	TU	t	09:00:00	05:00:00	421b4332-2599-41c1-8acb-f869bfc7fffe
d6deefc6-dd3b-4c93-b7d7-74f31c6311c9	2026-02-23 20:07:53.79774+00	2026-02-23 20:07:53.797762+00	MO	t	10:00:00	19:00:00	de772ec1-244d-4b8f-a6b6-3acf87b1b294
825e2656-6c05-477f-802f-b21a3e748799	2026-02-23 20:07:53.803465+00	2026-02-23 20:07:53.803484+00	TU	t	00:00:00	00:00:00	de772ec1-244d-4b8f-a6b6-3acf87b1b294
2f3641ff-049f-4af3-96df-58c163edfa08	2026-02-23 20:07:53.806595+00	2026-02-23 20:07:53.806609+00	WE	t	10:00:00	19:00:00	de772ec1-244d-4b8f-a6b6-3acf87b1b294
1c8ce5c3-7fd5-4017-80d9-df4ef9f4d446	2026-02-23 20:07:53.809572+00	2026-02-23 20:07:53.809585+00	TH	t	10:00:00	19:00:00	de772ec1-244d-4b8f-a6b6-3acf87b1b294
b1c8f9cd-f71f-4e0c-9a54-cb61c9389d32	2026-02-23 20:07:53.812041+00	2026-02-23 20:07:53.812053+00	FR	t	10:00:00	19:00:00	de772ec1-244d-4b8f-a6b6-3acf87b1b294
2ce35516-ea60-4961-88e7-14024d965cbf	2026-02-23 20:07:53.814507+00	2026-02-23 20:07:53.81452+00	SA	t	10:00:00	19:00:00	de772ec1-244d-4b8f-a6b6-3acf87b1b294
09fada26-2245-4a77-8e1b-365fecf5d270	2026-02-23 20:07:53.816848+00	2026-02-23 20:07:53.81686+00	SU	t	10:00:00	19:00:00	de772ec1-244d-4b8f-a6b6-3acf87b1b294
60f6383a-0372-4720-8a0e-509afbe775cb	2026-03-04 17:24:01.325357+00	2026-03-04 17:24:01.32538+00	MO	t	08:30:00	17:00:00	42c3c21c-b2a5-47af-bac2-53c58e8c4c5e
cfd167f2-eb72-422a-8651-360b2522b9a6	2026-03-04 17:24:01.329871+00	2026-03-04 17:24:01.329896+00	TU	t	08:30:00	17:00:00	42c3c21c-b2a5-47af-bac2-53c58e8c4c5e
1da06c22-748a-4d61-ac4e-7f9d8cd15cc3	2026-03-04 17:24:01.33356+00	2026-03-04 17:24:01.333582+00	WE	t	08:30:00	17:00:00	42c3c21c-b2a5-47af-bac2-53c58e8c4c5e
11111780-11f7-4804-8559-62110f69a816	2026-03-04 17:24:01.337081+00	2026-03-04 17:24:01.337101+00	TH	t	08:30:00	00:00:00	42c3c21c-b2a5-47af-bac2-53c58e8c4c5e
c97a2adc-9484-4c13-9489-85454f9c04f2	2026-03-04 17:24:01.340258+00	2026-03-04 17:24:01.340277+00	FR	t	08:30:00	00:00:00	42c3c21c-b2a5-47af-bac2-53c58e8c4c5e
5efa8d92-9bad-40a8-8905-22284e325985	2026-03-04 17:24:01.342977+00	2026-03-04 17:24:01.342997+00	SA	t	00:00:00	00:00:00	42c3c21c-b2a5-47af-bac2-53c58e8c4c5e
6ec86244-7871-4917-9b99-2261faa2bcfd	2026-03-04 17:24:01.345774+00	2026-03-04 17:24:01.345795+00	SU	t	00:00:00	00:00:00	42c3c21c-b2a5-47af-bac2-53c58e8c4c5e
\.


--
-- Data for Name: listings_businesslocation; Type: TABLE DATA; Schema: public; Owner: thomas
--

COPY public.listings_businesslocation (id, created, updated, map_coordinates, address_id, address, business_id, email, location_title, phone) FROM stdin;
f1c5a13c-d383-4577-82c4-e1ad95475813	2025-01-11 16:16:50.996388+00	2025-01-11 16:16:50.99641+00	-29.8815205,30.980781	\N	Dirk Uys Street, Durban, KZN, 4001, South Africa	4d985c09-41fe-46fe-8d96-489f4102268f	\N	\N	\N
9ec74b6b-a834-437c-855e-a471f8053230	2025-01-11 16:18:51.458031+00	2025-01-11 16:18:51.458052+00	-30.1817829,30.77524439999999	\N	, eMkhomazi, KZN, 4170, South Africa	4d985c09-41fe-46fe-8d96-489f4102268f	\N	\N	\N
9f4b2358-4658-4775-9853-e916859f8d75	2025-08-13 12:03:21.325599+00	2025-08-13 12:03:21.325628+00	-33.9243894,18.4361279	\N	Christiaan Barnard Street, Cape Town, WC, 8001, South Africa	84ea22c3-a4ec-44c2-b91b-db147506d2cc	\N	\N	\N
96a8218f-ec44-42ca-b3ab-dcc659c93183	2025-08-13 12:03:48.7607+00	2025-08-13 12:03:48.760719+00	-33.7500062,23.4924997	\N	, Misgund, EC, 6440, South Africa	84ea22c3-a4ec-44c2-b91b-db147506d2cc	\N	\N	\N
aa56d8fb-5363-4ea0-b00f-1f61ee530af3	2026-02-23 20:17:43.800645+00	2026-02-23 20:17:43.800669+00	-33.9100329,18.4251674	\N	Makers Landing, The Cruise Terminal, Victoria & Alfred Waterfront, Cape Town, WC, 8001, South Africa	de772ec1-244d-4b8f-a6b6-3acf87b1b294	\N	\N	\N
\.


--
-- Data for Name: listings_businessreview; Type: TABLE DATA; Schema: public; Owner: thomas
--

COPY public.listings_businessreview (id, created, updated, rating_value, commenter_email, commenter_full_names, comment_title, comment, business_id, commenter_id) FROM stdin;
6a994a62-b836-4de4-b9c1-0d90ccde1a7c	2024-08-15 09:12:05.336967+00	2024-08-15 09:12:05.33698+00	4	gumedethomas12@gmail.com	Thomas Gumede	Testing Review	Testing review	4e41552b-fa41-4956-b1df-81ea86dc86f8	1
524f5d25-3c3a-4f22-bff5-2cdc751ad3a8	2024-09-25 08:42:48.023314+00	2024-09-25 08:42:48.023336+00	4	sazi.ndwandwa@gmail.com	Sazi Ndwandwa	Great responsiveness	I enjoyed the good communication and responsiveness via WhatsApp.\r\n\r\nThe appointment made was kept punctually.\r\n\r\nThe problem was explained.\r\nI was given a quote and the issue was explained.\r\n\r\nI am happy with the service.\r\n\r\nI installed an extractor fan for the bathroom and a ceiling fan for the bedroom.	4d985c09-41fe-46fe-8d96-489f4102268f	2
1d110ddb-a780-4884-89a3-d1f292f5563a	2024-09-27 05:33:55.716239+00	2024-09-27 05:33:55.716252+00	4	sazi.ndwandwa@gmail.com	Sazi Ndwandwa	Excellent	We enjoyed listening to the band during the 5 year year celebration for BBGI in May 2024.\r\n\r\nProfessional. Punctual. Poised.\r\n\r\nThe music had variety and catered for the occasion and was aligned to the program.\r\n\r\nI recommend this band. Highly.	6933ed46-acc8-4abf-936d-73af4100532c	2
0b1e0030-f804-40c9-a1c0-64be7c14f44a	2024-11-24 00:27:59.941632+00	2024-11-24 00:27:59.94165+00	5	sazi.ndwandwa@gmail.com	Sazi Ndwandwa	Reliable high quality service	Professional. \r\nReliable.\r\nHigh quality.\r\nEvery time.\r\n\r\nWe used this company during a golf day.\r\n\r\nThe communication upfront was consistent and clear. The team were proactive and made sure they were prepared. They also arrived very early to be part of the set up and events management team.\r\n\r\nDefinitely recommended!	573a757b-2233-4885-9a3c-41965af5b4cb	2
01e616f6-8c2d-41d3-8300-f2a8d0a168af	2024-11-24 00:30:16.90976+00	2024-11-24 00:30:16.909777+00	5	sazi.ndwandwa@gmail.com	Sazi Ndwandwa	Good time and high quality. Goes the extra mile.	We relied on this company for our branded water that we used for events and golf days. \r\n\r\nGood communication.\r\n\r\nDelivered when promised and went the extra mile.	b2bbb504-05a0-44de-bc2e-20448c0ab8bc	2
abbfd614-d683-40a2-8d40-82c201d9e066	2025-08-12 04:39:03.198585+00	2025-08-12 04:39:03.198627+00	5	sazi.ndwandwa@gmail.com	Sazi Ndwandwa	Happy. Very Happy.	I have started using the company's business advisory services. \r\n\r\nI am happy with the quality of the advice, the understanding of my business, and the professionalism in scheduling and preparation for the meetings. \r\n\r\nThe company also communicates well and customises its approach to the client preferences and needs.	27476f73-508b-47c0-b436-86dd4051e754	\N
c118e6c3-bebc-4c46-a665-391ad1523e0c	2025-08-12 04:42:01.16598+00	2025-08-12 04:42:01.166019+00	4	sazi.ndwandwa@gmail.com	Sazi Ndwandwa	Individualised quality	If you see me looking smart with Africanised/ customised suits and African shirts... This company is the reason for that!\r\n\r\nComfortable Clothing.\r\nStylish Clothing.\r\nQuality Clothing.\r\n\r\nThey also have a great range of winter coats and jackets.\r\n\r\nThe only point of improvement is that the orders can take time due to the customisation, but once they have your size and style preferences... it gets quicker and smoother!\r\n\r\nDefinately recommended.	be4f0d25-f2d4-4cbd-a274-b4f3d0348dc2	\N
6ac8c77d-9625-406a-9fbf-6dc56024cf00	2025-09-05 09:49:54.24678+00	2025-09-05 09:49:54.246799+00	5	bathande12@gmail.com	Mphumzi	Mr	Yes	fc0946f3-b5c7-4ca3-af86-d03d19e2b9b1	115
ab59400f-024c-45aa-9ee3-40703cb5dc98	2025-11-06 06:05:22.019456+00	2025-11-06 06:05:22.019502+00	5	motheimm@gmail.com	Mothei	Wall Cleaning Extra Mile	I requested cleaning for my walls and WOW! I am amazed. Not only were my walls cleaned but they went the extra mile and cleaned my ceilings as well. Definitely calling again. So efficient thank you.	948b0722-747e-4de6-9d69-47b465787da6	\N
f3c94b42-9711-4688-b822-21137e089140	2025-11-06 06:21:15.805732+00	2025-11-06 06:21:15.80579+00	5	dintlemagile@gmail.com	Dintle	10/10 Service	10/10 service with quick response time and affordable pricing. I love the fact that I didn’t have to tell them what to do, they arrived and delivered on service efficiently. I will definitely be back	948b0722-747e-4de6-9d69-47b465787da6	\N
4c0d042d-b86f-40ff-8641-b272f8ec715d	2026-02-28 06:19:18.376218+00	2026-02-28 06:19:18.37628+00	4	sazi.ndwandwa@gmail.com	Sazi Ndwandwa	Great Quality. Taste, amounts, and timely delivery	Thank you for the wonderful food we enjoyed at the first BBGI Connect event of 2026. \r\n\r\nThe finger foods were more than enough (no shortage).\r\nThe food was great with lots of variety!\r\n\r\nThe delivery was on time.\r\nThe fifth star is missing because we didn't get to see Mantu at the event :)\r\n\r\nKeep up the good work.	704cc773-1e93-4159-8c35-535bad3ace5e	\N
eb91acb3-cbcf-41b1-9131-e3a821c82846	2026-03-05 08:36:53.654663+00	2026-03-05 08:36:53.654679+00	5	mapoloban84@gmail.com	Noluthando Phokojoe	Cook with Mantu	The food was great! Keep up the good work!	704cc773-1e93-4159-8c35-535bad3ace5e	143
\.


--
-- Data for Name: listings_category; Type: TABLE DATA; Schema: public; Owner: thomas
--

COPY public.listings_category (id, created, updated, thumbnail, slug, label, icon) FROM stdin;
ed758709-d94f-4d61-8341-0ebbb42cc265	2024-08-06 19:46:42.986888+00	2024-10-22 20:43:22.964955+00	category/business/Financial-removebg-preview.png	financial-insurance-services	Financial & Insurance Services	none
c9cc596a-f618-4659-936e-3cb5bd0ab891	2024-08-06 19:45:09.290567+00	2024-10-22 20:43:53.293185+00	category/business/Marketing-removebg-preview_1.png	professionals-services-for-businesses	Professionals Services for Businesses	none
aa5acc39-5617-470b-86ae-7601bfdf6246	2024-08-06 19:47:16.948147+00	2024-10-22 20:45:03.982736+00	category/business/Security-removebg-preview.png	security-systems-protection	Security Systems & Protection	none
a50cd364-2852-469d-91fa-212255813489	2024-08-06 19:46:07.404901+00	2024-10-22 20:45:43.51255+00	category/business/Hospitality-removebg-preview.png	hotels-accommodations	Hotels & Accommodations	none
9e8f9ab4-a014-47c8-9e57-20e8321f05e5	2024-08-06 19:45:43.37613+00	2024-10-22 20:46:12.37493+00	category/business/IT-removebg-preview.png	it-computer-technology	IT, Computer & Technology	none
83f25dd3-d96a-4499-9b1a-89e9e36180c0	2024-08-06 19:53:16.151319+00	2024-10-22 20:46:48.005616+00	category/business/Medical-removebg-preview.png	medical-healthcare	Medical & Healthcare	none
66c6f357-c6fe-44cb-8d45-4957f590dbd1	2024-08-06 19:44:20.430139+00	2024-10-22 20:47:32.518668+00	category/business/Transport-removebg-preview.png	transport-courier	Transport & Courier	none
5036d526-1ed8-42e6-a1e8-08da460951d5	2024-08-06 19:47:00.16926+00	2024-10-22 20:48:14.727646+00	category/business/Events-removebg-preview.png	events-entertainment	Events & Entertainment	none
300ddcb3-0f08-4164-b8e8-d76bcb165454	2024-08-06 19:51:42.67703+00	2024-10-22 20:48:35.389331+00	category/business/Education-removebg-preview.png	education-training	Education & Training	none
2135b159-3a9e-462e-a577-0905d0ba4950	2024-08-06 19:46:25.781225+00	2024-10-22 20:49:08.021607+00	category/business/Cars_and_automobile-removebg-preview.png	cars-automotive	Cars & Automotive	none
1d4bcafc-fad9-4ab5-9dd3-2cf3f19ec4cf	2024-08-06 19:43:54.604138+00	2024-10-22 20:49:31.829708+00	category/business/Home-removebg-preview.png	building-construction-maintanance	Building Construction & Maintanance	none
98f7b8ff-bd36-4fbb-9c43-bd6330b3583c	2025-01-21 12:42:28.019793+00	2025-01-21 12:42:28.019813+00		restaurants-cafes	Restaurants & Cafes	<i class="fas fa-utensils"></i>
caba5ae4-36f5-4138-b4ca-36047cc17133	2025-01-21 12:43:33.794852+00	2025-01-21 12:43:33.794871+00		health-wellness	Health & Wellness	<i class="fas fa-heartbeat"></i>
b35c3e66-2991-481d-8ebf-ee1815c5f0b4	2024-09-25 02:16:52.855567+00	2025-08-22 03:09:39.520697+00		food-other-consumables	Food & Other Consumables	<i class="fa-solid fa-bowl-food"></i>
0c07b980-2257-4aec-88e8-709fd1bdf07f	2024-09-25 02:21:12.712789+00	2025-08-22 03:10:55.548254+00		professional-services-for-homes	Professional Services for Homes	<i class="fa-solid fa-hammer"></i>
012f8ad8-ea4a-4d21-9d9e-388b03a917fc	2024-09-25 02:15:59.598179+00	2025-08-22 03:12:25.147452+00		clothing-textiles	Clothing & Textiles	<i class="fa-solid fa-vest-patches"></i>
a7f0657b-1b36-4d34-a5b7-86f72799245a	2024-09-25 02:21:48.755582+00	2025-08-22 03:16:28.036173+00		beauty-cosmetics	Beauty & Cosmetics	<i class="fa-solid fa-cart-flatbed-suitcase"></i>
ccb4e41f-ee53-46a5-8546-a23454d5a181	2024-09-25 02:22:27.833123+00	2025-08-22 03:18:45.80558+00		energy-fuel	Energy & Fuel	<i class="fa-solid fa-solar-panel"></i>
\.


--
-- Data for Name: listings_listingorder; Type: TABLE DATA; Schema: public; Owner: thomas
--

COPY public.listings_listingorder (id, created, updated, payment_method_type, payment_method_card_holder, payment_method_masked_card, payment_method_scheme, payment_date, order_id, client_first_name, client_last_name, client_phone, client_email, client_address_one, client_address_two, client_city, client_province, checkout_details, client_country, client_zipcode, hide_client, vat, total_amount, discount, checkout_id, payment_status, subscription_starts, subscription_ends, listing_id, subscriber_id) FROM stdin;
d6aad9fa-d28f-4c59-af15-da400eb35950	2025-07-12 21:57:45.596616+00	2025-07-12 21:57:54.492866+00	\N	\N	\N	\N	\N	BBGI20257	Thomas	Gumede	0663409363	gumedewandile18@gmail.com	None	Suite 4	Cape Town	\N	\N	South Africa	7441	t	140.00	1000.00	0.00	ch_8EjYKK52GolfqKaFVN7uak8L	PENDING	\N	\N	\N	1
500a60c4-1405-497b-b680-5624de0db7a1	2025-08-05 15:48:57.473594+00	2025-08-12 15:46:52.234223+00	\N	\N	\N	\N	\N	BBGI20258	Sigqibo	Nogaya	+27793630856	nsigqibo@gmail.com	None	None	None	\N		South Africa	7441	t	140.00	1000.00	0.00	ch_PgrMXm5Jm1zuPdXf627SKdjE	PAID	2025-08-05 16:23:09+00	\N	27476f73-508b-47c0-b436-86dd4051e754	102
\.


--
-- Data for Name: markets_qoutation; Type: TABLE DATA; Schema: public; Owner: thomas
--

COPY public.markets_qoutation (id, created, updated, file, full_names, phone, email, description, is_location_based, location, call_at, "time", date, client_id, service_id) FROM stdin;
\.


--
-- Data for Name: markets_requestservice; Type: TABLE DATA; Schema: public; Owner: thomas
--

COPY public.markets_requestservice (id, created, updated, service_title, file, full_names, phone, email, description, is_location_based, location, call_at, "time", date) FROM stdin;
5711d087-e35d-44cf-b483-2151dbb317fc	2025-03-04 21:41:28.626511+00	2025-03-04 21:41:28.626541+00	Looking Plumber	business/qoutation/Screenshot_2025-01-07_03-10-25.png	Thomas Gumede	0663409363	gumedethomas12@gmail.com	Just Checking if this works.	f	Richefond Circle, uMhlanga, KZN, 4319, South Africa	Afternoon (12pm - 5pm)	Approved Payout	\N
616298f8-8b78-426e-8057-4d17326a1ba1	2025-03-04 21:48:37.499132+00	2025-03-04 21:48:37.49916+00	Wedodev		gghgh	0663409363	gumedethomas12@gmail.com	iii	f	gghhghg	Morning(7am - 12pm)	I'm flexible	\N
f8cbcd17-6840-414c-8225-9d3d843cfd24	2025-03-04 21:49:51.295702+00	2025-03-04 21:49:51.295726+00	Wedodev		gghgh	0663409363	gumedethomas12@gmail.com	iii	f	gghhghg	Late (5pm - till late)	It an emergency	\N
0f35d62d-2678-4612-9e37-2361f8a80105	2025-05-12 10:31:40.745634+00	2025-05-12 10:31:40.745691+00	looking  foward to joining your free mentorship program and growth with bbgi		Petrus Kanyolo	0812781368	kanyolopetrus2222@gmail.com		f	NAMIBIA	Afternoon (12pm - 5pm)	I'm flexible	\N
99305e40-ac87-41bc-be21-c9d3e906767a	2025-09-05 09:53:11.277513+00	2025-09-05 09:53:11.277556+00	Funeral service		Mphumzi Sahluko	0813424148	bathande12@gmail.com	Funeral Services	f	Nokwazi Square, Cape Town, WC, 7784, South Africa	Morning(7am - 12pm)	I'm flexible	\N
\.


--
-- Data for Name: markets_service; Type: TABLE DATA; Schema: public; Owner: thomas
--

COPY public.markets_service (id, created, updated, image, title, slug, description, price_decription, price, on_discount, discount_percentage, discount_description, is_popular, business_id) FROM stdin;
0b0233a9-f8b3-4fe1-acd8-8cc3fabd04f6	2024-09-25 14:03:02.456406+00	2024-09-25 14:03:02.456439+00		Electrical installation	electrical-installation	At Sako electrians, we specialize in providing top-notch new electrical installations for various properties. Our team of trained electrians ensures that every installation is carried out efficiently and safely, adhering to all relevant regulations and standards	Callout fee	300.00	f	\N	\N	f	4d985c09-41fe-46fe-8d96-489f4102268f
1e1ceee1-1e05-4267-8266-0611a2e5b9ec	2024-10-19 10:59:09.743217+00	2024-10-19 11:02:32.09757+00		Bespoke Clothing Design - Men's Suits	bespoke-clothing-design-mens-suits	We help you build your formal or informal suits from scratch:\r\n\r\n1. Design\r\n\r\n2. Measurements\r\n\r\n3. Choosing materials\r\n\r\n4. Fitting\r\n\r\n5. Delivery\r\n\r\n6. Photography and videos to share with you people	Design to completion - men's 3 piece suit	10000.00	f	\N	\N	f	be4f0d25-f2d4-4cbd-a274-b4f3d0348dc2
6fabe9d3-6267-4dcf-bba8-c6111d0882f3	2024-10-22 18:49:20.815444+00	2024-10-22 18:49:20.815471+00	business/d4eacf782882402ba7fd779ecf9cecf3.jpg	Photography	photography	For all your Studio Photography\r\nWedding Photography\r\nCorporate Portraits\r\nEvents\r\nReal Estate, Architecture\r\nInterior Design\r\nAerial Photography (Drone)\r\nMaternity Shoots \r\nBirthday Photography\r\nBirth Photography\r\nOutdoor & On location Shoots\r\nPrivate Functions and Events	Our prices are from 850 per hour depending on events...	850.00	f	\N	\N	f	573a757b-2233-4885-9a3c-41965af5b4cb
8c513e4b-5bb7-4a1d-b204-36643b717dbf	2024-10-22 18:57:15.917573+00	2024-10-22 18:57:15.917592+00	business/8041ccb79fca4544b72876f19521f429.jpg	Branding	branding	Personalized Gifts\r\nMug Printing\r\nWater bottles\r\nFlasks\r\nTshirts printing	Ours services are from	100.00	f	\N	\N	f	573a757b-2233-4885-9a3c-41965af5b4cb
5efa8f01-9f60-4aad-8329-7fb9b6be20bb	2024-10-22 18:52:22.648556+00	2024-10-22 18:59:02.094812+00	business/9e73c309373543f5a56cc5611c76b01a.JPG	Video Filming	video-filming	Events\r\nWeddings\r\nAdverts\r\nMusic Videos\r\nDrone Footage	Ours services are from	2000.00	f	\N	\N	f	573a757b-2233-4885-9a3c-41965af5b4cb
9852824e-4f3c-44b5-a009-c0a7ddd0607f	2024-10-22 18:53:51.758486+00	2024-10-23 10:07:43.724345+00		Graphic Design	graphic-design	Poster design\r\nLogo Design\r\nBanners\r\netc	From	500.00	f	\N	\N	t	573a757b-2233-4885-9a3c-41965af5b4cb
425cb855-8915-40db-a916-9e8807d8d4f0	2024-09-25 14:03:45.074378+00	2024-10-23 10:07:51.651395+00		Electrical Maintanance	electrical-maintanance	We understand the importance of keeping your electrical systems in optimal condition. Our comprehensive electrical maintanance services help prevent potential issues, ensuring the smooth operation of your electrical infrastructure. From routine inspections to proactive repairs, we've got you covered.	Callout fee	250.00	f	\N	\N	t	4d985c09-41fe-46fe-8d96-489f4102268f
8714e01e-75da-45ec-b5f4-80810acaf71c	2024-10-19 11:08:20.364531+00	2024-10-23 10:07:58.36311+00		Strategy Facilitation	strategy-facilitation	1. Strategy Facilitation\r\n\r\n• Governing Board/ Council Strategy Facilitation\r\n• Reviewing current strategic documents and performance areas\r\n• Identifying key strategic drivers\r\n• Identifying and setting Key performance objectives	Information Gathering, facilitation and final strategy plan and report	120000.00	f	\N	\N	t	4e41552b-fa41-4956-b1df-81ea86dc86f8
e258fb18-84c4-4988-9cbc-74f90293321d	2025-08-05 15:48:57.324517+00	2025-08-05 15:48:57.324566+00	business/2c6ef2c05588456b9c895744c2d6d983.png	Business and Personal Coaching and Advice	business-and-personal-coaching-and-advice	Business and Personal Coaching and Advice	Service-Dependant	850.00	f	\N	\N	f	27476f73-508b-47c0-b436-86dd4051e754
a51b8ac7-3a20-4009-a099-5c2e07c2b875	2025-08-10 13:27:30.837869+00	2025-08-10 13:27:30.837905+00		Core Services	core-services	Financial Analysis & Management Consulting\r\n•\tComprehensive budgeting, forecasting, cost optimization, and financial planning strategies.\r\n•\tDetailed business valuations, project finance, and transaction support.\r\n•\tMargin expansion, revenue optimization, and scenario-based financial modelling.\r\nEquity Funding, IPO & Transaction Support\r\n•\tSpecialized in crafting transparent, robust, investor-grade financial models to drive successful equity funding, private capital raising, and IPOs.\r\n•\tBespoke business plans, scenario and sensitivity analyses, due diligence, and capital structure advisory.\r\n \r\nBusiness Intelligence & Advanced Analytics\r\n•\tDeployment of Power BI dashboards, Python automation, and data transformation for real-time business monitoring and strategic reporting.\r\n•\tData warehouse design and cloud analytics for enterprise-wide transparency and compliance.\r\n\r\nERP & Digital Transformation Advisory\r\n•\tEnd-to-end guidance from system selection to post-go-live optimization.\r\n•\tProven success in leading global rollouts and integrating finance operations with cloud solutions.\r\n•\tPost-implementation optimization, user training, and change management for sustained value.	Rate per hour	2000.00	f	\N	\N	f	f7a2715c-10c0-4c3d-a453-a4ae829c9730
4e1513a3-2f97-4f4f-84d9-f6d299fb3bbb	2025-08-13 11:55:07.576551+00	2025-08-13 12:06:42.489789+00	business/7574778b33034fbda257b59a08363f0e.png	Web Development	web-development	At WeDoDev., we specialize in creating dynamic, scalable, and high-performing web applications that meet your business objectives and enhance user experience. Using cutting-edge technologies, we deliver tailored solutions for businesses of all sizes.\r\n\r\nOur web application development services include designing, developing, testing, and maintaining robust web applications. We ensure that every application we build aligns with your organization’s goals and delivers seamless functionality for your clients or team.	Per web application starts from	1500.00	f	\N	\N	f	84ea22c3-a4ec-44c2-b91b-db147506d2cc
0047ffd0-e7d9-4945-b723-b7a254e5083e	2025-08-13 12:08:17.719264+00	2025-08-13 12:08:17.719295+00	business/e769c84976134bc9965bab140d94a5fe.jpg	Graphic Design (Business Cards, Flyer, Company Profile, etc)	graphic-design-business-cards-flyer-company-profile-etc	At WeDoDev., we believe great design is the foundation of a strong brand identity. Our graphic design services are tailored to showcase your business in the best possible way, ensuring your visual elements leave a lasting impression.\r\n\r\nService Overview\r\nOur expert designers specialize in creating stunning and professional designs that reflect your brand's personality and values. Whether you need a sleek logo, eye-catching flyers, or an engaging business profile, we’ve got you covered.	Depends on request but start at	250.00	f	\N	\N	f	84ea22c3-a4ec-44c2-b91b-db147506d2cc
99a5bd22-00b7-43ed-b21b-66730cbb09ad	2025-08-14 07:51:39.025796+00	2025-08-14 07:51:39.025829+00	business/b4563829859343f59f5c76aea338ca6a.jpg	Logo Design	logo-design	Creating authentic logos that are uniquely yours and speak to your target market.	Design with pdf, jpg and png files	2100.00	f	\N	\N	f	7d5f8790-f2db-49fd-b010-862ea52d5a31
703e0042-6ab0-4913-85a7-4012e7a0a01c	2025-08-14 07:59:12.364736+00	2025-08-14 07:59:12.364757+00	business/ca3fd27aa05346669e6ea8033bc69d62.jpg	Company Profile Design	company-profile-design	KUHLE APHA offers proffessional and neat work. Easy to read profiles and designs that are aligned with your brand. We copycheck our profiles to ensure that there are no typos before we do the final prints.	Price for 10 pages excl DTP	2000.00	f	\N	\N	f	7d5f8790-f2db-49fd-b010-862ea52d5a31
216c56e1-3af2-47c7-8ad5-4625bfbbef63	2025-09-05 10:42:21.867966+00	2025-09-05 10:42:21.86799+00	business/af0befee49e942d49dcc14f9481c53fc.jpg	SAHLUKO FUNERAL SERVICES	sahluko-funeral-services	Funeral homes arrange services in accordance with the wishes of surviving friends and family, whether immediate next of kin or an executor so named in a legal will. The funeral home often takes care of the necessary paperwork, permits, and other details, such as making arrangements with the cemetery, and providing obituaries to the news media. Its pews do not feature racks behind them like in synagogues and churches. The funeral business has a history that dates to the age of the Egyptians who mastered the science of preservation. In recent years many funeral homes have started posting obituaries online and use materials submitted by families to create memorial websites	5000	1500.00	f	\N	\N	f	2452e10c-5609-4750-9d63-dbf0fe6c7cce
2715a617-200c-423d-ac63-310e4d385984	2025-09-05 10:48:59.139896+00	2025-09-05 10:48:59.13992+00	business/cae89d924dea41dc9c6d9a91131f5a23.jpg	DECOR AND CATERING	decor-and-catering	A caterer works closely with clients in designing, preparing, and serving food for events such as wedding dinners, charity balls, holiday brunches, office lunches, birthday parties, and any other occasion where people come together. As a caterer, you will be required to prepare food menus based on the choice and budget of your client. Your menu can include appetizers, salads, sandwiches, delicacies, and any  of your trademark meals that bear your signature as the caterer. It is important to include various types of foods for vegans, non-vegans, and gluten-free meals in your menu. There are different ways you can offer your services, either by cooking at the venue or delivering the food there. There are some hosts that require the caterer to set up the food area, set tables, chairs, sofas, and other furniture for guest seating. It is also the responsibility of the caterer to clean up the food and dining area when the event is done. This includes removing plates, glasses, silverware, and linens from the tables and cleaning the garbage. As a caterer, you must understand how certain meals work together, have strong interpersonal skills, particularly listening skills, and be able to manage cooking and serving staff.	5000	1500.00	f	\N	\N	f	2452e10c-5609-4750-9d63-dbf0fe6c7cce
63e476f9-175b-449a-9d0e-9575e1944b24	2026-01-03 14:42:00.826006+00	2026-01-03 14:42:00.82603+00	business/17a18d917f584521ac0daae6f66f5bae.jpeg	Cleaning &restoration	cleaning-restoration	LG Sneaker Cleaning Service & Restoration\r\n• Your sneakers are cleaned to your specification by trained sneaker-care-technicians within a 72-hour turnaround time.\r\n• We do colour restoration\r\n• Mid & under sole unyellowing\r\n• Leather & Suede Cleaning\r\n} At LG Sneaker Cleaning Service , we believe in giving all types of shoes the care they deserve. Whether you’re looking to revitalize your favorite sneakers or revive a pair of leather shoes, we’ve got you covered. Our cleaning services are designed to cater to a wide range of footwear, including boots, leather shoes, suede shoes, heels, and even slides.\r\n\r\nWe understand that your shoes are more than just footwear, they’re a reflection of your personal style.\r\nWalk With Pride	Our prices range from R100 standard cleaning	100.00	f	\N	\N	f	bceb392d-99b9-4085-949d-f1a28e10a532
\.


--
-- Data for Name: payments_bbgibankmodel; Type: TABLE DATA; Schema: public; Owner: thomas
--

COPY public.payments_bbgibankmodel (id, created, updated, balance, order_uuid, order_id, tip, received_at) FROM stdin;
b5a90c90-5273-4b7e-bc0c-83a11228d983	2024-08-22 14:19:50.25596+00	2024-08-22 14:19:50.255997+00	15.96	0ec7c7ea-c1fd-43c3-8ee9-9ea3a3a42e63	BBGI202488	\N	2024-08-22 14:19:50.256032+00
bf52207b-2f8a-4dec-b164-97edd0f46ea8	2024-08-22 21:06:06.105159+00	2024-08-22 21:06:06.105179+00	5.00	0fea627f-a923-4d3b-bdfb-4ee642d60156	BBGI202481	\N	2024-08-22 21:06:06.105198+00
f03c7cbb-7d0c-40ff-9e2c-541951110299	2024-08-23 12:53:40.309923+00	2024-08-23 12:53:40.309954+00	3.60	c35a454a-b555-47d8-adc1-b04f8de8e9e7	BBGI202484	\N	2024-08-23 12:53:40.30999+00
8c5a8001-e541-4e57-877b-5103298a62e7	2024-08-23 14:15:36.591456+00	2024-08-23 14:15:36.591488+00	14.40	d1b04af4-aa85-4a56-87f2-b5c965859b89	BBGI202487	\N	2024-08-23 14:15:36.591572+00
bf798aa1-7732-4a87-b828-7a8166efedae	2024-08-23 16:41:36.748508+00	2024-08-23 16:41:36.748545+00	7.20	2800f192-347a-4826-8afc-d57b6d3661bd	BBGI202488	\N	2024-08-23 16:41:36.748589+00
5cd6289a-52b0-4a85-b544-a702d2d1dc70	2024-08-23 17:01:57.695112+00	2024-08-23 17:01:57.695153+00	7.20	d7009b54-0ff2-4c63-b327-a42604e076d7	BBGI202489	\N	2024-08-23 17:01:57.695206+00
6e09c487-575e-4bca-8d00-e45d99fe288d	2024-08-23 17:42:58.507756+00	2024-08-23 17:42:58.507778+00	7.20	a429321e-53e4-4038-9dd8-f0930f25291c	BBGI2024810	\N	2024-08-23 17:42:58.507798+00
b50857fd-182e-4e39-a958-e00016de4ab0	2024-08-23 18:01:46.646638+00	2024-08-23 18:01:46.646668+00	7.20	e3984089-b95d-4054-8dc8-d0542340f338	BBGI2024811	\N	2024-08-23 18:01:46.646702+00
22aaa8f2-5185-4e05-ba3f-80fd798f1a75	2024-08-23 18:34:39.412114+00	2024-08-23 18:34:39.412142+00	3.60	0de5bb84-428e-4d14-9b54-e1c0ecbfd970	BBGI2024812	\N	2024-08-23 18:34:39.412174+00
ad1bc995-1fcd-4fb6-b043-67701684516a	2024-08-24 04:36:09.287739+00	2024-08-24 04:36:09.28777+00	3.60	95248911-b176-47e1-b90b-5eb352ef0c34	BBGI2024813	\N	2024-08-24 04:36:09.287789+00
dd8dc9ec-a32a-4eb9-96bd-84b074b3a3fa	2024-08-25 14:02:33.981327+00	2024-08-25 14:02:33.981345+00	7.20	fdaf45ed-dde8-4fb4-9eca-e3a8312f006b	BBGI2024814	\N	2024-08-25 14:02:33.981363+00
b1b8b0c2-2857-4b64-b9d2-20a3335676af	2024-08-31 06:48:31.406447+00	2024-08-31 06:48:31.406468+00	3.60	03115bfa-f4ea-413a-8362-976a33f3ced2	BBGI202481	\N	2024-08-31 06:48:31.406492+00
f3c8c630-1989-469c-bf3b-63522903b5c7	2024-09-18 17:17:23.297512+00	2024-09-18 17:17:23.297534+00	7.20	850deb1a-329d-4ff0-aa74-8c6fa7284c3e	BBGI202491	\N	2024-09-18 17:17:23.297553+00
aabeda70-c072-4efd-be4a-3457e0b8cf82	2024-09-18 17:55:30.720073+00	2024-09-18 17:55:30.720093+00	3.60	91ba89ca-c47b-4093-9d07-226456dfc687	BBGI202496	\N	2024-09-18 17:55:30.720115+00
210fc538-fd40-47f7-a278-61999ed5de40	2024-09-18 18:03:07.263578+00	2024-09-18 18:03:07.263606+00	3.60	1f74d217-e99d-4e29-b733-8eaace1ef72b	BBGI20249	\N	2024-09-18 18:03:07.263632+00
419328ab-26c1-4b10-9f82-cf7e6e10032b	2024-09-18 18:05:26.23931+00	2024-09-18 18:05:26.239329+00	3.60	a9c76e4b-89ea-4cfd-9e93-a59454fa596b	BBGI202492	\N	2024-09-18 18:05:26.239348+00
7aeb5338-26b5-4c86-8713-70f7f0607bb4	2024-09-18 18:26:01.702452+00	2024-09-18 18:26:01.702472+00	3.60	36169bf3-ac9f-438e-a183-bcc856cfd58c	BBGI20249	\N	2024-09-18 18:26:01.702492+00
a39e6609-53b5-4cc2-948f-ad27b66090d6	2024-09-25 08:38:10.61789+00	2024-09-25 08:38:10.617922+00	3.60	322725c0-fa16-436d-b751-330165a178ad	BBGI20249	\N	2024-09-25 08:38:10.617949+00
916a46b2-4ce9-48f0-a5ab-07ac2c9987f5	2024-11-07 01:23:12.406357+00	2024-11-07 01:23:12.40638+00	6.00	fd3e42ea-eeb8-4b11-baea-8f754b7731da	BBGI202411	\N	2024-11-07 01:23:12.406408+00
f23bcea1-f686-4f6c-be0e-f7ad3b624f79	2024-11-07 03:04:44.674427+00	2024-11-07 03:04:44.674457+00	6.00	95657954-8d03-43b6-9aea-dfb7177f5df0	BBGI2024116	\N	2024-11-07 03:04:44.674488+00
92cc4f1c-24ee-49e3-86c1-66703e2dc0d8	2024-11-07 03:56:30.516938+00	2024-11-07 03:56:30.516959+00	6.00	ee853407-6153-4f1e-b696-1d52c47821fd	BBGI202411	\N	2024-11-07 03:56:30.516991+00
c7c8a6a7-6b9d-4874-abe0-dfd3f277b9ff	2024-11-07 04:00:32.404753+00	2024-11-07 04:00:32.404782+00	6.00	8c400b35-4c1e-4ce3-a678-db1d7aa53856	BBGI202411	\N	2024-11-07 04:00:32.404812+00
4394a1c7-79bf-4c9d-9ebc-de73fed88870	2024-11-07 07:13:06.63729+00	2024-11-07 07:13:06.637316+00	6.00	b4ed6a79-c4a9-448f-a6a9-ad3fabeaa281	BBGI202411	\N	2024-11-07 07:13:06.637341+00
21a412d9-765b-43c2-85ff-c30fdba93b38	2024-11-07 07:35:59.699096+00	2024-11-07 07:35:59.69912+00	6.00	c58e0781-6a28-4038-81b3-181ecbfb9880	BBGI202411	\N	2024-11-07 07:35:59.699145+00
0bb4ef76-2115-4683-bb15-7f024e622f37	2024-11-24 18:28:06.617562+00	2024-11-24 18:28:06.617593+00	6.00	246acb84-5d2c-46dd-ba4c-5c3a137316ac	BBGI2024117	\N	2024-11-24 18:28:06.617627+00
39103bdb-2eeb-4d7e-9c77-a81e39851929	2024-11-26 16:49:19.931145+00	2024-11-26 16:49:19.93117+00	6.00	6b9320ee-d6f9-4d6a-b65c-6a1570fbbed4	BBGI20241115	\N	2024-11-26 16:49:19.931201+00
0c350966-5c33-42ed-8cde-c3de1a70c50e	2024-11-26 18:00:47.258336+00	2024-11-26 18:00:47.25836+00	12.00	a8633f78-f25a-4d3c-8203-0341cfa5ec58	BBGI20241118	\N	2024-11-26 18:00:47.258384+00
fe90e53c-45bf-47fd-b94f-be5271502b1c	2025-02-09 14:10:33.940366+00	2025-02-09 14:10:33.94039+00	6.30	c4d0bcd4-1225-4cff-9a1d-499648088d18	BBGI202521	\N	2025-02-09 14:10:33.940419+00
6f7eadf1-05e1-4073-8fc8-46cd187d3bad	2025-02-13 17:17:03.101358+00	2025-02-13 17:17:03.101459+00	3.00	6df30300-bd7a-4e21-9972-31550a33fa9b	BBGI202521	\N	2025-02-13 17:17:03.101502+00
83aaf61f-5a03-4d05-8d74-0010fb02447d	2025-02-17 23:46:19.728805+00	2025-02-17 23:46:19.728869+00	3.00	12921af1-bb96-494a-b0e3-04fd132bda0b	BBGI202524	\N	2025-02-17 23:46:19.728943+00
e4dc8349-8d2d-4d5c-bab6-5734f4fbdcdd	2025-03-09 02:13:15.559941+00	2025-03-09 02:13:15.55997+00	9.00	d49ad6b8-9453-494b-a8ad-4ea3f70085e3	BBGI20253	\N	2025-03-09 02:13:15.56+00
7e2a5c0d-af9d-402d-bdfe-919b09410da5	2025-03-09 03:05:58.296706+00	2025-03-09 03:05:58.296739+00	15.00	292beff6-09fe-42c1-b15e-d9b8b50532f8	BBGI20253	\N	2025-03-09 03:05:58.296805+00
6ed74a71-c705-45f3-afae-d9dc688f60fc	2025-03-09 03:21:04.096251+00	2025-03-09 03:21:04.096279+00	12.00	9a4bc339-1ef5-4bf2-9e8b-f9487f39dce8	BBGI20253	\N	2025-03-09 03:21:04.096327+00
66aeef9f-9fa0-46e9-b180-1c3c50de3ddb	2025-03-09 04:16:16.338504+00	2025-03-09 04:16:16.338541+00	12.00	17d255b2-7a83-47da-ba99-72950cd25b0e	BBGI20253	\N	2025-03-09 04:16:16.33858+00
b31901c7-c2bf-4fd5-9409-e39cd9abe8da	2025-07-29 13:12:04.061372+00	2025-07-29 13:12:04.061414+00	12.00	56580f68-d555-44e7-8627-1d861c7f9ab1	BBGI202572	\N	2025-07-29 13:12:04.061441+00
0652fc64-cdfb-47f2-8436-625d781f7e7a	2026-02-24 12:35:23.076017+00	2026-02-24 12:35:23.076044+00	0.00	4707b5a8-b122-42b7-8d10-ef8b73bc8ec0	BBGI202621	\N	2026-02-24 12:35:23.076074+00
2ce19fda-aeeb-447f-8173-76affc841562	2026-02-24 13:00:43.422788+00	2026-02-24 13:00:43.422812+00	0.00	6d5f9096-7c21-4ce4-ab31-5418e788a437	BBGI20262	\N	2026-02-24 13:00:43.422836+00
\.


--
-- Data for Name: payments_paymentinformation; Type: TABLE DATA; Schema: public; Owner: thomas
--

COPY public.payments_paymentinformation (id, data, order_number, order_updated, created, updated) FROM stdin;
ch_DLzAwaYDjmOIp4qTKO3t7l7x	"{\\"createdDate\\": \\"2024-08-11T18:22:45.384781Z\\", \\"id\\": \\"evt_1gGJN4bR4m1CV4uQ73FJbJED\\", \\"payload\\": {\\"amount\\": 10300, \\"createdDate\\": \\"2024-08-11T18:17:25.115863Z\\", \\"currency\\": \\"ZAR\\", \\"id\\": \\"p_pLpJpQG78ovTljXtZZTPbXgZ\\", \\"metadata\\": {\\"checkoutId\\": \\"ch_DLzAwaYDjmOIp4qTKO3t7l7x\\", \\"productType\\": \\"checkout\\"}, \\"mode\\": \\"test\\", \\"paymentMethodDetails\\": {\\"card\\": {\\"expiryMonth\\": 4, \\"expiryYear\\": 26, \\"maskedCard\\": \\"************1111\\", \\"scheme\\": \\"visa\\"}, \\"type\\": \\"card\\"}, \\"status\\": \\"succeeded\\", \\"type\\": \\"payment\\"}, \\"type\\": \\"payment.succeeded\\"}"	\N	f	2024-08-11 18:22:46.48935+00	2024-08-11 18:22:46.489377+00
ch_2xYWoYGwnZkTKpGhy5au8wZE	"{\\"createdDate\\": \\"2024-08-11T18:27:02.536812Z\\", \\"id\\": \\"evt_wxMZN8kKrQ4fKrlhb6NcobeL\\", \\"payload\\": {\\"amount\\": 24000, \\"createdDate\\": \\"2024-08-11T18:24:59.024658Z\\", \\"currency\\": \\"ZAR\\", \\"id\\": \\"p_8EjYV6OrvKlfkzBtePDC0jmL\\", \\"metadata\\": {\\"checkoutId\\": \\"ch_2xYWoYGwnZkTKpGhy5au8wZE\\", \\"productType\\": \\"checkout\\"}, \\"mode\\": \\"test\\", \\"paymentMethodDetails\\": {\\"card\\": {\\"expiryMonth\\": 4, \\"expiryYear\\": 26, \\"maskedCard\\": \\"************1111\\", \\"scheme\\": \\"visa\\"}, \\"type\\": \\"card\\"}, \\"status\\": \\"succeeded\\", \\"type\\": \\"payment\\"}, \\"type\\": \\"payment.succeeded\\"}"	\N	f	2024-08-11 18:27:03.420956+00	2024-08-11 18:27:03.42101+00
ch_QLOBRJjq0X4SvRRcDZfBX6xb	"{\\"createdDate\\": \\"2024-08-22T13:11:07.059564Z\\", \\"id\\": \\"evt_Vgakjm9d5wYsNzRU6e5UKkLd\\", \\"payload\\": {\\"amount\\": 60000, \\"createdDate\\": \\"2024-08-22T13:10:47.879824Z\\", \\"currency\\": \\"ZAR\\", \\"id\\": \\"p_Kg7b4ZBmB43Fn2YhARFzyjEp\\", \\"metadata\\": {\\"checkoutId\\": \\"ch_QLOBRJjq0X4SvRRcDZfBX6xb\\", \\"domain\\": \\"www.bbgi.co.za\\", \\"productType\\": \\"checkout\\"}, \\"mode\\": \\"test\\", \\"paymentMethodDetails\\": {\\"card\\": {\\"expiryMonth\\": 4, \\"expiryYear\\": 26, \\"maskedCard\\": \\"************1111\\", \\"scheme\\": \\"visa\\"}, \\"type\\": \\"card\\"}, \\"status\\": \\"succeeded\\", \\"type\\": \\"payment\\"}, \\"type\\": \\"payment.succeeded\\"}"	\N	f	2024-08-22 13:11:08.160527+00	2024-08-22 13:11:08.160547+00
ch_eLB3Nk5b3GouBWnF62jFzzEj	"{\\"createdDate\\": \\"2024-08-22T13:11:47.443207Z\\", \\"id\\": \\"evt_XEwO75zJV0ncqXDUJqGsZZaE\\", \\"payload\\": {\\"amount\\": 12360, \\"createdDate\\": \\"2024-08-22T13:08:26.959894Z\\", \\"currency\\": \\"ZAR\\", \\"id\\": \\"p_Kg7b4ZBNeZVs6OmCyj2hjwPE\\", \\"metadata\\": {\\"checkoutId\\": \\"ch_eLB3Nk5b3GouBWnF62jFzzEj\\", \\"domain\\": \\"www.bbgi.co.za\\", \\"productType\\": \\"checkout\\"}, \\"mode\\": \\"test\\", \\"paymentMethodDetails\\": {\\"card\\": {\\"expiryMonth\\": 4, \\"expiryYear\\": 26, \\"maskedCard\\": \\"************1111\\", \\"scheme\\": \\"visa\\"}, \\"type\\": \\"card\\"}, \\"status\\": \\"succeeded\\", \\"type\\": \\"payment\\"}, \\"type\\": \\"payment.succeeded\\"}"	\N	f	2024-08-22 13:11:48.49016+00	2024-08-22 13:11:48.490184+00
ch_XwxMZN0W2pmWCqDTYncoDaLe	"{\\"createdDate\\": \\"2024-08-22T14:18:10.885737Z\\", \\"id\\": \\"evt_Vgakjmo4eP2hMMQhkbqse4Ld\\", \\"payload\\": {\\"amount\\": 123600, \\"createdDate\\": \\"2024-08-22T14:17:47.132036Z\\", \\"currency\\": \\"ZAR\\", \\"id\\": \\"p_aEqGV9WZQb9foZvUo6jFV3mx\\", \\"metadata\\": {\\"checkoutId\\": \\"ch_XwxMZN0W2pmWCqDTYncoDaLe\\", \\"productType\\": \\"checkout\\"}, \\"mode\\": \\"test\\", \\"paymentMethodDetails\\": {\\"card\\": {\\"expiryMonth\\": 4, \\"expiryYear\\": 26, \\"maskedCard\\": \\"************1111\\", \\"scheme\\": \\"visa\\"}, \\"type\\": \\"card\\"}, \\"status\\": \\"succeeded\\", \\"type\\": \\"payment\\"}, \\"type\\": \\"payment.succeeded\\"}"	\N	f	2024-08-22 14:18:12.781947+00	2024-08-22 14:18:12.78199+00
ch_VgakjmomOyBhMeWikymCMNOL	"{\\"createdDate\\": \\"2024-08-22T14:19:47.647968Z\\", \\"id\\": \\"evt_9g0y4n2n4RdheYZCAMSyB4xV\\", \\"payload\\": {\\"amount\\": 12360, \\"createdDate\\": \\"2024-08-22T14:19:31.936191Z\\", \\"currency\\": \\"ZAR\\", \\"id\\": \\"p_ogkYVX1Xd4AHd51c5G5IvmL9\\", \\"metadata\\": {\\"checkoutId\\": \\"ch_VgakjmomOyBhMeWikymCMNOL\\", \\"domain\\": \\"www.bbgi.co.za\\", \\"productType\\": \\"checkout\\"}, \\"mode\\": \\"test\\", \\"paymentMethodDetails\\": {\\"card\\": {\\"expiryMonth\\": 4, \\"expiryYear\\": 26, \\"maskedCard\\": \\"************1111\\", \\"scheme\\": \\"visa\\"}, \\"type\\": \\"card\\"}, \\"status\\": \\"succeeded\\", \\"type\\": \\"payment\\"}, \\"type\\": \\"payment.succeeded\\"}"	BBGI202481	t	2024-08-22 14:19:49.328509+00	2024-08-22 14:19:49.328537+00
ch_aEqGV9WNzJkiD60TyeatvzZx	"{\\"createdDate\\": \\"2024-08-22T14:24:51.492704Z\\", \\"id\\": \\"evt_QLOBRJbYMlvfX3Rf64YCY5yx\\", \\"payload\\": {\\"amount\\": 60000, \\"createdDate\\": \\"2024-08-22T14:24:38.428098Z\\", \\"currency\\": \\"ZAR\\", \\"id\\": \\"p_ogkYVX1NkWJhJzjSGvOtdGqL\\", \\"metadata\\": {\\"checkoutId\\": \\"ch_aEqGV9WNzJkiD60TyeatvzZx\\", \\"domain\\": \\"www.bbgi.co.za\\", \\"productType\\": \\"checkout\\"}, \\"mode\\": \\"test\\", \\"paymentMethodDetails\\": {\\"card\\": {\\"expiryMonth\\": 4, \\"expiryYear\\": 26, \\"maskedCard\\": \\"************1111\\", \\"scheme\\": \\"visa\\"}, \\"type\\": \\"card\\"}, \\"status\\": \\"succeeded\\", \\"type\\": \\"payment\\"}, \\"type\\": \\"payment.succeeded\\"}"	BBGI20248	t	2024-08-22 14:24:52.725694+00	2024-08-22 14:24:52.725726+00
ch_4LVKAWqKv0KSBQVcP3wh5bKE	"{\\"createdDate\\": \\"2024-08-22T21:06:02.768708Z\\", \\"id\\": \\"evt_PEPbN1Kbp05Sp5ACA7eIwZnx\\", \\"payload\\": {\\"amount\\": 5500, \\"createdDate\\": \\"2024-08-22T21:05:30.876530Z\\", \\"currency\\": \\"ZAR\\", \\"id\\": \\"p_yxvq5Oaq9rltjm6i45GF3wMg\\", \\"metadata\\": {\\"checkoutId\\": \\"ch_4LVKAWqKv0KSBQVcP3wh5bKE\\", \\"domain\\": \\"bbgi.co.za\\", \\"productType\\": \\"checkout\\"}, \\"mode\\": \\"test\\", \\"paymentMethodDetails\\": {\\"card\\": {\\"expiryMonth\\": 2, \\"expiryYear\\": 27, \\"maskedCard\\": \\"************1111\\", \\"scheme\\": \\"visa\\"}, \\"type\\": \\"card\\"}, \\"status\\": \\"succeeded\\", \\"type\\": \\"payment\\"}, \\"type\\": \\"payment.succeeded\\"}"	BBGI202481	t	2024-08-22 21:06:04.23728+00	2024-08-22 21:06:04.2373+00
ch_yL8Y4wdzJWvUNGpC2VRCr73E	"{\\"createdDate\\": \\"2024-08-23T12:53:36.620007Z\\", \\"id\\": \\"evt_JL2n4qDemyqcAGdFqQwFlYQL\\", \\"payload\\": {\\"amount\\": 12360, \\"createdDate\\": \\"2024-08-23T12:53:19.567568Z\\", \\"currency\\": \\"ZAR\\", \\"id\\": \\"p_7x3Y4Odvp5DF6G1iYQBH6vXE\\", \\"metadata\\": {\\"checkoutId\\": \\"ch_yL8Y4wdzJWvUNGpC2VRCr73E\\", \\"domain\\": \\"www.bbgi.co.za\\", \\"productType\\": \\"checkout\\"}, \\"mode\\": \\"test\\", \\"paymentMethodDetails\\": {\\"card\\": {\\"expiryMonth\\": 4, \\"expiryYear\\": 26, \\"maskedCard\\": \\"************1111\\", \\"scheme\\": \\"visa\\"}, \\"type\\": \\"card\\"}, \\"status\\": \\"succeeded\\", \\"type\\": \\"payment\\"}, \\"type\\": \\"payment.succeeded\\"}"	BBGI202483	t	2024-08-23 12:53:37.690452+00	2024-08-23 12:53:37.690481+00
ch_maEqGVo3qkp6UklCyGhvnNxD	"{\\"createdDate\\": \\"2024-08-23T14:15:32.613663Z\\", \\"id\\": \\"evt_Kx6mzA1Pjl2ck8Ub4ltjplg8\\", \\"payload\\": {\\"amount\\": 49440, \\"createdDate\\": \\"2024-08-23T14:15:13.483257Z\\", \\"currency\\": \\"ZAR\\", \\"id\\": \\"p_2xYWoQa4XOwFM8mUvvPUGBEd\\", \\"metadata\\": {\\"checkoutId\\": \\"ch_maEqGVo3qkp6UklCyGhvnNxD\\", \\"domain\\": \\"www.bbgi.co.za\\", \\"productType\\": \\"checkout\\"}, \\"mode\\": \\"test\\", \\"paymentMethodDetails\\": {\\"card\\": {\\"expiryMonth\\": 4, \\"expiryYear\\": 26, \\"maskedCard\\": \\"************1111\\", \\"scheme\\": \\"visa\\"}, \\"type\\": \\"card\\"}, \\"status\\": \\"succeeded\\", \\"type\\": \\"payment\\"}, \\"type\\": \\"payment.succeeded\\"}"	BBGI202486	t	2024-08-23 14:15:33.696303+00	2024-08-23 14:15:33.696344+00
ch_ogkYVOVW4OQIwmMfv6DhXoeL	"{\\"createdDate\\": \\"2024-08-23T16:41:32.393152Z\\", \\"id\\": \\"evt_rLQQN7No5zOF6vwFXqVibWpL\\", \\"payload\\": {\\"amount\\": 24720, \\"createdDate\\": \\"2024-08-23T16:40:16.674578Z\\", \\"currency\\": \\"ZAR\\", \\"id\\": \\"p_4LVKAeA5WeaCyQZH2DAhXDEB\\", \\"metadata\\": {\\"checkoutId\\": \\"ch_ogkYVOVW4OQIwmMfv6DhXoeL\\", \\"domain\\": \\"www.bbgi.co.za\\", \\"productType\\": \\"checkout\\"}, \\"mode\\": \\"test\\", \\"paymentMethodDetails\\": {\\"card\\": {\\"expiryMonth\\": 4, \\"expiryYear\\": 26, \\"maskedCard\\": \\"************1111\\", \\"scheme\\": \\"visa\\"}, \\"type\\": \\"card\\"}, \\"status\\": \\"succeeded\\", \\"type\\": \\"payment\\"}, \\"type\\": \\"payment.succeeded\\"}"	BBGI202486	t	2024-08-23 16:41:33.656898+00	2024-08-23 16:41:33.656932+00
ch_2LNQrqdoZMlUeXAiAq2uQJ0x	"{\\"createdDate\\": \\"2024-08-23T16:47:07.828733Z\\", \\"id\\": \\"evt_agJkN3GAXA4TVjnsGwwTX0Vx\\", \\"payload\\": {\\"amount\\": 50000, \\"createdDate\\": \\"2024-08-23T16:46:54.968339Z\\", \\"currency\\": \\"ZAR\\", \\"id\\": \\"p_7x3Y4OZ52aosXmTenOimByEr\\", \\"metadata\\": {\\"checkoutId\\": \\"ch_2LNQrqdoZMlUeXAiAq2uQJ0x\\", \\"domain\\": \\"www.bbgi.co.za\\", \\"productType\\": \\"checkout\\"}, \\"mode\\": \\"test\\", \\"paymentMethodDetails\\": {\\"card\\": {\\"expiryMonth\\": 4, \\"expiryYear\\": 26, \\"maskedCard\\": \\"************1111\\", \\"scheme\\": \\"visa\\"}, \\"type\\": \\"card\\"}, \\"status\\": \\"succeeded\\", \\"type\\": \\"payment\\"}, \\"type\\": \\"payment.succeeded\\"}"	BBGI20248	t	2024-08-23 16:47:08.913648+00	2024-08-23 16:47:08.91368+00
ch_4xbqJp1vV3aUaOjH1Dh4mdgy	"{\\"createdDate\\": \\"2024-08-23T17:01:54.418167Z\\", \\"id\\": \\"evt_wxMZNGlY6ppSKZphOmDcKaDL\\", \\"payload\\": {\\"amount\\": 24720, \\"createdDate\\": \\"2024-08-23T17:01:40.978413Z\\", \\"currency\\": \\"ZAR\\", \\"id\\": \\"p_PgrMVea7ovkhPQNFRqyiKZ1E\\", \\"metadata\\": {\\"checkoutId\\": \\"ch_4xbqJp1vV3aUaOjH1Dh4mdgy\\", \\"domain\\": \\"www.bbgi.co.za\\", \\"productType\\": \\"checkout\\"}, \\"mode\\": \\"test\\", \\"paymentMethodDetails\\": {\\"card\\": {\\"expiryMonth\\": 4, \\"expiryYear\\": 26, \\"maskedCard\\": \\"************1111\\", \\"scheme\\": \\"visa\\"}, \\"type\\": \\"card\\"}, \\"status\\": \\"succeeded\\", \\"type\\": \\"payment\\"}, \\"type\\": \\"payment.succeeded\\"}"	BBGI202486	t	2024-08-23 17:01:55.490085+00	2024-08-23 17:01:55.490122+00
ch_PLmQVkabwpOuG8VSqv6h1J1L	"{\\"createdDate\\": \\"2024-08-23T17:42:55.086424Z\\", \\"id\\": \\"evt_agJkN3G2PZOtV2mcpGGhrnBx\\", \\"payload\\": {\\"amount\\": 24720, \\"createdDate\\": \\"2024-08-23T17:42:38.207185Z\\", \\"currency\\": \\"ZAR\\", \\"id\\": \\"p_rEy76jkPDYeuGyt1m1T6PoxK\\", \\"metadata\\": {\\"checkoutId\\": \\"ch_PLmQVkabwpOuG8VSqv6h1J1L\\", \\"domain\\": \\"www.bbgi.co.za\\", \\"productType\\": \\"checkout\\"}, \\"mode\\": \\"test\\", \\"paymentMethodDetails\\": {\\"card\\": {\\"expiryMonth\\": 4, \\"expiryYear\\": 26, \\"maskedCard\\": \\"************1111\\", \\"scheme\\": \\"visa\\"}, \\"type\\": \\"card\\"}, \\"status\\": \\"succeeded\\", \\"type\\": \\"payment\\"}, \\"type\\": \\"payment.succeeded\\"}"	BBGI202486	t	2024-08-23 17:42:55.95061+00	2024-08-23 17:42:55.95063+00
ch_JQLOBROryzMaHX4eCw0SKvxb	"{\\"createdDate\\": \\"2024-08-23T18:01:42.262199Z\\", \\"id\\": \\"evt_2LNQrqmyGb9IY8GhekRt4MQx\\", \\"payload\\": {\\"amount\\": 24720, \\"createdDate\\": \\"2024-08-23T18:01:26.082851Z\\", \\"currency\\": \\"ZAR\\", \\"id\\": \\"p_Kx6mzAKnWZoUmrntQ42cXk2g\\", \\"metadata\\": {\\"checkoutId\\": \\"ch_JQLOBROryzMaHX4eCw0SKvxb\\", \\"domain\\": \\"www.bbgi.co.za\\", \\"productType\\": \\"checkout\\"}, \\"mode\\": \\"test\\", \\"paymentMethodDetails\\": {\\"card\\": {\\"expiryMonth\\": 4, \\"expiryYear\\": 26, \\"maskedCard\\": \\"************1111\\", \\"scheme\\": \\"visa\\"}, \\"type\\": \\"card\\"}, \\"status\\": \\"succeeded\\", \\"type\\": \\"payment\\"}, \\"type\\": \\"payment.succeeded\\"}"	BBGI202486	t	2024-08-23 18:01:43.517282+00	2024-08-23 18:01:43.517312+00
ch_GEZ1knRPwomF087TMKBUvQRL	"{\\"createdDate\\": \\"2024-08-23T18:34:36.423691Z\\", \\"id\\": \\"evt_ax4b45Klye0TDGaIDmInO9Ej\\", \\"payload\\": {\\"amount\\": 12360, \\"createdDate\\": \\"2024-08-23T18:34:18.659197Z\\", \\"currency\\": \\"ZAR\\", \\"id\\": \\"p_PLmQVko6m6aSDptqGMs8A3Lm\\", \\"metadata\\": {\\"checkoutId\\": \\"ch_GEZ1knRPwomF087TMKBUvQRL\\", \\"domain\\": \\"www.bbgi.co.za\\", \\"productType\\": \\"checkout\\"}, \\"mode\\": \\"test\\", \\"paymentMethodDetails\\": {\\"card\\": {\\"expiryMonth\\": 4, \\"expiryYear\\": 26, \\"maskedCard\\": \\"************1111\\", \\"scheme\\": \\"visa\\"}, \\"type\\": \\"card\\"}, \\"status\\": \\"succeeded\\", \\"type\\": \\"payment\\"}, \\"type\\": \\"payment.succeeded\\"}"	BBGI202486	t	2024-08-23 18:34:37.47749+00	2024-08-23 18:34:37.477512+00
ch_QLOBROlQqkGuXqZu2rASBdWx	"{\\"createdDate\\": \\"2024-08-24T04:36:07.694691Z\\", \\"id\\": \\"evt_OpLpJpwPn75KikmCd40CO0gZ\\", \\"payload\\": {\\"amount\\": 12360, \\"createdDate\\": \\"2024-08-24T04:35:41.137404Z\\", \\"currency\\": \\"ZAR\\", \\"id\\": \\"p_1gGJNap797zH6JXs63ycvlED\\", \\"metadata\\": {\\"checkoutId\\": \\"ch_QLOBROlQqkGuXqZu2rASBdWx\\", \\"domain\\": \\"bbgi.co.za\\", \\"productType\\": \\"checkout\\"}, \\"mode\\": \\"test\\", \\"paymentMethodDetails\\": {\\"card\\": {\\"expiryMonth\\": 5, \\"expiryYear\\": 27, \\"maskedCard\\": \\"************1111\\", \\"scheme\\": \\"visa\\"}, \\"type\\": \\"card\\"}, \\"status\\": \\"succeeded\\", \\"type\\": \\"payment\\"}, \\"type\\": \\"payment.succeeded\\"}"	BBGI2024812	t	2024-08-24 04:36:08.624501+00	2024-08-24 04:36:08.62452+00
ch_PgrMVPVXeN6HJoeT6PrSKn4E	"{\\"createdDate\\": \\"2024-08-25T14:02:29.940547Z\\", \\"id\\": \\"evt_8EDJN1NKaB8SMk5ubOIkk6xO\\", \\"payload\\": {\\"amount\\": 24720, \\"createdDate\\": \\"2024-08-25T14:01:58.216746Z\\", \\"currency\\": \\"ZAR\\", \\"id\\": \\"p_3LRQq5q85ZXSQ3ms9nouqDQx\\", \\"metadata\\": {\\"checkoutId\\": \\"ch_PgrMVPVXeN6HJoeT6PrSKn4E\\", \\"domain\\": \\"www.bbgi.co.za\\", \\"productType\\": \\"checkout\\"}, \\"mode\\": \\"test\\", \\"paymentMethodDetails\\": {\\"card\\": {\\"expiryMonth\\": 4, \\"expiryYear\\": 26, \\"maskedCard\\": \\"************1111\\", \\"scheme\\": \\"visa\\"}, \\"type\\": \\"card\\"}, \\"status\\": \\"succeeded\\", \\"type\\": \\"payment\\"}, \\"type\\": \\"payment.succeeded\\"}"	BBGI2024813	t	2024-08-25 14:02:31.366517+00	2024-08-25 14:02:31.366537+00
ch_aPgrMVY0674OUYQCm0SR7VEb	"{\\"createdDate\\": \\"2024-08-31T06:48:29.133424Z\\", \\"id\\": \\"evt_pLpJpen7vmJTRqbsRzwU462g\\", \\"payload\\": {\\"amount\\": 12360, \\"createdDate\\": \\"2024-08-31T06:47:28.203301Z\\", \\"currency\\": \\"ZAR\\", \\"id\\": \\"p_yxvq50MvpV4UjqNUBdH3P7gB\\", \\"metadata\\": {\\"checkoutId\\": \\"ch_aPgrMVY0674OUYQCm0SR7VEb\\", \\"domain\\": \\"bbgi.co.za\\", \\"productType\\": \\"checkout\\"}, \\"mode\\": \\"live\\", \\"paymentMethodDetails\\": {\\"card\\": {\\"expiryMonth\\": 12, \\"expiryYear\\": 2025, \\"maskedCard\\": \\"************0116\\", \\"scheme\\": \\"visa\\"}, \\"type\\": \\"card\\"}, \\"status\\": \\"succeeded\\", \\"type\\": \\"payment\\"}, \\"type\\": \\"payment.succeeded\\"}"	BBGI20248	t	2024-08-31 06:48:30.268227+00	2024-08-31 06:48:30.268246+00
ch_J4EX8wKQPVlmcX9ptd9UpkEN	"{\\"createdDate\\": \\"2024-09-18T17:10:10.698651Z\\", \\"id\\": \\"evt_2xYWoyAPm5YuKKYcy1KU8k3E\\", \\"payload\\": {\\"amount\\": 24720, \\"createdDate\\": \\"2024-09-18T17:09:19.554292Z\\", \\"currency\\": \\"ZAR\\", \\"id\\": \\"p_J4EX8wKQPGlBfKWf6mcdKbEN\\", \\"metadata\\": {\\"checkoutId\\": \\"ch_J4EX8wKQPVlmcX9ptd9UpkEN\\", \\"domain\\": \\"bbgi.co.za\\", \\"productType\\": \\"checkout\\"}, \\"mode\\": \\"test\\", \\"paymentMethodDetails\\": {\\"card\\": {\\"expiryMonth\\": 2, \\"expiryYear\\": 26, \\"maskedCard\\": \\"************1111\\", \\"scheme\\": \\"visa\\"}, \\"type\\": \\"card\\"}, \\"status\\": \\"succeeded\\", \\"type\\": \\"payment\\"}, \\"type\\": \\"payment.succeeded\\"}"	\N	f	2024-09-18 17:10:11.801764+00	2024-09-18 17:10:11.801812+00
ch_4EX8wK7XdvNiXD6sWWqf43OE	"{\\"createdDate\\": \\"2024-09-18T17:55:28.092928Z\\", \\"id\\": \\"evt_1gGJN0qPK4PCnbXFKM7H7AoE\\", \\"payload\\": {\\"amount\\": 12360, \\"createdDate\\": \\"2024-09-18T17:55:12.316879Z\\", \\"currency\\": \\"ZAR\\", \\"id\\": \\"p_4xbqJXObr60T5wHBVlc4ydgy\\", \\"metadata\\": {\\"checkoutId\\": \\"ch_4EX8wK7XdvNiXD6sWWqf43OE\\", \\"domain\\": \\"bbgi.co.za\\", \\"productType\\": \\"checkout\\"}, \\"mode\\": \\"test\\", \\"paymentMethodDetails\\": {\\"card\\": {\\"expiryMonth\\": 2, \\"expiryYear\\": 26, \\"maskedCard\\": \\"************1111\\", \\"scheme\\": \\"visa\\"}, \\"type\\": \\"card\\"}, \\"status\\": \\"succeeded\\", \\"type\\": \\"payment\\"}, \\"type\\": \\"payment.succeeded\\"}"	BBGI202497	t	2024-09-18 17:55:29.17149+00	2024-09-18 17:55:29.171517+00
ch_ngopVnR15njFXYMcQ65tpOGx	"{\\"createdDate\\": \\"2024-09-18T18:03:03.962478Z\\", \\"id\\": \\"evt_PgrMVjdOADWS1kwSVGKfK11E\\", \\"payload\\": {\\"amount\\": 12360, \\"createdDate\\": \\"2024-09-18T18:02:46.549058Z\\", \\"currency\\": \\"ZAR\\", \\"id\\": \\"p_9g0y49Or7YaUpVsJO3Ia5VxV\\", \\"metadata\\": {\\"checkoutId\\": \\"ch_ngopVnR15njFXYMcQ65tpOGx\\", \\"domain\\": \\"bbgi.co.za\\", \\"productType\\": \\"checkout\\"}, \\"mode\\": \\"test\\", \\"paymentMethodDetails\\": {\\"card\\": {\\"expiryMonth\\": 2, \\"expiryYear\\": 26, \\"maskedCard\\": \\"************1111\\", \\"scheme\\": \\"visa\\"}, \\"type\\": \\"card\\"}, \\"status\\": \\"succeeded\\", \\"type\\": \\"payment\\"}, \\"type\\": \\"payment.succeeded\\"}"	BBGI202491	t	2024-09-18 18:03:05.040348+00	2024-09-18 18:03:05.040369+00
ch_ogkYVeQXw2bsOlMu5bwu3AL9	"{\\"createdDate\\": \\"2024-09-18T18:05:24.554047Z\\", \\"id\\": \\"evt_4xbqJXOmP41FD86ty2ds4Mag\\", \\"payload\\": {\\"amount\\": 12360, \\"createdDate\\": \\"2024-09-18T18:05:06.696240Z\\", \\"currency\\": \\"ZAR\\", \\"id\\": \\"p_yL8Y4XOpMAmcNAPF2wKirGvE\\", \\"metadata\\": {\\"checkoutId\\": \\"ch_ogkYVeQXw2bsOlMu5bwu3AL9\\", \\"domain\\": \\"bbgi.co.za\\", \\"productType\\": \\"checkout\\"}, \\"mode\\": \\"test\\", \\"paymentMethodDetails\\": {\\"card\\": {\\"expiryMonth\\": 2, \\"expiryYear\\": 26, \\"maskedCard\\": \\"************1111\\", \\"scheme\\": \\"visa\\"}, \\"type\\": \\"card\\"}, \\"status\\": \\"succeeded\\", \\"type\\": \\"payment\\"}, \\"type\\": \\"payment.succeeded\\"}"	\N	f	2024-09-18 18:05:25.463085+00	2024-09-18 18:05:25.463116+00
ch_kgKDNVJV6GYubbjHrPvTm05x	"{\\"createdDate\\": \\"2024-09-18T18:25:58.702230Z\\", \\"id\\": \\"evt_eLB3NvovdAdHpZlClk2FnZ7E\\", \\"payload\\": {\\"amount\\": 12360, \\"createdDate\\": \\"2024-09-18T18:25:44.596201Z\\", \\"currency\\": \\"ZAR\\", \\"id\\": \\"p_8EDJNQaQa76s5wNsYRYuR1jx\\", \\"metadata\\": {\\"checkoutId\\": \\"ch_kgKDNVJV6GYubbjHrPvTm05x\\", \\"domain\\": \\"bbgi.co.za\\", \\"productType\\": \\"checkout\\"}, \\"mode\\": \\"test\\", \\"paymentMethodDetails\\": {\\"card\\": {\\"expiryMonth\\": 2, \\"expiryYear\\": 26, \\"maskedCard\\": \\"************1111\\", \\"scheme\\": \\"visa\\"}, \\"type\\": \\"card\\"}, \\"status\\": \\"succeeded\\", \\"type\\": \\"payment\\"}, \\"type\\": \\"payment.succeeded\\"}"	BBGI202493	t	2024-09-18 18:25:59.74817+00	2024-09-18 18:25:59.74819+00
ch_XEwO7pbWokdFWDnfXoBsZwXE	"{\\"createdDate\\": \\"2024-09-18T18:27:38.026401Z\\", \\"id\\": \\"evt_8EDJNQaoNqkCM81f3DmFeQVx\\", \\"payload\\": {\\"amount\\": 50000, \\"createdDate\\": \\"2024-09-18T18:27:21.589141Z\\", \\"currency\\": \\"ZAR\\", \\"id\\": \\"p_QLOBRMedvK4SeW3cy8vuPp8x\\", \\"metadata\\": {\\"checkoutId\\": \\"ch_XEwO7pbWokdFWDnfXoBsZwXE\\", \\"domain\\": \\"bbgi.co.za\\", \\"productType\\": \\"checkout\\"}, \\"mode\\": \\"test\\", \\"paymentMethodDetails\\": {\\"card\\": {\\"expiryMonth\\": 2, \\"expiryYear\\": 26, \\"maskedCard\\": \\"************1111\\", \\"scheme\\": \\"visa\\"}, \\"type\\": \\"card\\"}, \\"status\\": \\"succeeded\\", \\"type\\": \\"payment\\"}, \\"type\\": \\"payment.succeeded\\"}"	BBGI20249	t	2024-09-18 18:27:39.165702+00	2024-09-18 18:27:39.165723+00
ch_yL8Y4XDYVbKt9B1hyDJS1alE	"{\\"createdDate\\": \\"2024-09-18T18:36:09.200578Z\\", \\"id\\": \\"evt_9Ee7Z5w7Zl6fvzAh3rkS4vpx\\", \\"payload\\": {\\"amount\\": 50000, \\"createdDate\\": \\"2024-09-18T18:35:54.671276Z\\", \\"currency\\": \\"ZAR\\", \\"id\\": \\"p_pLpJpDrJjbvUMQiwMaF401gZ\\", \\"metadata\\": {\\"checkoutId\\": \\"ch_yL8Y4XDYVbKt9B1hyDJS1alE\\", \\"domain\\": \\"bbgi.co.za\\", \\"productType\\": \\"checkout\\"}, \\"mode\\": \\"test\\", \\"paymentMethodDetails\\": {\\"card\\": {\\"expiryMonth\\": 2, \\"expiryYear\\": 26, \\"maskedCard\\": \\"************1111\\", \\"scheme\\": \\"visa\\"}, \\"type\\": \\"card\\"}, \\"status\\": \\"succeeded\\", \\"type\\": \\"payment\\"}, \\"type\\": \\"payment.succeeded\\"}"	BBGI20249	t	2024-09-18 18:36:10.114446+00	2024-09-18 18:36:10.114485+00
ch_dg1eZ5BOYqpuM9NHPy3sbBgB	"{\\"createdDate\\": \\"2024-09-25T08:38:09.367703Z\\", \\"id\\": \\"evt_4xbq1aZ0qq3clYaFpAPi4kqg\\", \\"payload\\": {\\"amount\\": 12360, \\"createdDate\\": \\"2024-09-25T08:37:33.535471Z\\", \\"currency\\": \\"ZAR\\", \\"id\\": \\"p_3LRQO67NDZZIQKquy8oIrbox\\", \\"metadata\\": {\\"checkoutId\\": \\"ch_dg1eZ5BOYqpuM9NHPy3sbBgB\\", \\"domain\\": \\"bbgi.co.za\\", \\"productType\\": \\"checkout\\"}, \\"mode\\": \\"live\\", \\"paymentMethodDetails\\": {\\"card\\": {\\"expiryMonth\\": 12, \\"expiryYear\\": 25, \\"maskedCard\\": \\"************0116\\", \\"scheme\\": \\"visa\\"}, \\"type\\": \\"card\\"}, \\"status\\": \\"succeeded\\", \\"type\\": \\"payment\\"}, \\"type\\": \\"payment.succeeded\\"}"	BBGI202493	t	2024-09-25 08:38:10.340347+00	2024-09-25 08:38:10.340441+00
ch_GPEPbGMRD0G4IpOs0X3TRZx2	"{\\"createdDate\\": \\"2024-10-20T00:23:32.061058Z\\", \\"id\\": \\"evt_2LNQdBmZ1dwTeKAubnriQ8bx\\", \\"payload\\": {\\"amount\\": 50000, \\"createdDate\\": \\"2024-10-20T00:22:57.595180Z\\", \\"currency\\": \\"ZAR\\", \\"id\\": \\"p_PgrMaRnb59kI0OIRGKtyAyEb\\", \\"metadata\\": {\\"checkoutId\\": \\"ch_GPEPbGMRD0G4IpOs0X3TRZx2\\", \\"domain\\": \\"bbgi.co.za\\", \\"productType\\": \\"checkout\\"}, \\"mode\\": \\"test\\", \\"paymentMethodDetails\\": {\\"card\\": {\\"expiryMonth\\": 10, \\"expiryYear\\": 29, \\"maskedCard\\": \\"************1111\\", \\"scheme\\": \\"visa\\"}, \\"type\\": \\"card\\"}, \\"status\\": \\"succeeded\\", \\"type\\": \\"payment\\"}, \\"type\\": \\"payment.succeeded\\"}"	BBGI202410	t	2024-10-20 00:23:33.156134+00	2024-10-20 00:23:33.156184+00
ch_ogWYwadnpwzhGbKtMXmteo0L	"{\\"createdDate\\": \\"2024-10-22T02:20:32.082156Z\\", \\"id\\": \\"evt_QLOBGa9nZlqSXw6i6mQuBY9x\\", \\"payload\\": {\\"amount\\": 50000, \\"createdDate\\": \\"2024-10-22T02:20:10.353648Z\\", \\"currency\\": \\"ZAR\\", \\"id\\": \\"p_4LVK6N9pj4wF3K4iPJaH00ZE\\", \\"metadata\\": {\\"checkoutId\\": \\"ch_ogWYwadnpwzhGbKtMXmteo0L\\", \\"domain\\": \\"bbgi.co.za\\", \\"productType\\": \\"checkout\\"}, \\"mode\\": \\"test\\", \\"paymentMethodDetails\\": {\\"card\\": {\\"expiryMonth\\": 11, \\"expiryYear\\": 25, \\"maskedCard\\": \\"************1111\\", \\"scheme\\": \\"visa\\"}, \\"type\\": \\"card\\"}, \\"status\\": \\"succeeded\\", \\"type\\": \\"payment\\"}, \\"type\\": \\"payment.succeeded\\"}"	BBGI202410	t	2024-10-22 02:20:33.050739+00	2024-10-22 02:20:33.050765+00
ch_4LVK69wmDB3tBrZUb3zH2njE	"{\\"createdDate\\": \\"2024-11-06T15:08:50.578601Z\\", \\"id\\": \\"evt_wxMZlrB36vqS58ZhqDaF2oBL\\", \\"payload\\": {\\"amount\\": 20600, \\"createdDate\\": \\"2024-11-06T15:08:02.489614Z\\", \\"currency\\": \\"ZAR\\", \\"id\\": \\"p_GEZ1vdYMGd1tpPcYZli3b1Lw\\", \\"metadata\\": {\\"checkoutId\\": \\"ch_4LVK69wmDB3tBrZUb3zH2njE\\", \\"domain\\": \\"bbgi.co.za\\", \\"productType\\": \\"checkout\\"}, \\"mode\\": \\"live\\", \\"paymentMethodDetails\\": {\\"card\\": {\\"expiryMonth\\": 12, \\"expiryYear\\": 25, \\"maskedCard\\": \\"************0116\\", \\"scheme\\": \\"visa\\"}, \\"type\\": \\"card\\"}, \\"status\\": \\"succeeded\\", \\"type\\": \\"payment\\"}, \\"type\\": \\"payment.succeeded\\"}"	BBGI2024111	t	2024-11-06 15:08:51.586013+00	2024-11-06 15:08:51.586069+00
ch_8EjYa7Mm508fKXhrMRcaBmLa	"{\\"createdDate\\": \\"2024-11-07T03:04:41.393203Z\\", \\"id\\": \\"evt_PEPbGd8JYQwHD1ty39h3aax2\\", \\"payload\\": {\\"amount\\": 20600, \\"createdDate\\": \\"2024-11-07T03:04:15.062854Z\\", \\"currency\\": \\"ZAR\\", \\"id\\": \\"p_rEy7kVPm8JpcDRIPyotnoKxK\\", \\"metadata\\": {\\"checkoutId\\": \\"ch_8EjYa7Mm508fKXhrMRcaBmLa\\", \\"domain\\": \\"bbgi.co.za\\", \\"productType\\": \\"checkout\\"}, \\"mode\\": \\"test\\", \\"paymentMethodDetails\\": {\\"card\\": {\\"expiryMonth\\": 11, \\"expiryYear\\": 25, \\"maskedCard\\": \\"************1111\\", \\"scheme\\": \\"visa\\"}, \\"type\\": \\"card\\"}, \\"status\\": \\"succeeded\\", \\"type\\": \\"payment\\"}, \\"type\\": \\"payment.succeeded\\"}"	BBGI2024117	t	2024-11-07 03:04:42.500943+00	2024-11-07 03:04:42.500965+00
ch_4LVK69nWK8WFbZAsb0qcBJEB	"{\\"createdDate\\": \\"2024-11-07T03:56:20.576005Z\\", \\"id\\": \\"evt_0Ll1B6N9wo3toors6oVFRerE\\", \\"payload\\": {\\"amount\\": 20600, \\"createdDate\\": \\"2024-11-07T03:55:55.012720Z\\", \\"currency\\": \\"ZAR\\", \\"id\\": \\"p_PLmQawm9Aybho6H4Xdc82KLm\\", \\"metadata\\": {\\"checkoutId\\": \\"ch_4LVK69nWK8WFbZAsb0qcBJEB\\", \\"domain\\": \\"bbgi.co.za\\", \\"productType\\": \\"checkout\\"}, \\"mode\\": \\"test\\", \\"paymentMethodDetails\\": {\\"card\\": {\\"expiryMonth\\": 11, \\"expiryYear\\": 25, \\"maskedCard\\": \\"************1111\\", \\"scheme\\": \\"visa\\"}, \\"type\\": \\"card\\"}, \\"status\\": \\"succeeded\\", \\"type\\": \\"payment\\"}, \\"type\\": \\"payment.succeeded\\"}"	BBGI2024112	t	2024-11-07 03:56:21.691025+00	2024-11-07 03:56:21.691052+00
ch_kGEZ1vdJaKjns2BUKvi3okLw	"{\\"createdDate\\": \\"2024-11-07T04:00:28.267456Z\\", \\"id\\": \\"evt_VgakJdWlANeuqAyuO6JskmzL\\", \\"payload\\": {\\"amount\\": 20600, \\"createdDate\\": \\"2024-11-07T04:00:04.480553Z\\", \\"currency\\": \\"ZAR\\", \\"id\\": \\"p_BEd5ydBNWQMibwUpY1UWX8go\\", \\"metadata\\": {\\"checkoutId\\": \\"ch_kGEZ1vdJaKjns2BUKvi3okLw\\", \\"domain\\": \\"bbgi.co.za\\", \\"productType\\": \\"checkout\\"}, \\"mode\\": \\"test\\", \\"paymentMethodDetails\\": {\\"card\\": {\\"expiryMonth\\": 11, \\"expiryYear\\": 25, \\"maskedCard\\": \\"************1111\\", \\"scheme\\": \\"visa\\"}, \\"type\\": \\"card\\"}, \\"status\\": \\"succeeded\\", \\"type\\": \\"payment\\"}, \\"type\\": \\"payment.succeeded\\"}"	BBGI2024113	t	2024-11-07 04:00:30.241275+00	2024-11-07 04:00:30.24131+00
ch_J4EX8od0Obq2h4iz6kIBeoEN	"{\\"createdDate\\": \\"2024-11-07T04:14:16.179219Z\\", \\"id\\": \\"evt_9g0ym0jAk5KtyRU6RaSyVpxV\\", \\"payload\\": {\\"amount\\": 50000, \\"createdDate\\": \\"2024-11-07T04:13:39.329139Z\\", \\"currency\\": \\"ZAR\\", \\"id\\": \\"p_QLOBG96KOemu4Xt60ZiPjVxb\\", \\"metadata\\": {\\"checkoutId\\": \\"ch_J4EX8od0Obq2h4iz6kIBeoEN\\", \\"domain\\": \\"bbgi.co.za\\", \\"productType\\": \\"checkout\\"}, \\"mode\\": \\"test\\", \\"paymentMethodDetails\\": {\\"card\\": {\\"expiryMonth\\": 11, \\"expiryYear\\": 25, \\"maskedCard\\": \\"************1111\\", \\"scheme\\": \\"visa\\"}, \\"type\\": \\"card\\"}, \\"status\\": \\"succeeded\\", \\"type\\": \\"payment\\"}, \\"type\\": \\"payment.succeeded\\"}"	BBGI202411	t	2024-11-07 04:14:17.091417+00	2024-11-07 04:14:17.091441+00
ch_8EDJGeBlVl7C5Q6iKnXfeapx	"{\\"createdDate\\": \\"2024-11-07T07:12:47.414870Z\\", \\"id\\": \\"evt_JL2nNG7BaBPtelGHdlPi41LZ\\", \\"payload\\": {\\"amount\\": 20600, \\"createdDate\\": \\"2024-11-07T07:11:10.542005Z\\", \\"currency\\": \\"ZAR\\", \\"id\\": \\"p_4xbq1r7PVMkSPqOspNDIpmOg\\", \\"metadata\\": {\\"checkoutId\\": \\"ch_8EDJGeBlVl7C5Q6iKnXfeapx\\", \\"domain\\": \\"bbgi.co.za\\", \\"productType\\": \\"checkout\\"}, \\"mode\\": \\"test\\", \\"paymentMethodDetails\\": {\\"card\\": {\\"expiryMonth\\": 11, \\"expiryYear\\": 25, \\"maskedCard\\": \\"************1111\\", \\"scheme\\": \\"visa\\"}, \\"type\\": \\"card\\"}, \\"status\\": \\"succeeded\\", \\"type\\": \\"payment\\"}, \\"type\\": \\"payment.succeeded\\"}"	BBGI2024112	t	2024-11-07 07:12:49.583492+00	2024-11-07 07:12:49.583521+00
ch_yL8YZmjY5qDS2qaTbDmHrVpE	"{\\"createdDate\\": \\"2024-11-07T07:35:56.760177Z\\", \\"id\\": \\"evt_PLmQaOnAQVksGanf4nmt1plL\\", \\"payload\\": {\\"amount\\": 20600, \\"createdDate\\": \\"2024-11-07T07:35:32.923115Z\\", \\"currency\\": \\"ZAR\\", \\"id\\": \\"p_yxvqGYyqvemizGfb1ZtP77gB\\", \\"metadata\\": {\\"checkoutId\\": \\"ch_yL8YZmjY5qDS2qaTbDmHrVpE\\", \\"domain\\": \\"bbgi.co.za\\", \\"productType\\": \\"checkout\\"}, \\"mode\\": \\"test\\", \\"paymentMethodDetails\\": {\\"card\\": {\\"expiryMonth\\": 11, \\"expiryYear\\": 25, \\"maskedCard\\": \\"************1111\\", \\"scheme\\": \\"visa\\"}, \\"type\\": \\"card\\"}, \\"status\\": \\"succeeded\\", \\"type\\": \\"payment\\"}, \\"type\\": \\"payment.succeeded\\"}"	BBGI2024113	t	2024-11-07 07:35:57.903599+00	2024-11-07 07:35:57.903625+00
ch_0Ll1BPpwnpVfWzvspRvfKmEV	"{\\"createdDate\\": \\"2024-11-24T18:28:04.103611Z\\", \\"id\\": \\"evt_ogkYa8jbY2XtwqXU5D5hQ89L\\", \\"payload\\": {\\"amount\\": 20600, \\"createdDate\\": \\"2024-11-24T18:26:32.279389Z\\", \\"currency\\": \\"ZAR\\", \\"id\\": \\"p_1EAwGzJmooRuJA3s6laSnylx\\", \\"metadata\\": {\\"checkoutId\\": \\"ch_0Ll1BPpwnpVfWzvspRvfKmEV\\", \\"domain\\": \\"www.bbgi.co.za\\", \\"productType\\": \\"checkout\\"}, \\"mode\\": \\"live\\", \\"paymentMethodDetails\\": {\\"card\\": {\\"expiryMonth\\": 11, \\"expiryYear\\": 25, \\"maskedCard\\": \\"************8685\\", \\"scheme\\": \\"visa\\"}, \\"type\\": \\"card\\"}, \\"status\\": \\"succeeded\\", \\"type\\": \\"payment\\"}, \\"type\\": \\"payment.succeeded\\"}"	BBGI2024118	t	2024-11-24 18:28:05.123359+00	2024-11-24 18:28:05.123385+00
ch_ax4bXa0ZD08UwKUyqBfY91Ej	"{\\"createdDate\\": \\"2024-11-26T16:49:18.301280Z\\", \\"id\\": \\"evt_Kx6mkWyMQZeCApeubq2Hypg8\\", \\"payload\\": {\\"amount\\": 20600, \\"createdDate\\": \\"2024-11-26T16:47:17.776936Z\\", \\"currency\\": \\"ZAR\\", \\"id\\": \\"p_ax4bXa0ZDrNu9KF54AtYlXEj\\", \\"metadata\\": {\\"checkoutId\\": \\"ch_ax4bXa0ZD08UwKUyqBfY91Ej\\", \\"domain\\": \\"bbgi.co.za\\", \\"productType\\": \\"checkout\\"}, \\"mode\\": \\"live\\", \\"paymentMethodDetails\\": {\\"card\\": {\\"expiryMonth\\": 10, \\"expiryYear\\": 26, \\"maskedCard\\": \\"************3555\\", \\"scheme\\": \\"mastercard\\"}, \\"type\\": \\"card\\"}, \\"status\\": \\"succeeded\\", \\"type\\": \\"payment\\"}, \\"type\\": \\"payment.succeeded\\"}"	BBGI20241116	t	2024-11-26 16:49:19.142739+00	2024-11-26 16:49:19.142764+00
ch_9Ee7lm3DBW8f42U3KNTr5YxD	"{\\"createdDate\\": \\"2024-11-26T18:00:39.027675Z\\", \\"id\\": \\"evt_PEPbGj4baWrTKo5UXpKt3YBx\\", \\"payload\\": {\\"amount\\": 41200, \\"createdDate\\": \\"2024-11-26T17:59:04.723524Z\\", \\"currency\\": \\"ZAR\\", \\"id\\": \\"p_ogkYaPdlJRzCw80F58yFpzL9\\", \\"metadata\\": {\\"checkoutId\\": \\"ch_9Ee7lm3DBW8f42U3KNTr5YxD\\", \\"domain\\": \\"www.bbgi.co.za\\", \\"productType\\": \\"checkout\\"}, \\"mode\\": \\"live\\", \\"paymentMethodDetails\\": {\\"card\\": {\\"expiryMonth\\": 2, \\"expiryYear\\": 29, \\"maskedCard\\": \\"************9375\\", \\"scheme\\": \\"visa\\"}, \\"type\\": \\"card\\"}, \\"status\\": \\"succeeded\\", \\"type\\": \\"payment\\"}, \\"type\\": \\"payment.succeeded\\"}"	BBGI20241119	t	2024-11-26 18:00:39.905907+00	2024-11-26 18:00:39.905931+00
ch_dg1e8wyMJdGtMNWFWoCP4AgB	"{\\"createdDate\\": \\"2025-01-03T19:05:39.829602Z\\", \\"id\\": \\"evt_0Ll1wW7144lhZM1i5YJC1kQE\\", \\"payload\\": {\\"amount\\": 20600, \\"createdDate\\": \\"2025-01-03T19:03:21.145549Z\\", \\"currency\\": \\"ZAR\\", \\"id\\": \\"p_VgakRKvQrr8hNe0tyX6Cw6Ld\\", \\"metadata\\": {\\"checkoutId\\": \\"ch_dg1e8wyMJdGtMNWFWoCP4AgB\\", \\"productType\\": \\"checkout\\"}, \\"mode\\": \\"test\\", \\"paymentMethodDetails\\": {\\"card\\": {\\"expiryMonth\\": 2, \\"expiryYear\\": 27, \\"maskedCard\\": \\"************1111\\", \\"scheme\\": \\"visa\\"}, \\"type\\": \\"card\\"}, \\"status\\": \\"succeeded\\", \\"type\\": \\"payment\\"}, \\"type\\": \\"payment.succeeded\\"}"	\N	f	2025-01-03 19:05:40.843565+00	2025-01-03 19:05:40.843694+00
ch_PEPbRqG0javhpGntX9jh9Jx2	"{\\"createdDate\\": \\"2025-02-09T14:10:30.087401Z\\", \\"id\\": \\"evt_PgrMnPayKPDi0qAsR17tRb5E\\", \\"payload\\": {\\"amount\\": 21630, \\"createdDate\\": \\"2025-02-09T14:01:52.228696Z\\", \\"currency\\": \\"ZAR\\", \\"id\\": \\"p_yxvqJPG9zwAF0v5S4Vls3JYg\\", \\"metadata\\": {\\"checkoutId\\": \\"ch_PEPbRqG0javhpGntX9jh9Jx2\\", \\"domain\\": \\"bbgi.co.za\\", \\"productType\\": \\"checkout\\"}, \\"mode\\": \\"live\\", \\"paymentMethodDetails\\": {\\"type\\": \\"instant_eft\\"}, \\"status\\": \\"succeeded\\", \\"type\\": \\"payment\\"}, \\"type\\": \\"payment.succeeded\\"}"	BBGI202522	t	2025-02-09 14:10:31.426728+00	2025-02-09 14:10:31.426755+00
ch_DLzArj7aK19tJK9TbdZUnaxa	"{\\"createdDate\\": \\"2025-02-13T17:17:01.357458Z\\", \\"id\\": \\"evt_8EDJXRrKydMFv7ZiYb8fjopx\\", \\"payload\\": {\\"amount\\": 10300, \\"createdDate\\": \\"2025-02-13T17:16:46.422261Z\\", \\"currency\\": \\"ZAR\\", \\"id\\": \\"p_1EAwmRrWJOoh621c0jTAzNxm\\", \\"metadata\\": {\\"checkoutId\\": \\"ch_DLzArj7aK19tJK9TbdZUnaxa\\", \\"domain\\": \\"www.bbgi.co.za\\", \\"productType\\": \\"checkout\\"}, \\"mode\\": \\"live\\", \\"paymentMethodDetails\\": {\\"type\\": \\"apple_pay\\"}, \\"status\\": \\"succeeded\\", \\"type\\": \\"payment\\"}, \\"type\\": \\"payment.succeeded\\"}"	\N	f	2025-02-13 17:17:02.739897+00	2025-02-13 17:17:02.739923+00
ch_agJkmzYqGO7Iw1YsX2NFDNx2	"{\\"createdDate\\": \\"2025-02-17T23:46:17.641324Z\\", \\"id\\": \\"evt_kgKDmzQObvrTD4KSOybFm3qx\\", \\"payload\\": {\\"amount\\": 10300, \\"createdDate\\": \\"2025-02-17T23:45:59.718907Z\\", \\"currency\\": \\"ZAR\\", \\"id\\": \\"p_8EjYA8zyApRtRbACV8Gf0q6L\\", \\"metadata\\": {\\"checkoutId\\": \\"ch_agJkmzYqGO7Iw1YsX2NFDNx2\\", \\"domain\\": \\"bbgi.co.za\\", \\"productType\\": \\"checkout\\"}, \\"mode\\": \\"live\\", \\"paymentMethodDetails\\": {\\"type\\": \\"apple_pay\\"}, \\"status\\": \\"succeeded\\", \\"type\\": \\"payment\\"}, \\"type\\": \\"payment.succeeded\\"}"	BBGI202525	t	2025-02-17 23:46:18.881084+00	2025-02-17 23:46:18.881123+00
ch_VgakRMoeyAXCN77ckG0ckaGL	"{\\"createdDate\\": \\"2025-03-09T02:13:09.132635Z\\", \\"id\\": \\"evt_PEPbRKBDVp5SoNwuXeJHPymx\\", \\"payload\\": {\\"amount\\": 30900, \\"createdDate\\": \\"2025-03-09T02:12:26.221364Z\\", \\"currency\\": \\"ZAR\\", \\"id\\": \\"p_aEqGkQW5zVDUl1dIPMkfA4Yx\\", \\"metadata\\": {\\"checkoutId\\": \\"ch_VgakRMoeyAXCN77ckG0ckaGL\\", \\"domain\\": \\"bbgi.co.za\\", \\"productType\\": \\"checkout\\"}, \\"mode\\": \\"test\\", \\"paymentMethodDetails\\": {\\"card\\": {\\"expiryMonth\\": 11, \\"expiryYear\\": 26, \\"maskedCard\\": \\"************1111\\", \\"scheme\\": \\"visa\\"}, \\"type\\": \\"card\\"}, \\"status\\": \\"succeeded\\", \\"type\\": \\"payment\\"}, \\"type\\": \\"payment.succeeded\\"}"	BBGI202531	t	2025-03-09 02:13:10.354634+00	2025-03-09 02:13:10.354686+00
ch_ZgnMe6OqVW9tAbMUqXPI0VEn	"{\\"createdDate\\": \\"2025-03-09T03:05:42.062654Z\\", \\"id\\": \\"evt_y0Ll1wO81K77ImpCwVDIp8EV\\", \\"payload\\": {\\"amount\\": 51500, \\"createdDate\\": \\"2025-03-09T03:04:26.335712Z\\", \\"currency\\": \\"ZAR\\", \\"id\\": \\"p_kgKDma7pm6lTbVwHZddhKzax\\", \\"metadata\\": {\\"checkoutId\\": \\"ch_ZgnMe6OqVW9tAbMUqXPI0VEn\\", \\"domain\\": \\"bbgi.co.za\\", \\"productType\\": \\"checkout\\"}, \\"mode\\": \\"test\\", \\"paymentMethodDetails\\": {\\"card\\": {\\"expiryMonth\\": 11, \\"expiryYear\\": 28, \\"maskedCard\\": \\"************1111\\", \\"scheme\\": \\"visa\\"}, \\"type\\": \\"card\\"}, \\"status\\": \\"succeeded\\", \\"type\\": \\"payment\\"}, \\"type\\": \\"payment.succeeded\\"}"	BBGI202532	t	2025-03-09 03:05:43.554227+00	2025-03-09 03:05:43.554254+00
ch_rLQQm9v44kQH6RVFQqXhQ7mL	"{\\"createdDate\\": \\"2025-03-09T03:20:47.220814Z\\", \\"id\\": \\"evt_ax4bKV1MZOeiDVQt8eqiYQJE\\", \\"payload\\": {\\"amount\\": 41200, \\"createdDate\\": \\"2025-03-09T03:19:59.468484Z\\", \\"currency\\": \\"ZAR\\", \\"id\\": \\"p_4LVK4q0NAQeumoT2bMh5RoEB\\", \\"metadata\\": {\\"checkoutId\\": \\"ch_rLQQm9v44kQH6RVFQqXhQ7mL\\", \\"domain\\": \\"bbgi.co.za\\", \\"productType\\": \\"checkout\\"}, \\"mode\\": \\"test\\", \\"paymentMethodDetails\\": {\\"card\\": {\\"expiryMonth\\": 11, \\"expiryYear\\": 28, \\"maskedCard\\": \\"************1111\\", \\"scheme\\": \\"visa\\"}, \\"type\\": \\"card\\"}, \\"status\\": \\"succeeded\\", \\"type\\": \\"payment\\"}, \\"type\\": \\"payment.succeeded\\"}"	BBGI202533	t	2025-03-09 03:20:48.381636+00	2025-03-09 03:20:48.381665+00
ch_4EX8RAJb2V6CX7nSwYds4JPE	"{\\"createdDate\\": \\"2025-03-09T03:38:00.226952Z\\", \\"id\\": \\"evt_yL8YKBawDq2s2MDT16MS940E\\", \\"payload\\": {\\"amount\\": 30900, \\"createdDate\\": \\"2025-03-09T03:37:19.947268Z\\", \\"currency\\": \\"ZAR\\", \\"id\\": \\"p_2LNQmGwj1m9ueXahAMJHbw9x\\", \\"metadata\\": {\\"checkoutId\\": \\"ch_4EX8RAJb2V6CX7nSwYds4JPE\\", \\"productType\\": \\"checkout\\"}, \\"mode\\": \\"test\\", \\"paymentMethodDetails\\": {\\"card\\": {\\"expiryMonth\\": 11, \\"expiryYear\\": 27, \\"maskedCard\\": \\"************1111\\", \\"scheme\\": \\"visa\\"}, \\"type\\": \\"card\\"}, \\"status\\": \\"succeeded\\", \\"type\\": \\"payment\\"}, \\"type\\": \\"payment.succeeded\\"}"	\N	f	2025-03-09 03:38:01.18559+00	2025-03-09 03:38:01.185633+00
ch_agJkmZdOJ7Pcp2ycGM2cqmax	"{\\"createdDate\\": \\"2025-03-09T04:15:58.159977Z\\", \\"id\\": \\"evt_8kgKDma25Q2jtoB2sZeXf6xV\\", \\"payload\\": {\\"amount\\": 41200, \\"createdDate\\": \\"2025-03-09T04:14:55.366801Z\\", \\"currency\\": \\"ZAR\\", \\"id\\": \\"p_VgakRM0KQRJuqwBSyKXUPKXL\\", \\"metadata\\": {\\"checkoutId\\": \\"ch_agJkmZdOJ7Pcp2ycGM2cqmax\\", \\"domain\\": \\"bbgi.co.za\\", \\"productType\\": \\"checkout\\"}, \\"mode\\": \\"test\\", \\"paymentMethodDetails\\": {\\"card\\": {\\"expiryMonth\\": 11, \\"expiryYear\\": 27, \\"maskedCard\\": \\"************1111\\", \\"scheme\\": \\"visa\\"}, \\"type\\": \\"card\\"}, \\"status\\": \\"succeeded\\", \\"type\\": \\"payment\\"}, \\"type\\": \\"payment.succeeded\\"}"	BBGI202534	t	2025-03-09 04:15:59.315374+00	2025-03-09 04:15:59.315404+00
ch_ogWYlVXO0lDc5kPHMVZsGW8L	"{\\"createdDate\\": \\"2025-07-29T13:11:58.409905Z\\", \\"id\\": \\"evt_DLzA5NeKwJohq42u1BNhwRyx\\", \\"payload\\": {\\"amount\\": 41200, \\"createdDate\\": \\"2025-07-29T13:11:34.750024Z\\", \\"currency\\": \\"ZAR\\", \\"id\\": \\"p_Kg7bNJ80b9nTzDpsb8WiM5qE\\", \\"metadata\\": {\\"checkoutId\\": \\"ch_ogWYlVXO0lDc5kPHMVZsGW8L\\", \\"domain\\": \\"bbgi.co.za\\", \\"productType\\": \\"checkout\\"}, \\"mode\\": \\"test\\", \\"paymentMethodDetails\\": {\\"card\\": {\\"expiryMonth\\": 12, \\"expiryYear\\": 28, \\"maskedCard\\": \\"************1111\\", \\"scheme\\": \\"visa\\"}, \\"type\\": \\"card\\"}, \\"status\\": \\"succeeded\\", \\"type\\": \\"payment\\"}, \\"type\\": \\"payment.succeeded\\"}"	BBGI202573	t	2025-07-29 13:11:59.500254+00	2025-07-29 13:11:59.500278+00
ch_28EjYKPaXkNQHRkGcn5HXNLa	"{\\"createdDate\\": \\"2025-07-29T11:16:26.996585Z\\", \\"id\\": \\"evt_ogWYlVwNkG9uQbks35jieqKL\\", \\"payload\\": {\\"amount\\": 41200, \\"createdDate\\": \\"2025-07-29T11:15:48.876533Z\\", \\"currency\\": \\"ZAR\\", \\"id\\": \\"p_Kx6m3jkJrj8T98dcaAdt0Dg8\\", \\"metadata\\": {\\"checkoutId\\": \\"ch_28EjYKPaXkNQHRkGcn5HXNLa\\", \\"domain\\": \\"bbgi.co.za\\", \\"productType\\": \\"checkout\\"}, \\"mode\\": \\"test\\", \\"paymentMethodDetails\\": {\\"card\\": {\\"expiryMonth\\": 12, \\"expiryYear\\": 27, \\"maskedCard\\": \\"************1111\\", \\"scheme\\": \\"visa\\"}, \\"type\\": \\"card\\"}, \\"status\\": \\"succeeded\\", \\"type\\": \\"payment\\"}, \\"type\\": \\"payment.succeeded\\"}"	\N	f	2025-07-29 13:53:10.989783+00	2025-07-29 13:53:10.989834+00
ch_y0Ll12Xr0B8ycAmhr6TmdEVN	"{\\"createdDate\\": \\"2025-07-29T08:25:51.902298Z\\", \\"id\\": \\"evt_aEqGRN3Z2PJcl39U14DiA7Rx\\", \\"payload\\": {\\"amount\\": 41200, \\"createdDate\\": \\"2025-07-29T08:25:15.042723Z\\", \\"currency\\": \\"ZAR\\", \\"id\\": \\"p_vx5Y80arK19slNdC7Xysn2Ox\\", \\"metadata\\": {\\"checkoutId\\": \\"ch_y0Ll12Xr0B8ycAmhr6TmdEVN\\", \\"domain\\": \\"bbgi.co.za\\", \\"productType\\": \\"checkout\\"}, \\"mode\\": \\"test\\", \\"paymentMethodDetails\\": {\\"card\\": {\\"expiryMonth\\": 2, \\"expiryYear\\": 26, \\"maskedCard\\": \\"************1111\\", \\"scheme\\": \\"visa\\"}, \\"type\\": \\"card\\"}, \\"status\\": \\"succeeded\\", \\"type\\": \\"payment\\"}, \\"type\\": \\"payment.succeeded\\"}"	\N	f	2025-07-29 17:22:49.30599+00	2025-07-29 17:22:49.306063+00
ch_agJk9OPNQONs8RjupQMS41x2	"{\\"createdDate\\": \\"2025-12-06T21:01:47.539404Z\\", \\"id\\": \\"evt_GPEPbdoPGkYrs7dfblC3w8x2\\", \\"payload\\": {\\"amount\\": 10000, \\"createdDate\\": \\"2025-12-06T21:01:11.359540Z\\", \\"currency\\": \\"ZAR\\", \\"id\\": \\"p_9Ee7yBPZWe2uY92HYeVHDDxD\\", \\"metadata\\": {\\"checkoutId\\": \\"ch_agJk9OPNQONs8RjupQMS41x2\\", \\"productType\\": \\"checkout\\"}, \\"mode\\": \\"test\\", \\"paymentMethodDetails\\": {\\"card\\": {\\"expiryMonth\\": 11, \\"expiryYear\\": 28, \\"maskedCard\\": \\"************1111\\", \\"scheme\\": \\"visa\\"}, \\"type\\": \\"card\\"}, \\"status\\": \\"succeeded\\", \\"type\\": \\"payment\\"}, \\"type\\": \\"payment.succeeded\\"}"	\N	f	2025-12-06 21:01:48.765412+00	2025-12-06 21:01:48.76552+00
ch_7x3Y1eGbBa4tkwIn3nFew5Er	"{\\"createdDate\\": \\"2025-12-06T21:48:18.899884Z\\", \\"id\\": \\"evt_2LNQR6z739nHYwOFeKqfqvxP\\", \\"payload\\": {\\"amount\\": 10000, \\"createdDate\\": \\"2025-12-06T21:47:53.356551Z\\", \\"currency\\": \\"ZAR\\", \\"id\\": \\"p_VgakdK8vd1PSeZQTkjjfm4Ld\\", \\"metadata\\": {\\"checkoutId\\": \\"ch_7x3Y1eGbBa4tkwIn3nFew5Er\\", \\"productType\\": \\"checkout\\"}, \\"mode\\": \\"test\\", \\"paymentMethodDetails\\": {\\"card\\": {\\"expiryMonth\\": 11, \\"expiryYear\\": 28, \\"maskedCard\\": \\"************1111\\", \\"scheme\\": \\"visa\\"}, \\"type\\": \\"card\\"}, \\"status\\": \\"succeeded\\", \\"type\\": \\"payment\\"}, \\"type\\": \\"payment.succeeded\\"}"	\N	f	2025-12-06 21:48:20.034198+00	2025-12-06 21:48:20.034324+00
ch_2xYWdqZvo9MfzOQSGAIyZJEd	"{\\"createdDate\\": \\"2025-12-07T20:12:43.548793Z\\", \\"id\\": \\"evt_eLB3XYdjObBSD2GF8BbTJjjE\\", \\"payload\\": {\\"amount\\": 10000, \\"createdDate\\": \\"2025-12-07T20:12:11.884965Z\\", \\"currency\\": \\"ZAR\\", \\"id\\": \\"p_eLB3XYdj2PpsX5c640UqovEj\\", \\"metadata\\": {\\"checkoutId\\": \\"ch_2xYWdqZvo9MfzOQSGAIyZJEd\\", \\"productType\\": \\"checkout\\"}, \\"mode\\": \\"test\\", \\"paymentMethodDetails\\": {\\"card\\": {\\"expiryMonth\\": 11, \\"expiryYear\\": 26, \\"maskedCard\\": \\"************1111\\", \\"scheme\\": \\"visa\\"}, \\"type\\": \\"card\\"}, \\"status\\": \\"succeeded\\", \\"type\\": \\"payment\\"}, \\"type\\": \\"payment.succeeded\\"}"	\N	f	2025-12-07 20:12:44.643009+00	2025-12-07 20:12:44.643204+00
ch_2xYWdqZpm45tz7Viy5PIydkE	"{\\"createdDate\\": \\"2025-12-07T20:14:33.231169Z\\", \\"id\\": \\"evt_ZgnMoRr7nkoS1ZRteWVIaQ3E\\", \\"payload\\": {\\"amount\\": 20000, \\"createdDate\\": \\"2025-12-07T20:14:14.035931Z\\", \\"currency\\": \\"ZAR\\", \\"id\\": \\"p_ngopeqWN5WqhX3Kh6PmFp85x\\", \\"metadata\\": {\\"checkoutId\\": \\"ch_2xYWdqZpm45tz7Viy5PIydkE\\", \\"productType\\": \\"checkout\\"}, \\"mode\\": \\"test\\", \\"paymentMethodDetails\\": {\\"card\\": {\\"expiryMonth\\": 11, \\"expiryYear\\": 28, \\"maskedCard\\": \\"************1111\\", \\"scheme\\": \\"visa\\"}, \\"type\\": \\"card\\"}, \\"status\\": \\"succeeded\\", \\"type\\": \\"payment\\"}, \\"type\\": \\"payment.succeeded\\"}"	\N	f	2025-12-07 20:14:34.562284+00	2025-12-07 20:14:34.562386+00
ch_JL2nJVowO4RIepyIadTo02LZ	"{\\"createdDate\\": \\"2025-12-07T20:28:38.947431Z\\", \\"id\\": \\"evt_3LRQdnvRmmBcNA6CQ5I348xD\\", \\"payload\\": {\\"amount\\": 10000, \\"createdDate\\": \\"2025-12-07T20:27:19.692182Z\\", \\"currency\\": \\"ZAR\\", \\"id\\": \\"p_9g0y0V6AkOksOmwHJ0QS9OVx\\", \\"metadata\\": {\\"checkoutId\\": \\"ch_JL2nJVowO4RIepyIadTo02LZ\\", \\"productType\\": \\"checkout\\"}, \\"mode\\": \\"test\\", \\"paymentMethodDetails\\": {\\"type\\": \\"google_pay\\"}, \\"status\\": \\"succeeded\\", \\"type\\": \\"payment\\"}, \\"type\\": \\"payment.succeeded\\"}"	\N	f	2025-12-07 20:28:39.788291+00	2025-12-07 20:28:39.788493+00
ch_ax4bk1OQ4qksDjNC3YSnGmEj	"{\\"createdDate\\": \\"2026-01-27T06:34:47.159944Z\\", \\"id\\": \\"evt_4xbq2BVndYNhaJdIBYRUpzXg\\", \\"payload\\": {\\"amount\\": 1000, \\"createdDate\\": \\"2026-01-27T06:34:24.732391Z\\", \\"currency\\": \\"ZAR\\", \\"id\\": \\"p_wxMZr6BRlJaSMKvf8OpSWp9L\\", \\"metadata\\": {\\"checkoutId\\": \\"ch_ax4bk1OQ4qksDjNC3YSnGmEj\\", \\"domain\\": \\"bakgomong.co.za\\", \\"productType\\": \\"checkout\\"}, \\"mode\\": \\"test\\", \\"paymentMethodDetails\\": {\\"card\\": {\\"expiryMonth\\": 11, \\"expiryYear\\": 26, \\"maskedCard\\": \\"************1111\\", \\"scheme\\": \\"visa\\"}, \\"type\\": \\"card\\"}, \\"status\\": \\"succeeded\\", \\"type\\": \\"payment\\"}, \\"type\\": \\"payment.succeeded\\"}"	\N	f	2026-01-27 06:34:48.114356+00	2026-01-27 06:34:48.114404+00
ch_agJk9dlYWQqS8D3FX8ouYqax	"{\\"createdDate\\": \\"2026-01-28T12:21:12.592415Z\\", \\"id\\": \\"evt_9Ee7yVYz5rOTvAZsBAeIKvpx\\", \\"payload\\": {\\"amount\\": 10000, \\"createdDate\\": \\"2026-01-28T12:20:48.992954Z\\", \\"currency\\": \\"ZAR\\", \\"id\\": \\"p_aEqGY2yzNDeflzkSediAnnxD\\", \\"metadata\\": {\\"checkoutId\\": \\"ch_agJk9dlYWQqS8D3FX8ouYqax\\", \\"domain\\": \\"bakgomong.co.za\\", \\"productType\\": \\"checkout\\"}, \\"mode\\": \\"test\\", \\"paymentMethodDetails\\": {\\"card\\": {\\"expiryMonth\\": 12, \\"expiryYear\\": 28, \\"maskedCard\\": \\"************1111\\", \\"scheme\\": \\"visa\\"}, \\"type\\": \\"card\\"}, \\"status\\": \\"succeeded\\", \\"type\\": \\"payment\\"}, \\"type\\": \\"payment.succeeded\\"}"	\N	f	2026-01-28 12:21:13.69652+00	2026-01-28 12:21:13.696557+00
ch_ZgnMoGYv8lZI1dDhOVVf1kOE	"{\\"createdDate\\": \\"2026-01-28T15:10:31.807501Z\\", \\"id\\": \\"evt_4xbq2jz2WymHaq4hp4jt4Abg\\", \\"payload\\": {\\"amount\\": 10000, \\"createdDate\\": \\"2026-01-28T15:10:08.987570Z\\", \\"currency\\": \\"ZAR\\", \\"id\\": \\"p_yxvqjmM1Zpas7G7cdwOs3wBg\\", \\"metadata\\": {\\"checkoutId\\": \\"ch_ZgnMoGYv8lZI1dDhOVVf1kOE\\", \\"domain\\": \\"bakgomong.co.za\\", \\"productType\\": \\"checkout\\"}, \\"mode\\": \\"test\\", \\"paymentMethodDetails\\": {\\"card\\": {\\"expiryMonth\\": 11, \\"expiryYear\\": 26, \\"maskedCard\\": \\"************1111\\", \\"scheme\\": \\"visa\\"}, \\"type\\": \\"card\\"}, \\"status\\": \\"succeeded\\", \\"type\\": \\"payment\\"}, \\"type\\": \\"payment.succeeded\\"}"	\N	f	2026-01-28 15:10:33.906087+00	2026-01-28 15:10:33.90612+00
ch_9Ee7yVOP8jqSv7rf38kFrBZx	"{\\"createdDate\\": \\"2026-01-28T15:24:22.849241Z\\", \\"id\\": \\"evt_ogWYdAGP5NDuNZNu3zXHrJGL\\", \\"payload\\": {\\"amount\\": 10000, \\"createdDate\\": \\"2026-01-28T15:24:04.782334Z\\", \\"currency\\": \\"ZAR\\", \\"id\\": \\"p_8EDJPWql7B2u0MSKVNhMYDxO\\", \\"metadata\\": {\\"checkoutId\\": \\"ch_9Ee7yVOP8jqSv7rf38kFrBZx\\", \\"domain\\": \\"bakgomong.co.za\\", \\"productType\\": \\"checkout\\"}, \\"mode\\": \\"test\\", \\"paymentMethodDetails\\": {\\"card\\": {\\"expiryMonth\\": 11, \\"expiryYear\\": 28, \\"maskedCard\\": \\"************1111\\", \\"scheme\\": \\"visa\\"}, \\"type\\": \\"card\\"}, \\"status\\": \\"succeeded\\", \\"type\\": \\"payment\\"}, \\"type\\": \\"payment.succeeded\\"}"	\N	f	2026-01-28 15:24:24.021555+00	2026-01-28 15:24:24.0216+00
ch_wxMZrbb194VTMOqSbJyuW9eL	"{\\"createdDate\\": \\"2026-02-08T08:22:49.821657Z\\", \\"id\\": \\"evt_yrEy7VGG5Qn6imMFdmnsz6xK\\", \\"payload\\": {\\"amount\\": 10000, \\"createdDate\\": \\"2026-02-08T08:22:36.381288Z\\", \\"currency\\": \\"ZAR\\", \\"id\\": \\"p_2LNQRGGVN2ATRMub45f4mzxP\\", \\"metadata\\": {\\"checkoutId\\": \\"ch_wxMZrbb194VTMOqSbJyuW9eL\\", \\"productType\\": \\"checkout\\"}, \\"mode\\": \\"test\\", \\"paymentMethodDetails\\": {\\"card\\": {\\"expiryMonth\\": 11, \\"expiryYear\\": 28, \\"maskedCard\\": \\"************1111\\", \\"scheme\\": \\"visa\\"}, \\"type\\": \\"card\\"}, \\"status\\": \\"succeeded\\", \\"type\\": \\"payment\\"}, \\"type\\": \\"payment.succeeded\\"}"	\N	f	2026-02-08 08:22:51.174633+00	2026-02-08 08:22:51.174686+00
ch_DLzA0XP9ybDSpWNFNkujmjxa	"{\\"createdDate\\": \\"2026-02-13T10:59:22.392805Z\\", \\"id\\": \\"evt_X3LRQMo53wPrsaWH3zHqqkxD\\", \\"payload\\": {\\"amount\\": 80000, \\"createdDate\\": \\"2026-02-13T10:58:06.761039Z\\", \\"currency\\": \\"ZAR\\", \\"id\\": \\"p_PEPbpYqVBJBiKANUABeh3Q1x\\", \\"metadata\\": {\\"checkoutId\\": \\"ch_DLzA0XP9ybDSpWNFNkujmjxa\\", \\"domain\\": \\"bbgi.co.za\\", \\"productType\\": \\"checkout\\"}, \\"mode\\": \\"live\\", \\"paymentMethodDetails\\": {\\"type\\": \\"google_pay\\"}, \\"status\\": \\"succeeded\\", \\"type\\": \\"payment\\"}, \\"type\\": \\"payment.succeeded\\"}"	\N	f	2026-02-13 10:59:23.366654+00	2026-02-13 10:59:23.366683+00
ch_rEy7DaoRbG1ty1kI1nRCna1x	"{\\"createdDate\\": \\"2026-02-24T12:35:17.706620Z\\", \\"id\\": \\"evt_A2LNQVbXm8zBTYPNH4whOpxP\\", \\"payload\\": {\\"amount\\": 35000, \\"createdDate\\": \\"2026-02-24T12:34:57.142266Z\\", \\"currency\\": \\"ZAR\\", \\"id\\": \\"p_ngop7DbvwpPTD4hQynipeexB\\", \\"metadata\\": {\\"checkoutId\\": \\"ch_rEy7DaoRbG1ty1kI1nRCna1x\\", \\"domain\\": \\"www.bbgi.co.za\\", \\"productType\\": \\"checkout\\"}, \\"mode\\": \\"test\\", \\"paymentMethodDetails\\": {\\"card\\": {\\"expiryMonth\\": 11, \\"expiryYear\\": 28, \\"maskedCard\\": \\"************1111\\", \\"scheme\\": \\"visa\\"}, \\"type\\": \\"card\\"}, \\"status\\": \\"succeeded\\", \\"type\\": \\"payment\\"}, \\"type\\": \\"payment.succeeded\\"}"	BBGI202623	t	2026-02-24 12:35:18.719285+00	2026-02-24 12:35:18.719308+00
ch_QLOBZvXb7b8he35f2PwsB19x	"{\\"createdDate\\": \\"2026-02-24T13:00:25.103408Z\\", \\"id\\": \\"evt_QLOBZvXo4QaFXPBu6adTBVNx\\", \\"payload\\": {\\"amount\\": 35000, \\"createdDate\\": \\"2026-02-24T13:00:03.213208Z\\", \\"currency\\": \\"ZAR\\", \\"id\\": \\"p_JL2nGMWyBOytyw3TdYbfqAKL\\", \\"metadata\\": {\\"checkoutId\\": \\"ch_QLOBZvXb7b8he35f2PwsB19x\\", \\"domain\\": \\"www.bbgi.co.za\\", \\"productType\\": \\"checkout\\"}, \\"mode\\": \\"test\\", \\"paymentMethodDetails\\": {\\"card\\": {\\"expiryMonth\\": 11, \\"expiryYear\\": 28, \\"maskedCard\\": \\"************1111\\", \\"scheme\\": \\"visa\\"}, \\"type\\": \\"card\\"}, \\"status\\": \\"succeeded\\", \\"type\\": \\"payment\\"}, \\"type\\": \\"payment.succeeded\\"}"	BBGI202624	t	2026-02-24 13:00:26.086611+00	2026-02-24 13:00:26.086636+00
\.


--
-- Name: accounts_account_groups_id_seq; Type: SEQUENCE SET; Schema: public; Owner: thomas
--

SELECT pg_catalog.setval('public.accounts_account_groups_id_seq', 2, true);


--
-- Name: accounts_account_id_seq; Type: SEQUENCE SET; Schema: public; Owner: thomas
--

SELECT pg_catalog.setval('public.accounts_account_id_seq', 162, true);


--
-- Name: accounts_account_user_permissions_id_seq; Type: SEQUENCE SET; Schema: public; Owner: thomas
--

SELECT pg_catalog.setval('public.accounts_account_user_permissions_id_seq', 1, false);


--
-- Name: admin_interface_theme_id_seq; Type: SEQUENCE SET; Schema: public; Owner: thomas
--

SELECT pg_catalog.setval('public.admin_interface_theme_id_seq', 2, true);


--
-- Name: auth_group_id_seq; Type: SEQUENCE SET; Schema: public; Owner: thomas
--

SELECT pg_catalog.setval('public.auth_group_id_seq', 1, true);


--
-- Name: auth_group_permissions_id_seq; Type: SEQUENCE SET; Schema: public; Owner: thomas
--

SELECT pg_catalog.setval('public.auth_group_permissions_id_seq', 165, true);


--
-- Name: auth_permission_id_seq; Type: SEQUENCE SET; Schema: public; Owner: thomas
--

SELECT pg_catalog.setval('public.auth_permission_id_seq', 224, true);


--
-- Name: django_admin_log_id_seq; Type: SEQUENCE SET; Schema: public; Owner: thomas
--

SELECT pg_catalog.setval('public.django_admin_log_id_seq', 636, true);


--
-- Name: django_celery_beat_clockedschedule_id_seq; Type: SEQUENCE SET; Schema: public; Owner: thomas
--

SELECT pg_catalog.setval('public.django_celery_beat_clockedschedule_id_seq', 1, false);


--
-- Name: django_celery_beat_crontabschedule_id_seq; Type: SEQUENCE SET; Schema: public; Owner: thomas
--

SELECT pg_catalog.setval('public.django_celery_beat_crontabschedule_id_seq', 2, true);


--
-- Name: django_celery_beat_intervalschedule_id_seq; Type: SEQUENCE SET; Schema: public; Owner: thomas
--

SELECT pg_catalog.setval('public.django_celery_beat_intervalschedule_id_seq', 1, false);


--
-- Name: django_celery_beat_periodictask_id_seq; Type: SEQUENCE SET; Schema: public; Owner: thomas
--

SELECT pg_catalog.setval('public.django_celery_beat_periodictask_id_seq', 3, true);


--
-- Name: django_celery_beat_solarschedule_id_seq; Type: SEQUENCE SET; Schema: public; Owner: thomas
--

SELECT pg_catalog.setval('public.django_celery_beat_solarschedule_id_seq', 1, false);


--
-- Name: django_celery_results_chordcounter_id_seq; Type: SEQUENCE SET; Schema: public; Owner: thomas
--

SELECT pg_catalog.setval('public.django_celery_results_chordcounter_id_seq', 1, false);


--
-- Name: django_celery_results_groupresult_id_seq; Type: SEQUENCE SET; Schema: public; Owner: thomas
--

SELECT pg_catalog.setval('public.django_celery_results_groupresult_id_seq', 1, false);


--
-- Name: django_celery_results_taskresult_id_seq; Type: SEQUENCE SET; Schema: public; Owner: thomas
--

SELECT pg_catalog.setval('public.django_celery_results_taskresult_id_seq', 238, true);


--
-- Name: django_content_type_id_seq; Type: SEQUENCE SET; Schema: public; Owner: thomas
--

SELECT pg_catalog.setval('public.django_content_type_id_seq', 56, true);


--
-- Name: django_migrations_id_seq; Type: SEQUENCE SET; Schema: public; Owner: thomas
--

SELECT pg_catalog.setval('public.django_migrations_id_seq', 159, true);


--
-- Name: accounts_aboutcompany accounts_aboutcompany_mission_key; Type: CONSTRAINT; Schema: public; Owner: thomas
--

ALTER TABLE ONLY public.accounts_aboutcompany
    ADD CONSTRAINT accounts_aboutcompany_mission_key UNIQUE (mission);


--
-- Name: accounts_aboutcompany accounts_aboutcompany_phone_key; Type: CONSTRAINT; Schema: public; Owner: thomas
--

ALTER TABLE ONLY public.accounts_aboutcompany
    ADD CONSTRAINT accounts_aboutcompany_phone_key UNIQUE (phone);


--
-- Name: accounts_aboutcompany accounts_aboutcompany_pkey; Type: CONSTRAINT; Schema: public; Owner: thomas
--

ALTER TABLE ONLY public.accounts_aboutcompany
    ADD CONSTRAINT accounts_aboutcompany_pkey PRIMARY KEY (id);


--
-- Name: accounts_aboutcompany accounts_aboutcompany_slogan_key; Type: CONSTRAINT; Schema: public; Owner: thomas
--

ALTER TABLE ONLY public.accounts_aboutcompany
    ADD CONSTRAINT accounts_aboutcompany_slogan_key UNIQUE (slogan);


--
-- Name: accounts_aboutcompany accounts_aboutcompany_slug_key; Type: CONSTRAINT; Schema: public; Owner: thomas
--

ALTER TABLE ONLY public.accounts_aboutcompany
    ADD CONSTRAINT accounts_aboutcompany_slug_key UNIQUE (slug);


--
-- Name: accounts_aboutcompany accounts_aboutcompany_title_key; Type: CONSTRAINT; Schema: public; Owner: thomas
--

ALTER TABLE ONLY public.accounts_aboutcompany
    ADD CONSTRAINT accounts_aboutcompany_title_key UNIQUE (title);


--
-- Name: accounts_aboutcompany accounts_aboutcompany_vision_key; Type: CONSTRAINT; Schema: public; Owner: thomas
--

ALTER TABLE ONLY public.accounts_aboutcompany
    ADD CONSTRAINT accounts_aboutcompany_vision_key UNIQUE (vision);


--
-- Name: accounts_account_groups accounts_account_groups_account_id_group_id_f64165b0_uniq; Type: CONSTRAINT; Schema: public; Owner: thomas
--

ALTER TABLE ONLY public.accounts_account_groups
    ADD CONSTRAINT accounts_account_groups_account_id_group_id_f64165b0_uniq UNIQUE (account_id, group_id);


--
-- Name: accounts_account_groups accounts_account_groups_pkey; Type: CONSTRAINT; Schema: public; Owner: thomas
--

ALTER TABLE ONLY public.accounts_account_groups
    ADD CONSTRAINT accounts_account_groups_pkey PRIMARY KEY (id);


--
-- Name: accounts_account accounts_account_phone_key; Type: CONSTRAINT; Schema: public; Owner: thomas
--

ALTER TABLE ONLY public.accounts_account
    ADD CONSTRAINT accounts_account_phone_key UNIQUE (phone);


--
-- Name: accounts_account accounts_account_pkey; Type: CONSTRAINT; Schema: public; Owner: thomas
--

ALTER TABLE ONLY public.accounts_account
    ADD CONSTRAINT accounts_account_pkey PRIMARY KEY (id);


--
-- Name: accounts_account_user_permissions accounts_account_user_pe_account_id_permission_id_9af93c14_uniq; Type: CONSTRAINT; Schema: public; Owner: thomas
--

ALTER TABLE ONLY public.accounts_account_user_permissions
    ADD CONSTRAINT accounts_account_user_pe_account_id_permission_id_9af93c14_uniq UNIQUE (account_id, permission_id);


--
-- Name: accounts_account_user_permissions accounts_account_user_permissions_pkey; Type: CONSTRAINT; Schema: public; Owner: thomas
--

ALTER TABLE ONLY public.accounts_account_user_permissions
    ADD CONSTRAINT accounts_account_user_permissions_pkey PRIMARY KEY (id);


--
-- Name: accounts_account accounts_account_username_key; Type: CONSTRAINT; Schema: public; Owner: thomas
--

ALTER TABLE ONLY public.accounts_account
    ADD CONSTRAINT accounts_account_username_key UNIQUE (username);


--
-- Name: accounts_subscriptionorder accounts_subscriptionorder_checkout_id_key; Type: CONSTRAINT; Schema: public; Owner: thomas
--

ALTER TABLE ONLY public.accounts_subscriptionorder
    ADD CONSTRAINT accounts_subscriptionorder_checkout_id_key UNIQUE (checkout_id);


--
-- Name: accounts_subscriptionorder accounts_subscriptionorder_order_id_key; Type: CONSTRAINT; Schema: public; Owner: thomas
--

ALTER TABLE ONLY public.accounts_subscriptionorder
    ADD CONSTRAINT accounts_subscriptionorder_order_id_key UNIQUE (order_id);


--
-- Name: accounts_subscriptionorder accounts_subscriptionorder_pkey; Type: CONSTRAINT; Schema: public; Owner: thomas
--

ALTER TABLE ONLY public.accounts_subscriptionorder
    ADD CONSTRAINT accounts_subscriptionorder_pkey PRIMARY KEY (id);


--
-- Name: accounts_subscriptionorder accounts_subscriptionorder_subscriber_id_key; Type: CONSTRAINT; Schema: public; Owner: thomas
--

ALTER TABLE ONLY public.accounts_subscriptionorder
    ADD CONSTRAINT accounts_subscriptionorder_subscriber_id_key UNIQUE (subscriber_id);


--
-- Name: accounts_subscriptionpackage accounts_subscriptionpackage_pkey; Type: CONSTRAINT; Schema: public; Owner: thomas
--

ALTER TABLE ONLY public.accounts_subscriptionpackage
    ADD CONSTRAINT accounts_subscriptionpackage_pkey PRIMARY KEY (id);


--
-- Name: accounts_walletmodel accounts_walletmodel_owner_id_key; Type: CONSTRAINT; Schema: public; Owner: thomas
--

ALTER TABLE ONLY public.accounts_walletmodel
    ADD CONSTRAINT accounts_walletmodel_owner_id_key UNIQUE (owner_id);


--
-- Name: accounts_walletmodel accounts_walletmodel_pkey; Type: CONSTRAINT; Schema: public; Owner: thomas
--

ALTER TABLE ONLY public.accounts_walletmodel
    ADD CONSTRAINT accounts_walletmodel_pkey PRIMARY KEY (id);


--
-- Name: admin_interface_theme admin_interface_theme_name_30bda70f_uniq; Type: CONSTRAINT; Schema: public; Owner: thomas
--

ALTER TABLE ONLY public.admin_interface_theme
    ADD CONSTRAINT admin_interface_theme_name_30bda70f_uniq UNIQUE (name);


--
-- Name: admin_interface_theme admin_interface_theme_pkey; Type: CONSTRAINT; Schema: public; Owner: thomas
--

ALTER TABLE ONLY public.admin_interface_theme
    ADD CONSTRAINT admin_interface_theme_pkey PRIMARY KEY (id);


--
-- Name: auth_group auth_group_name_key; Type: CONSTRAINT; Schema: public; Owner: thomas
--

ALTER TABLE ONLY public.auth_group
    ADD CONSTRAINT auth_group_name_key UNIQUE (name);


--
-- Name: auth_group_permissions auth_group_permissions_group_id_permission_id_0cd325b0_uniq; Type: CONSTRAINT; Schema: public; Owner: thomas
--

ALTER TABLE ONLY public.auth_group_permissions
    ADD CONSTRAINT auth_group_permissions_group_id_permission_id_0cd325b0_uniq UNIQUE (group_id, permission_id);


--
-- Name: auth_group_permissions auth_group_permissions_pkey; Type: CONSTRAINT; Schema: public; Owner: thomas
--

ALTER TABLE ONLY public.auth_group_permissions
    ADD CONSTRAINT auth_group_permissions_pkey PRIMARY KEY (id);


--
-- Name: auth_group auth_group_pkey; Type: CONSTRAINT; Schema: public; Owner: thomas
--

ALTER TABLE ONLY public.auth_group
    ADD CONSTRAINT auth_group_pkey PRIMARY KEY (id);


--
-- Name: auth_permission auth_permission_content_type_id_codename_01ab375a_uniq; Type: CONSTRAINT; Schema: public; Owner: thomas
--

ALTER TABLE ONLY public.auth_permission
    ADD CONSTRAINT auth_permission_content_type_id_codename_01ab375a_uniq UNIQUE (content_type_id, codename);


--
-- Name: auth_permission auth_permission_pkey; Type: CONSTRAINT; Schema: public; Owner: thomas
--

ALTER TABLE ONLY public.auth_permission
    ADD CONSTRAINT auth_permission_pkey PRIMARY KEY (id);


--
-- Name: bbgi_home_accreditation bbgi_home_accreditation_pkey; Type: CONSTRAINT; Schema: public; Owner: thomas
--

ALTER TABLE ONLY public.bbgi_home_accreditation
    ADD CONSTRAINT bbgi_home_accreditation_pkey PRIMARY KEY (id);


--
-- Name: bbgi_home_blog bbgi_home_blog_pkey; Type: CONSTRAINT; Schema: public; Owner: thomas
--

ALTER TABLE ONLY public.bbgi_home_blog
    ADD CONSTRAINT bbgi_home_blog_pkey PRIMARY KEY (id);


--
-- Name: bbgi_home_blog bbgi_home_blog_slug_key; Type: CONSTRAINT; Schema: public; Owner: thomas
--

ALTER TABLE ONLY public.bbgi_home_blog
    ADD CONSTRAINT bbgi_home_blog_slug_key UNIQUE (slug);


--
-- Name: bbgi_home_blogcategory bbgi_home_blogcategory_label_key; Type: CONSTRAINT; Schema: public; Owner: thomas
--

ALTER TABLE ONLY public.bbgi_home_blogcategory
    ADD CONSTRAINT bbgi_home_blogcategory_label_key UNIQUE (label);


--
-- Name: bbgi_home_blogcategory bbgi_home_blogcategory_pkey; Type: CONSTRAINT; Schema: public; Owner: thomas
--

ALTER TABLE ONLY public.bbgi_home_blogcategory
    ADD CONSTRAINT bbgi_home_blogcategory_pkey PRIMARY KEY (id);


--
-- Name: bbgi_home_blogcategory bbgi_home_blogcategory_slug_key; Type: CONSTRAINT; Schema: public; Owner: thomas
--

ALTER TABLE ONLY public.bbgi_home_blogcategory
    ADD CONSTRAINT bbgi_home_blogcategory_slug_key UNIQUE (slug);


--
-- Name: bbgi_home_comment bbgi_home_comment_pkey; Type: CONSTRAINT; Schema: public; Owner: thomas
--

ALTER TABLE ONLY public.bbgi_home_comment
    ADD CONSTRAINT bbgi_home_comment_pkey PRIMARY KEY (id);


--
-- Name: bbgi_home_emailmodel bbgi_home_emailmodel_pkey; Type: CONSTRAINT; Schema: public; Owner: thomas
--

ALTER TABLE ONLY public.bbgi_home_emailmodel
    ADD CONSTRAINT bbgi_home_emailmodel_pkey PRIMARY KEY (id);


--
-- Name: bbgi_home_faq bbgi_home_faq_pkey; Type: CONSTRAINT; Schema: public; Owner: thomas
--

ALTER TABLE ONLY public.bbgi_home_faq
    ADD CONSTRAINT bbgi_home_faq_pkey PRIMARY KEY (id);


--
-- Name: bbgi_home_member bbgi_home_member_pkey; Type: CONSTRAINT; Schema: public; Owner: thomas
--

ALTER TABLE ONLY public.bbgi_home_member
    ADD CONSTRAINT bbgi_home_member_pkey PRIMARY KEY (id);


--
-- Name: bbgi_home_privacy bbgi_home_privacy_pkey; Type: CONSTRAINT; Schema: public; Owner: thomas
--

ALTER TABLE ONLY public.bbgi_home_privacy
    ADD CONSTRAINT bbgi_home_privacy_pkey PRIMARY KEY (id);


--
-- Name: bbgi_home_privacy bbgi_home_privacy_slug_key; Type: CONSTRAINT; Schema: public; Owner: thomas
--

ALTER TABLE ONLY public.bbgi_home_privacy
    ADD CONSTRAINT bbgi_home_privacy_slug_key UNIQUE (slug);


--
-- Name: bbgi_home_privacy bbgi_home_privacy_title_key; Type: CONSTRAINT; Schema: public; Owner: thomas
--

ALTER TABLE ONLY public.bbgi_home_privacy
    ADD CONSTRAINT bbgi_home_privacy_title_key UNIQUE (title);


--
-- Name: bbgi_home_review bbgi_home_review_pkey; Type: CONSTRAINT; Schema: public; Owner: thomas
--

ALTER TABLE ONLY public.bbgi_home_review
    ADD CONSTRAINT bbgi_home_review_pkey PRIMARY KEY (id);


--
-- Name: bbgi_home_sponsor bbgi_home_sponsor_pkey; Type: CONSTRAINT; Schema: public; Owner: thomas
--

ALTER TABLE ONLY public.bbgi_home_sponsor
    ADD CONSTRAINT bbgi_home_sponsor_pkey PRIMARY KEY (id);


--
-- Name: campaigns_campaigncontent campaigns_campaigncontent_pkey; Type: CONSTRAINT; Schema: public; Owner: thomas
--

ALTER TABLE ONLY public.campaigns_campaigncontent
    ADD CONSTRAINT campaigns_campaigncontent_pkey PRIMARY KEY (id);


--
-- Name: campaigns_campaignmodel campaigns_campaignmodel_pkey; Type: CONSTRAINT; Schema: public; Owner: thomas
--

ALTER TABLE ONLY public.campaigns_campaignmodel
    ADD CONSTRAINT campaigns_campaignmodel_pkey PRIMARY KEY (id);


--
-- Name: campaigns_campaignreview campaigns_campaignreview_pkey; Type: CONSTRAINT; Schema: public; Owner: thomas
--

ALTER TABLE ONLY public.campaigns_campaignreview
    ADD CONSTRAINT campaigns_campaignreview_pkey PRIMARY KEY (id);


--
-- Name: campaigns_campaignupdatemodel campaigns_campaignupdatemodel_pkey; Type: CONSTRAINT; Schema: public; Owner: thomas
--

ALTER TABLE ONLY public.campaigns_campaignupdatemodel
    ADD CONSTRAINT campaigns_campaignupdatemodel_pkey PRIMARY KEY (id);


--
-- Name: campaigns_contributionmodel campaigns_contributionmodel_checkout_id_key; Type: CONSTRAINT; Schema: public; Owner: thomas
--

ALTER TABLE ONLY public.campaigns_contributionmodel
    ADD CONSTRAINT campaigns_contributionmodel_checkout_id_key UNIQUE (checkout_id);


--
-- Name: campaigns_contributionmodel campaigns_contributionmodel_order_number_key; Type: CONSTRAINT; Schema: public; Owner: thomas
--

ALTER TABLE ONLY public.campaigns_contributionmodel
    ADD CONSTRAINT campaigns_contributionmodel_order_number_key UNIQUE (order_number);


--
-- Name: campaigns_contributionmodel campaigns_contributionmodel_pkey; Type: CONSTRAINT; Schema: public; Owner: thomas
--

ALTER TABLE ONLY public.campaigns_contributionmodel
    ADD CONSTRAINT campaigns_contributionmodel_pkey PRIMARY KEY (id);


--
-- Name: coupons_coupon coupons_coupon_code_key; Type: CONSTRAINT; Schema: public; Owner: thomas
--

ALTER TABLE ONLY public.coupons_coupon
    ADD CONSTRAINT coupons_coupon_code_key UNIQUE (code);


--
-- Name: coupons_coupon coupons_coupon_order_id_key; Type: CONSTRAINT; Schema: public; Owner: thomas
--

ALTER TABLE ONLY public.coupons_coupon
    ADD CONSTRAINT coupons_coupon_order_id_key UNIQUE (order_id);


--
-- Name: coupons_coupon coupons_coupon_pkey; Type: CONSTRAINT; Schema: public; Owner: thomas
--

ALTER TABLE ONLY public.coupons_coupon
    ADD CONSTRAINT coupons_coupon_pkey PRIMARY KEY (id);


--
-- Name: django_admin_log django_admin_log_pkey; Type: CONSTRAINT; Schema: public; Owner: thomas
--

ALTER TABLE ONLY public.django_admin_log
    ADD CONSTRAINT django_admin_log_pkey PRIMARY KEY (id);


--
-- Name: django_celery_beat_clockedschedule django_celery_beat_clockedschedule_pkey; Type: CONSTRAINT; Schema: public; Owner: thomas
--

ALTER TABLE ONLY public.django_celery_beat_clockedschedule
    ADD CONSTRAINT django_celery_beat_clockedschedule_pkey PRIMARY KEY (id);


--
-- Name: django_celery_beat_crontabschedule django_celery_beat_crontabschedule_pkey; Type: CONSTRAINT; Schema: public; Owner: thomas
--

ALTER TABLE ONLY public.django_celery_beat_crontabschedule
    ADD CONSTRAINT django_celery_beat_crontabschedule_pkey PRIMARY KEY (id);


--
-- Name: django_celery_beat_intervalschedule django_celery_beat_intervalschedule_pkey; Type: CONSTRAINT; Schema: public; Owner: thomas
--

ALTER TABLE ONLY public.django_celery_beat_intervalschedule
    ADD CONSTRAINT django_celery_beat_intervalschedule_pkey PRIMARY KEY (id);


--
-- Name: django_celery_beat_periodictask django_celery_beat_periodictask_name_key; Type: CONSTRAINT; Schema: public; Owner: thomas
--

ALTER TABLE ONLY public.django_celery_beat_periodictask
    ADD CONSTRAINT django_celery_beat_periodictask_name_key UNIQUE (name);


--
-- Name: django_celery_beat_periodictask django_celery_beat_periodictask_pkey; Type: CONSTRAINT; Schema: public; Owner: thomas
--

ALTER TABLE ONLY public.django_celery_beat_periodictask
    ADD CONSTRAINT django_celery_beat_periodictask_pkey PRIMARY KEY (id);


--
-- Name: django_celery_beat_periodictasks django_celery_beat_periodictasks_pkey; Type: CONSTRAINT; Schema: public; Owner: thomas
--

ALTER TABLE ONLY public.django_celery_beat_periodictasks
    ADD CONSTRAINT django_celery_beat_periodictasks_pkey PRIMARY KEY (ident);


--
-- Name: django_celery_beat_solarschedule django_celery_beat_solar_event_latitude_longitude_ba64999a_uniq; Type: CONSTRAINT; Schema: public; Owner: thomas
--

ALTER TABLE ONLY public.django_celery_beat_solarschedule
    ADD CONSTRAINT django_celery_beat_solar_event_latitude_longitude_ba64999a_uniq UNIQUE (event, latitude, longitude);


--
-- Name: django_celery_beat_solarschedule django_celery_beat_solarschedule_pkey; Type: CONSTRAINT; Schema: public; Owner: thomas
--

ALTER TABLE ONLY public.django_celery_beat_solarschedule
    ADD CONSTRAINT django_celery_beat_solarschedule_pkey PRIMARY KEY (id);


--
-- Name: django_celery_results_chordcounter django_celery_results_chordcounter_group_id_key; Type: CONSTRAINT; Schema: public; Owner: thomas
--

ALTER TABLE ONLY public.django_celery_results_chordcounter
    ADD CONSTRAINT django_celery_results_chordcounter_group_id_key UNIQUE (group_id);


--
-- Name: django_celery_results_chordcounter django_celery_results_chordcounter_pkey; Type: CONSTRAINT; Schema: public; Owner: thomas
--

ALTER TABLE ONLY public.django_celery_results_chordcounter
    ADD CONSTRAINT django_celery_results_chordcounter_pkey PRIMARY KEY (id);


--
-- Name: django_celery_results_groupresult django_celery_results_groupresult_group_id_key; Type: CONSTRAINT; Schema: public; Owner: thomas
--

ALTER TABLE ONLY public.django_celery_results_groupresult
    ADD CONSTRAINT django_celery_results_groupresult_group_id_key UNIQUE (group_id);


--
-- Name: django_celery_results_groupresult django_celery_results_groupresult_pkey; Type: CONSTRAINT; Schema: public; Owner: thomas
--

ALTER TABLE ONLY public.django_celery_results_groupresult
    ADD CONSTRAINT django_celery_results_groupresult_pkey PRIMARY KEY (id);


--
-- Name: django_celery_results_taskresult django_celery_results_taskresult_pkey; Type: CONSTRAINT; Schema: public; Owner: thomas
--

ALTER TABLE ONLY public.django_celery_results_taskresult
    ADD CONSTRAINT django_celery_results_taskresult_pkey PRIMARY KEY (id);


--
-- Name: django_celery_results_taskresult django_celery_results_taskresult_task_id_key; Type: CONSTRAINT; Schema: public; Owner: thomas
--

ALTER TABLE ONLY public.django_celery_results_taskresult
    ADD CONSTRAINT django_celery_results_taskresult_task_id_key UNIQUE (task_id);


--
-- Name: django_content_type django_content_type_app_label_model_76bd3d3b_uniq; Type: CONSTRAINT; Schema: public; Owner: thomas
--

ALTER TABLE ONLY public.django_content_type
    ADD CONSTRAINT django_content_type_app_label_model_76bd3d3b_uniq UNIQUE (app_label, model);


--
-- Name: django_content_type django_content_type_pkey; Type: CONSTRAINT; Schema: public; Owner: thomas
--

ALTER TABLE ONLY public.django_content_type
    ADD CONSTRAINT django_content_type_pkey PRIMARY KEY (id);


--
-- Name: django_migrations django_migrations_pkey; Type: CONSTRAINT; Schema: public; Owner: thomas
--

ALTER TABLE ONLY public.django_migrations
    ADD CONSTRAINT django_migrations_pkey PRIMARY KEY (id);


--
-- Name: django_session django_session_pkey; Type: CONSTRAINT; Schema: public; Owner: thomas
--

ALTER TABLE ONLY public.django_session
    ADD CONSTRAINT django_session_pkey PRIMARY KEY (session_key);


--
-- Name: events_eventcontent events_eventcontent_pkey; Type: CONSTRAINT; Schema: public; Owner: thomas
--

ALTER TABLE ONLY public.events_eventcontent
    ADD CONSTRAINT events_eventcontent_pkey PRIMARY KEY (id);


--
-- Name: events_eventmodel events_eventmodel_pkey; Type: CONSTRAINT; Schema: public; Owner: thomas
--

ALTER TABLE ONLY public.events_eventmodel
    ADD CONSTRAINT events_eventmodel_pkey PRIMARY KEY (id);


--
-- Name: events_eventmodel events_eventmodel_slug_key; Type: CONSTRAINT; Schema: public; Owner: thomas
--

ALTER TABLE ONLY public.events_eventmodel
    ADD CONSTRAINT events_eventmodel_slug_key UNIQUE (slug);


--
-- Name: events_eventorganisor events_eventorganisor_full_name_organisor_phon_85691cbc_uniq; Type: CONSTRAINT; Schema: public; Owner: thomas
--

ALTER TABLE ONLY public.events_eventorganisor
    ADD CONSTRAINT events_eventorganisor_full_name_organisor_phon_85691cbc_uniq UNIQUE (full_name, organisor_phone_one, organisor_email);


--
-- Name: events_eventorganisor events_eventorganisor_organisor_phone_one_key; Type: CONSTRAINT; Schema: public; Owner: thomas
--

ALTER TABLE ONLY public.events_eventorganisor
    ADD CONSTRAINT events_eventorganisor_organisor_phone_one_key UNIQUE (organisor_phone_one);


--
-- Name: events_eventorganisor events_eventorganisor_pkey; Type: CONSTRAINT; Schema: public; Owner: thomas
--

ALTER TABLE ONLY public.events_eventorganisor
    ADD CONSTRAINT events_eventorganisor_pkey PRIMARY KEY (id);


--
-- Name: events_eventreview events_eventreview_pkey; Type: CONSTRAINT; Schema: public; Owner: thomas
--

ALTER TABLE ONLY public.events_eventreview
    ADD CONSTRAINT events_eventreview_pkey PRIMARY KEY (id);


--
-- Name: events_eventtickettypemodel events_eventtickettypemodel_pkey; Type: CONSTRAINT; Schema: public; Owner: thomas
--

ALTER TABLE ONLY public.events_eventtickettypemodel
    ADD CONSTRAINT events_eventtickettypemodel_pkey PRIMARY KEY (id);


--
-- Name: events_ticketmodel events_ticketmodel_barcode_value_key; Type: CONSTRAINT; Schema: public; Owner: thomas
--

ALTER TABLE ONLY public.events_ticketmodel
    ADD CONSTRAINT events_ticketmodel_barcode_value_key UNIQUE (barcode_value);


--
-- Name: events_ticketmodel events_ticketmodel_pkey; Type: CONSTRAINT; Schema: public; Owner: thomas
--

ALTER TABLE ONLY public.events_ticketmodel
    ADD CONSTRAINT events_ticketmodel_pkey PRIMARY KEY (id);


--
-- Name: events_ticketordermodel events_ticketordermodel_checkout_id_key; Type: CONSTRAINT; Schema: public; Owner: thomas
--

ALTER TABLE ONLY public.events_ticketordermodel
    ADD CONSTRAINT events_ticketordermodel_checkout_id_key UNIQUE (checkout_id);


--
-- Name: events_ticketordermodel events_ticketordermodel_order_number_key; Type: CONSTRAINT; Schema: public; Owner: thomas
--

ALTER TABLE ONLY public.events_ticketordermodel
    ADD CONSTRAINT events_ticketordermodel_order_number_key UNIQUE (order_number);


--
-- Name: events_ticketordermodel events_ticketordermodel_pkey; Type: CONSTRAINT; Schema: public; Owner: thomas
--

ALTER TABLE ONLY public.events_ticketordermodel
    ADD CONSTRAINT events_ticketordermodel_pkey PRIMARY KEY (id);


--
-- Name: listings_business listings_business_pkey; Type: CONSTRAINT; Schema: public; Owner: thomas
--

ALTER TABLE ONLY public.listings_business
    ADD CONSTRAINT listings_business_pkey PRIMARY KEY (id);


--
-- Name: listings_business listings_business_title_key; Type: CONSTRAINT; Schema: public; Owner: thomas
--

ALTER TABLE ONLY public.listings_business
    ADD CONSTRAINT listings_business_title_key UNIQUE (title);


--
-- Name: listings_businesscontent listings_businesscontent_pkey; Type: CONSTRAINT; Schema: public; Owner: thomas
--

ALTER TABLE ONLY public.listings_businesscontent
    ADD CONSTRAINT listings_businesscontent_pkey PRIMARY KEY (id);


--
-- Name: listings_businesshour listings_businesshour_business_id_day_cf6ab658_uniq; Type: CONSTRAINT; Schema: public; Owner: thomas
--

ALTER TABLE ONLY public.listings_businesshour
    ADD CONSTRAINT listings_businesshour_business_id_day_cf6ab658_uniq UNIQUE (business_id, day);


--
-- Name: listings_businesshour listings_businesshour_pkey; Type: CONSTRAINT; Schema: public; Owner: thomas
--

ALTER TABLE ONLY public.listings_businesshour
    ADD CONSTRAINT listings_businesshour_pkey PRIMARY KEY (id);


--
-- Name: listings_businesslocation listings_businesslocation_phone_key; Type: CONSTRAINT; Schema: public; Owner: thomas
--

ALTER TABLE ONLY public.listings_businesslocation
    ADD CONSTRAINT listings_businesslocation_phone_key UNIQUE (phone);


--
-- Name: listings_businesslocation listings_businesslocation_pkey; Type: CONSTRAINT; Schema: public; Owner: thomas
--

ALTER TABLE ONLY public.listings_businesslocation
    ADD CONSTRAINT listings_businesslocation_pkey PRIMARY KEY (id);


--
-- Name: listings_businessreview listings_businessreview_pkey; Type: CONSTRAINT; Schema: public; Owner: thomas
--

ALTER TABLE ONLY public.listings_businessreview
    ADD CONSTRAINT listings_businessreview_pkey PRIMARY KEY (id);


--
-- Name: listings_category listings_category_label_key; Type: CONSTRAINT; Schema: public; Owner: thomas
--

ALTER TABLE ONLY public.listings_category
    ADD CONSTRAINT listings_category_label_key UNIQUE (label);


--
-- Name: listings_category listings_category_pkey; Type: CONSTRAINT; Schema: public; Owner: thomas
--

ALTER TABLE ONLY public.listings_category
    ADD CONSTRAINT listings_category_pkey PRIMARY KEY (id);


--
-- Name: listings_category listings_category_slug_key; Type: CONSTRAINT; Schema: public; Owner: thomas
--

ALTER TABLE ONLY public.listings_category
    ADD CONSTRAINT listings_category_slug_key UNIQUE (slug);


--
-- Name: listings_listingorder listings_listingorder_checkout_id_key; Type: CONSTRAINT; Schema: public; Owner: thomas
--

ALTER TABLE ONLY public.listings_listingorder
    ADD CONSTRAINT listings_listingorder_checkout_id_key UNIQUE (checkout_id);


--
-- Name: listings_listingorder listings_listingorder_listing_id_key; Type: CONSTRAINT; Schema: public; Owner: thomas
--

ALTER TABLE ONLY public.listings_listingorder
    ADD CONSTRAINT listings_listingorder_listing_id_key UNIQUE (listing_id);


--
-- Name: listings_listingorder listings_listingorder_order_id_key; Type: CONSTRAINT; Schema: public; Owner: thomas
--

ALTER TABLE ONLY public.listings_listingorder
    ADD CONSTRAINT listings_listingorder_order_id_key UNIQUE (order_id);


--
-- Name: listings_listingorder listings_listingorder_pkey; Type: CONSTRAINT; Schema: public; Owner: thomas
--

ALTER TABLE ONLY public.listings_listingorder
    ADD CONSTRAINT listings_listingorder_pkey PRIMARY KEY (id);


--
-- Name: markets_qoutation markets_qoutation_pkey; Type: CONSTRAINT; Schema: public; Owner: thomas
--

ALTER TABLE ONLY public.markets_qoutation
    ADD CONSTRAINT markets_qoutation_pkey PRIMARY KEY (id);


--
-- Name: markets_requestservice markets_requestservice_pkey; Type: CONSTRAINT; Schema: public; Owner: thomas
--

ALTER TABLE ONLY public.markets_requestservice
    ADD CONSTRAINT markets_requestservice_pkey PRIMARY KEY (id);


--
-- Name: markets_service markets_service_pkey; Type: CONSTRAINT; Schema: public; Owner: thomas
--

ALTER TABLE ONLY public.markets_service
    ADD CONSTRAINT markets_service_pkey PRIMARY KEY (id);


--
-- Name: markets_service markets_service_title_key; Type: CONSTRAINT; Schema: public; Owner: thomas
--

ALTER TABLE ONLY public.markets_service
    ADD CONSTRAINT markets_service_title_key UNIQUE (title);


--
-- Name: payments_bbgibankmodel payments_bbgibankmodel_pkey; Type: CONSTRAINT; Schema: public; Owner: thomas
--

ALTER TABLE ONLY public.payments_bbgibankmodel
    ADD CONSTRAINT payments_bbgibankmodel_pkey PRIMARY KEY (id);


--
-- Name: payments_paymentinformation payments_paymentinformation_pkey; Type: CONSTRAINT; Schema: public; Owner: thomas
--

ALTER TABLE ONLY public.payments_paymentinformation
    ADD CONSTRAINT payments_paymentinformation_pkey PRIMARY KEY (id);


--
-- Name: accounts_aboutcompany_mission_5502a598_like; Type: INDEX; Schema: public; Owner: thomas
--

CREATE INDEX accounts_aboutcompany_mission_5502a598_like ON public.accounts_aboutcompany USING btree (mission text_pattern_ops);


--
-- Name: accounts_aboutcompany_phone_2cc805a6_like; Type: INDEX; Schema: public; Owner: thomas
--

CREATE INDEX accounts_aboutcompany_phone_2cc805a6_like ON public.accounts_aboutcompany USING btree (phone varchar_pattern_ops);


--
-- Name: accounts_aboutcompany_slogan_23f82644_like; Type: INDEX; Schema: public; Owner: thomas
--

CREATE INDEX accounts_aboutcompany_slogan_23f82644_like ON public.accounts_aboutcompany USING btree (slogan varchar_pattern_ops);


--
-- Name: accounts_aboutcompany_slug_22e8e8f9_like; Type: INDEX; Schema: public; Owner: thomas
--

CREATE INDEX accounts_aboutcompany_slug_22e8e8f9_like ON public.accounts_aboutcompany USING btree (slug varchar_pattern_ops);


--
-- Name: accounts_aboutcompany_title_4f55d8c4_like; Type: INDEX; Schema: public; Owner: thomas
--

CREATE INDEX accounts_aboutcompany_title_4f55d8c4_like ON public.accounts_aboutcompany USING btree (title varchar_pattern_ops);


--
-- Name: accounts_aboutcompany_vision_679cc525_like; Type: INDEX; Schema: public; Owner: thomas
--

CREATE INDEX accounts_aboutcompany_vision_679cc525_like ON public.accounts_aboutcompany USING btree (vision text_pattern_ops);


--
-- Name: accounts_account_groups_account_id_52f14852; Type: INDEX; Schema: public; Owner: thomas
--

CREATE INDEX accounts_account_groups_account_id_52f14852 ON public.accounts_account_groups USING btree (account_id);


--
-- Name: accounts_account_groups_group_id_7c6a6bd1; Type: INDEX; Schema: public; Owner: thomas
--

CREATE INDEX accounts_account_groups_group_id_7c6a6bd1 ON public.accounts_account_groups USING btree (group_id);


--
-- Name: accounts_account_phone_8ea3ea59_like; Type: INDEX; Schema: public; Owner: thomas
--

CREATE INDEX accounts_account_phone_8ea3ea59_like ON public.accounts_account USING btree (phone varchar_pattern_ops);


--
-- Name: accounts_account_subscription_id_516a32de; Type: INDEX; Schema: public; Owner: thomas
--

CREATE INDEX accounts_account_subscription_id_516a32de ON public.accounts_account USING btree (subscription_id);


--
-- Name: accounts_account_user_permissions_account_id_816f9bde; Type: INDEX; Schema: public; Owner: thomas
--

CREATE INDEX accounts_account_user_permissions_account_id_816f9bde ON public.accounts_account_user_permissions USING btree (account_id);


--
-- Name: accounts_account_user_permissions_permission_id_24620205; Type: INDEX; Schema: public; Owner: thomas
--

CREATE INDEX accounts_account_user_permissions_permission_id_24620205 ON public.accounts_account_user_permissions USING btree (permission_id);


--
-- Name: accounts_account_username_b5f69a28_like; Type: INDEX; Schema: public; Owner: thomas
--

CREATE INDEX accounts_account_username_b5f69a28_like ON public.accounts_account USING btree (username varchar_pattern_ops);


--
-- Name: accounts_subscriptionorder_checkout_id_9000d718_like; Type: INDEX; Schema: public; Owner: thomas
--

CREATE INDEX accounts_subscriptionorder_checkout_id_9000d718_like ON public.accounts_subscriptionorder USING btree (checkout_id varchar_pattern_ops);


--
-- Name: accounts_subscriptionorder_order_id_2ccec8f2_like; Type: INDEX; Schema: public; Owner: thomas
--

CREATE INDEX accounts_subscriptionorder_order_id_2ccec8f2_like ON public.accounts_subscriptionorder USING btree (order_id varchar_pattern_ops);


--
-- Name: accounts_subscriptionorder_package_id_1dfd3d33; Type: INDEX; Schema: public; Owner: thomas
--

CREATE INDEX accounts_subscriptionorder_package_id_1dfd3d33 ON public.accounts_subscriptionorder USING btree (package_id);


--
-- Name: admin_interface_theme_name_30bda70f_like; Type: INDEX; Schema: public; Owner: thomas
--

CREATE INDEX admin_interface_theme_name_30bda70f_like ON public.admin_interface_theme USING btree (name varchar_pattern_ops);


--
-- Name: auth_group_name_a6ea08ec_like; Type: INDEX; Schema: public; Owner: thomas
--

CREATE INDEX auth_group_name_a6ea08ec_like ON public.auth_group USING btree (name varchar_pattern_ops);


--
-- Name: auth_group_permissions_group_id_b120cbf9; Type: INDEX; Schema: public; Owner: thomas
--

CREATE INDEX auth_group_permissions_group_id_b120cbf9 ON public.auth_group_permissions USING btree (group_id);


--
-- Name: auth_group_permissions_permission_id_84c5c92e; Type: INDEX; Schema: public; Owner: thomas
--

CREATE INDEX auth_group_permissions_permission_id_84c5c92e ON public.auth_group_permissions USING btree (permission_id);


--
-- Name: auth_permission_content_type_id_2f476e4b; Type: INDEX; Schema: public; Owner: thomas
--

CREATE INDEX auth_permission_content_type_id_2f476e4b ON public.auth_permission USING btree (content_type_id);


--
-- Name: bbgi_home_blog_author_id_96b8a492; Type: INDEX; Schema: public; Owner: thomas
--

CREATE INDEX bbgi_home_blog_author_id_96b8a492 ON public.bbgi_home_blog USING btree (author_id);


--
-- Name: bbgi_home_blog_category_id_980c1710; Type: INDEX; Schema: public; Owner: thomas
--

CREATE INDEX bbgi_home_blog_category_id_980c1710 ON public.bbgi_home_blog USING btree (category_id);


--
-- Name: bbgi_home_blog_slug_ad36c5a3_like; Type: INDEX; Schema: public; Owner: thomas
--

CREATE INDEX bbgi_home_blog_slug_ad36c5a3_like ON public.bbgi_home_blog USING btree (slug varchar_pattern_ops);


--
-- Name: bbgi_home_blogcategory_label_c4b17d0b_like; Type: INDEX; Schema: public; Owner: thomas
--

CREATE INDEX bbgi_home_blogcategory_label_c4b17d0b_like ON public.bbgi_home_blogcategory USING btree (label varchar_pattern_ops);


--
-- Name: bbgi_home_blogcategory_slug_10d5827a_like; Type: INDEX; Schema: public; Owner: thomas
--

CREATE INDEX bbgi_home_blogcategory_slug_10d5827a_like ON public.bbgi_home_blogcategory USING btree (slug varchar_pattern_ops);


--
-- Name: bbgi_home_comment_commenter_id_f7341754; Type: INDEX; Schema: public; Owner: thomas
--

CREATE INDEX bbgi_home_comment_commenter_id_f7341754 ON public.bbgi_home_comment USING btree (commenter_id);


--
-- Name: bbgi_home_comment_post_id_a8b5772f; Type: INDEX; Schema: public; Owner: thomas
--

CREATE INDEX bbgi_home_comment_post_id_a8b5772f ON public.bbgi_home_comment USING btree (post_id);


--
-- Name: bbgi_home_member_slug_c1c80cf2; Type: INDEX; Schema: public; Owner: thomas
--

CREATE INDEX bbgi_home_member_slug_c1c80cf2 ON public.bbgi_home_member USING btree (slug);


--
-- Name: bbgi_home_member_slug_c1c80cf2_like; Type: INDEX; Schema: public; Owner: thomas
--

CREATE INDEX bbgi_home_member_slug_c1c80cf2_like ON public.bbgi_home_member USING btree (slug varchar_pattern_ops);


--
-- Name: bbgi_home_privacy_slug_a31e5345_like; Type: INDEX; Schema: public; Owner: thomas
--

CREATE INDEX bbgi_home_privacy_slug_a31e5345_like ON public.bbgi_home_privacy USING btree (slug varchar_pattern_ops);


--
-- Name: bbgi_home_privacy_title_5713ff0f_like; Type: INDEX; Schema: public; Owner: thomas
--

CREATE INDEX bbgi_home_privacy_title_5713ff0f_like ON public.bbgi_home_privacy USING btree (title varchar_pattern_ops);


--
-- Name: campaigns_campaigncontent_campaign_id_adeaff1a; Type: INDEX; Schema: public; Owner: thomas
--

CREATE INDEX campaigns_campaigncontent_campaign_id_adeaff1a ON public.campaigns_campaigncontent USING btree (campaign_id);


--
-- Name: campaigns_campaignmodel_category_id_baf23147; Type: INDEX; Schema: public; Owner: thomas
--

CREATE INDEX campaigns_campaignmodel_category_id_baf23147 ON public.campaigns_campaignmodel USING btree (category_id);


--
-- Name: campaigns_campaignmodel_organiser_id_d1de5185; Type: INDEX; Schema: public; Owner: thomas
--

CREATE INDEX campaigns_campaignmodel_organiser_id_d1de5185 ON public.campaigns_campaignmodel USING btree (organiser_id);


--
-- Name: campaigns_campaignmodel_slug_3f613376; Type: INDEX; Schema: public; Owner: thomas
--

CREATE INDEX campaigns_campaignmodel_slug_3f613376 ON public.campaigns_campaignmodel USING btree (slug);


--
-- Name: campaigns_campaignmodel_slug_3f613376_like; Type: INDEX; Schema: public; Owner: thomas
--

CREATE INDEX campaigns_campaignmodel_slug_3f613376_like ON public.campaigns_campaignmodel USING btree (slug varchar_pattern_ops);


--
-- Name: campaigns_campaignreview_campaign_id_c5fc2999; Type: INDEX; Schema: public; Owner: thomas
--

CREATE INDEX campaigns_campaignreview_campaign_id_c5fc2999 ON public.campaigns_campaignreview USING btree (campaign_id);


--
-- Name: campaigns_campaignreview_commenter_id_0dcc1dfc; Type: INDEX; Schema: public; Owner: thomas
--

CREATE INDEX campaigns_campaignreview_commenter_id_0dcc1dfc ON public.campaigns_campaignreview USING btree (commenter_id);


--
-- Name: campaigns_campaignupdatemodel_campaign_id_a8d2bbfa; Type: INDEX; Schema: public; Owner: thomas
--

CREATE INDEX campaigns_campaignupdatemodel_campaign_id_a8d2bbfa ON public.campaigns_campaignupdatemodel USING btree (campaign_id);


--
-- Name: campaigns_contributionmodel_campaign_id_6e31260e; Type: INDEX; Schema: public; Owner: thomas
--

CREATE INDEX campaigns_contributionmodel_campaign_id_6e31260e ON public.campaigns_contributionmodel USING btree (campaign_id);


--
-- Name: campaigns_contributionmodel_checkout_id_6a994fc5_like; Type: INDEX; Schema: public; Owner: thomas
--

CREATE INDEX campaigns_contributionmodel_checkout_id_6a994fc5_like ON public.campaigns_contributionmodel USING btree (checkout_id varchar_pattern_ops);


--
-- Name: campaigns_contributionmodel_contributor_id_2a83fa96; Type: INDEX; Schema: public; Owner: thomas
--

CREATE INDEX campaigns_contributionmodel_contributor_id_2a83fa96 ON public.campaigns_contributionmodel USING btree (contributor_id);


--
-- Name: campaigns_contributionmodel_order_number_98adaf9d_like; Type: INDEX; Schema: public; Owner: thomas
--

CREATE INDEX campaigns_contributionmodel_order_number_98adaf9d_like ON public.campaigns_contributionmodel USING btree (order_number varchar_pattern_ops);


--
-- Name: coupons_coupon_campaign_id_5d074e29; Type: INDEX; Schema: public; Owner: thomas
--

CREATE INDEX coupons_coupon_campaign_id_5d074e29 ON public.coupons_coupon USING btree (campaign_id);


--
-- Name: coupons_coupon_code_40174643_like; Type: INDEX; Schema: public; Owner: thomas
--

CREATE INDEX coupons_coupon_code_40174643_like ON public.coupons_coupon USING btree (code varchar_pattern_ops);


--
-- Name: coupons_coupon_event_id_60c6416f; Type: INDEX; Schema: public; Owner: thomas
--

CREATE INDEX coupons_coupon_event_id_60c6416f ON public.coupons_coupon USING btree (event_id);


--
-- Name: django_admin_log_content_type_id_c4bce8eb; Type: INDEX; Schema: public; Owner: thomas
--

CREATE INDEX django_admin_log_content_type_id_c4bce8eb ON public.django_admin_log USING btree (content_type_id);


--
-- Name: django_admin_log_user_id_c564eba6; Type: INDEX; Schema: public; Owner: thomas
--

CREATE INDEX django_admin_log_user_id_c564eba6 ON public.django_admin_log USING btree (user_id);


--
-- Name: django_cele_date_cr_bd6c1d_idx; Type: INDEX; Schema: public; Owner: thomas
--

CREATE INDEX django_cele_date_cr_bd6c1d_idx ON public.django_celery_results_groupresult USING btree (date_created);


--
-- Name: django_cele_date_cr_f04a50_idx; Type: INDEX; Schema: public; Owner: thomas
--

CREATE INDEX django_cele_date_cr_f04a50_idx ON public.django_celery_results_taskresult USING btree (date_created);


--
-- Name: django_cele_date_do_caae0e_idx; Type: INDEX; Schema: public; Owner: thomas
--

CREATE INDEX django_cele_date_do_caae0e_idx ON public.django_celery_results_groupresult USING btree (date_done);


--
-- Name: django_cele_date_do_f59aad_idx; Type: INDEX; Schema: public; Owner: thomas
--

CREATE INDEX django_cele_date_do_f59aad_idx ON public.django_celery_results_taskresult USING btree (date_done);


--
-- Name: django_cele_status_9b6201_idx; Type: INDEX; Schema: public; Owner: thomas
--

CREATE INDEX django_cele_status_9b6201_idx ON public.django_celery_results_taskresult USING btree (status);


--
-- Name: django_cele_task_na_08aec9_idx; Type: INDEX; Schema: public; Owner: thomas
--

CREATE INDEX django_cele_task_na_08aec9_idx ON public.django_celery_results_taskresult USING btree (task_name);


--
-- Name: django_cele_worker_d54dd8_idx; Type: INDEX; Schema: public; Owner: thomas
--

CREATE INDEX django_cele_worker_d54dd8_idx ON public.django_celery_results_taskresult USING btree (worker);


--
-- Name: django_celery_beat_periodictask_clocked_id_47a69f82; Type: INDEX; Schema: public; Owner: thomas
--

CREATE INDEX django_celery_beat_periodictask_clocked_id_47a69f82 ON public.django_celery_beat_periodictask USING btree (clocked_id);


--
-- Name: django_celery_beat_periodictask_crontab_id_d3cba168; Type: INDEX; Schema: public; Owner: thomas
--

CREATE INDEX django_celery_beat_periodictask_crontab_id_d3cba168 ON public.django_celery_beat_periodictask USING btree (crontab_id);


--
-- Name: django_celery_beat_periodictask_interval_id_a8ca27da; Type: INDEX; Schema: public; Owner: thomas
--

CREATE INDEX django_celery_beat_periodictask_interval_id_a8ca27da ON public.django_celery_beat_periodictask USING btree (interval_id);


--
-- Name: django_celery_beat_periodictask_name_265a36b7_like; Type: INDEX; Schema: public; Owner: thomas
--

CREATE INDEX django_celery_beat_periodictask_name_265a36b7_like ON public.django_celery_beat_periodictask USING btree (name varchar_pattern_ops);


--
-- Name: django_celery_beat_periodictask_solar_id_a87ce72c; Type: INDEX; Schema: public; Owner: thomas
--

CREATE INDEX django_celery_beat_periodictask_solar_id_a87ce72c ON public.django_celery_beat_periodictask USING btree (solar_id);


--
-- Name: django_celery_results_chordcounter_group_id_1f70858c_like; Type: INDEX; Schema: public; Owner: thomas
--

CREATE INDEX django_celery_results_chordcounter_group_id_1f70858c_like ON public.django_celery_results_chordcounter USING btree (group_id varchar_pattern_ops);


--
-- Name: django_celery_results_groupresult_group_id_a085f1a9_like; Type: INDEX; Schema: public; Owner: thomas
--

CREATE INDEX django_celery_results_groupresult_group_id_a085f1a9_like ON public.django_celery_results_groupresult USING btree (group_id varchar_pattern_ops);


--
-- Name: django_celery_results_taskresult_task_id_de0d95bf_like; Type: INDEX; Schema: public; Owner: thomas
--

CREATE INDEX django_celery_results_taskresult_task_id_de0d95bf_like ON public.django_celery_results_taskresult USING btree (task_id varchar_pattern_ops);


--
-- Name: django_session_expire_date_a5c62663; Type: INDEX; Schema: public; Owner: thomas
--

CREATE INDEX django_session_expire_date_a5c62663 ON public.django_session USING btree (expire_date);


--
-- Name: django_session_session_key_c0390e0f_like; Type: INDEX; Schema: public; Owner: thomas
--

CREATE INDEX django_session_session_key_c0390e0f_like ON public.django_session USING btree (session_key varchar_pattern_ops);


--
-- Name: events_eventcontent_event_id_b537d55c; Type: INDEX; Schema: public; Owner: thomas
--

CREATE INDEX events_eventcontent_event_id_b537d55c ON public.events_eventcontent USING btree (event_id);


--
-- Name: events_eventmodel_category_id_8443e0a8; Type: INDEX; Schema: public; Owner: thomas
--

CREATE INDEX events_eventmodel_category_id_8443e0a8 ON public.events_eventmodel USING btree (category_id);


--
-- Name: events_eventmodel_organiser_id_6e3fa590; Type: INDEX; Schema: public; Owner: thomas
--

CREATE INDEX events_eventmodel_organiser_id_6e3fa590 ON public.events_eventmodel USING btree (organiser_id);


--
-- Name: events_eventmodel_slug_f5dc0f22_like; Type: INDEX; Schema: public; Owner: thomas
--

CREATE INDEX events_eventmodel_slug_f5dc0f22_like ON public.events_eventmodel USING btree (slug varchar_pattern_ops);


--
-- Name: events_eventorganisor_event_id_29ba6a12; Type: INDEX; Schema: public; Owner: thomas
--

CREATE INDEX events_eventorganisor_event_id_29ba6a12 ON public.events_eventorganisor USING btree (event_id);


--
-- Name: events_eventorganisor_organisor_phone_one_4728b406_like; Type: INDEX; Schema: public; Owner: thomas
--

CREATE INDEX events_eventorganisor_organisor_phone_one_4728b406_like ON public.events_eventorganisor USING btree (organisor_phone_one varchar_pattern_ops);


--
-- Name: events_eventreview_commenter_id_e089ab6c; Type: INDEX; Schema: public; Owner: thomas
--

CREATE INDEX events_eventreview_commenter_id_e089ab6c ON public.events_eventreview USING btree (commenter_id);


--
-- Name: events_eventreview_event_id_4fddf426; Type: INDEX; Schema: public; Owner: thomas
--

CREATE INDEX events_eventreview_event_id_4fddf426 ON public.events_eventreview USING btree (event_id);


--
-- Name: events_eventtickettypemodel_event_id_7ff28bd7; Type: INDEX; Schema: public; Owner: thomas
--

CREATE INDEX events_eventtickettypemodel_event_id_7ff28bd7 ON public.events_eventtickettypemodel USING btree (event_id);


--
-- Name: events_ticketmodel_barcode_value_29baa4cd_like; Type: INDEX; Schema: public; Owner: thomas
--

CREATE INDEX events_ticketmodel_barcode_value_29baa4cd_like ON public.events_ticketmodel USING btree (barcode_value varchar_pattern_ops);


--
-- Name: events_ticketmodel_ticket_order_id_2b55109a; Type: INDEX; Schema: public; Owner: thomas
--

CREATE INDEX events_ticketmodel_ticket_order_id_2b55109a ON public.events_ticketmodel USING btree (ticket_order_id);


--
-- Name: events_ticketmodel_ticket_type_id_a9fd9c33; Type: INDEX; Schema: public; Owner: thomas
--

CREATE INDEX events_ticketmodel_ticket_type_id_a9fd9c33 ON public.events_ticketmodel USING btree (ticket_type_id);


--
-- Name: events_ticketordermodel_buyer_id_6740a34f; Type: INDEX; Schema: public; Owner: thomas
--

CREATE INDEX events_ticketordermodel_buyer_id_6740a34f ON public.events_ticketordermodel USING btree (buyer_id);


--
-- Name: events_ticketordermodel_checkout_id_581cb6ba_like; Type: INDEX; Schema: public; Owner: thomas
--

CREATE INDEX events_ticketordermodel_checkout_id_581cb6ba_like ON public.events_ticketordermodel USING btree (checkout_id varchar_pattern_ops);


--
-- Name: events_ticketordermodel_event_id_3bf4a961; Type: INDEX; Schema: public; Owner: thomas
--

CREATE INDEX events_ticketordermodel_event_id_3bf4a961 ON public.events_ticketordermodel USING btree (event_id);


--
-- Name: events_ticketordermodel_order_number_c5a806f5_like; Type: INDEX; Schema: public; Owner: thomas
--

CREATE INDEX events_ticketordermodel_order_number_c5a806f5_like ON public.events_ticketordermodel USING btree (order_number varchar_pattern_ops);


--
-- Name: listings_business_category_id_7061f8bc; Type: INDEX; Schema: public; Owner: thomas
--

CREATE INDEX listings_business_category_id_7061f8bc ON public.listings_business USING btree (category_id);


--
-- Name: listings_business_owner_id_675f2bb7; Type: INDEX; Schema: public; Owner: thomas
--

CREATE INDEX listings_business_owner_id_675f2bb7 ON public.listings_business USING btree (owner_id);


--
-- Name: listings_business_slug_223b7264; Type: INDEX; Schema: public; Owner: thomas
--

CREATE INDEX listings_business_slug_223b7264 ON public.listings_business USING btree (slug);


--
-- Name: listings_business_slug_223b7264_like; Type: INDEX; Schema: public; Owner: thomas
--

CREATE INDEX listings_business_slug_223b7264_like ON public.listings_business USING btree (slug varchar_pattern_ops);


--
-- Name: listings_business_title_55ff2e57_like; Type: INDEX; Schema: public; Owner: thomas
--

CREATE INDEX listings_business_title_55ff2e57_like ON public.listings_business USING btree (title varchar_pattern_ops);


--
-- Name: listings_businesscontent_business_id_04753b36; Type: INDEX; Schema: public; Owner: thomas
--

CREATE INDEX listings_businesscontent_business_id_04753b36 ON public.listings_businesscontent USING btree (business_id);


--
-- Name: listings_businesshour_business_id_fb50aea1; Type: INDEX; Schema: public; Owner: thomas
--

CREATE INDEX listings_businesshour_business_id_fb50aea1 ON public.listings_businesshour USING btree (business_id);


--
-- Name: listings_businesslocation_business_id_1d40cda3; Type: INDEX; Schema: public; Owner: thomas
--

CREATE INDEX listings_businesslocation_business_id_1d40cda3 ON public.listings_businesslocation USING btree (business_id);


--
-- Name: listings_businesslocation_phone_598be7ed_like; Type: INDEX; Schema: public; Owner: thomas
--

CREATE INDEX listings_businesslocation_phone_598be7ed_like ON public.listings_businesslocation USING btree (phone varchar_pattern_ops);


--
-- Name: listings_businessreview_business_id_e93e6965; Type: INDEX; Schema: public; Owner: thomas
--

CREATE INDEX listings_businessreview_business_id_e93e6965 ON public.listings_businessreview USING btree (business_id);


--
-- Name: listings_businessreview_commenter_id_142bb20d; Type: INDEX; Schema: public; Owner: thomas
--

CREATE INDEX listings_businessreview_commenter_id_142bb20d ON public.listings_businessreview USING btree (commenter_id);


--
-- Name: listings_category_label_593ca761_like; Type: INDEX; Schema: public; Owner: thomas
--

CREATE INDEX listings_category_label_593ca761_like ON public.listings_category USING btree (label varchar_pattern_ops);


--
-- Name: listings_category_slug_2977b272_like; Type: INDEX; Schema: public; Owner: thomas
--

CREATE INDEX listings_category_slug_2977b272_like ON public.listings_category USING btree (slug varchar_pattern_ops);


--
-- Name: listings_listingorder_checkout_id_7cedcc05_like; Type: INDEX; Schema: public; Owner: thomas
--

CREATE INDEX listings_listingorder_checkout_id_7cedcc05_like ON public.listings_listingorder USING btree (checkout_id varchar_pattern_ops);


--
-- Name: listings_listingorder_order_id_3e83e8d2_like; Type: INDEX; Schema: public; Owner: thomas
--

CREATE INDEX listings_listingorder_order_id_3e83e8d2_like ON public.listings_listingorder USING btree (order_id varchar_pattern_ops);


--
-- Name: listings_listingorder_subscriber_id_1ff276a3; Type: INDEX; Schema: public; Owner: thomas
--

CREATE INDEX listings_listingorder_subscriber_id_1ff276a3 ON public.listings_listingorder USING btree (subscriber_id);


--
-- Name: markets_qoutation_client_id_583f2bdc; Type: INDEX; Schema: public; Owner: thomas
--

CREATE INDEX markets_qoutation_client_id_583f2bdc ON public.markets_qoutation USING btree (client_id);


--
-- Name: markets_qoutation_service_id_3a6ecff7; Type: INDEX; Schema: public; Owner: thomas
--

CREATE INDEX markets_qoutation_service_id_3a6ecff7 ON public.markets_qoutation USING btree (service_id);


--
-- Name: markets_service_business_id_f11d4ac2; Type: INDEX; Schema: public; Owner: thomas
--

CREATE INDEX markets_service_business_id_f11d4ac2 ON public.markets_service USING btree (business_id);


--
-- Name: markets_service_slug_0006f8fc; Type: INDEX; Schema: public; Owner: thomas
--

CREATE INDEX markets_service_slug_0006f8fc ON public.markets_service USING btree (slug);


--
-- Name: markets_service_slug_0006f8fc_like; Type: INDEX; Schema: public; Owner: thomas
--

CREATE INDEX markets_service_slug_0006f8fc_like ON public.markets_service USING btree (slug varchar_pattern_ops);


--
-- Name: markets_service_title_64a6e990_like; Type: INDEX; Schema: public; Owner: thomas
--

CREATE INDEX markets_service_title_64a6e990_like ON public.markets_service USING btree (title varchar_pattern_ops);


--
-- Name: payments_paymentinformation_id_8e882a80_like; Type: INDEX; Schema: public; Owner: thomas
--

CREATE INDEX payments_paymentinformation_id_8e882a80_like ON public.payments_paymentinformation USING btree (id varchar_pattern_ops);


--
-- Name: accounts_account_groups accounts_account_gro_account_id_52f14852_fk_accounts_; Type: FK CONSTRAINT; Schema: public; Owner: thomas
--

ALTER TABLE ONLY public.accounts_account_groups
    ADD CONSTRAINT accounts_account_gro_account_id_52f14852_fk_accounts_ FOREIGN KEY (account_id) REFERENCES public.accounts_account(id) DEFERRABLE INITIALLY DEFERRED;


--
-- Name: accounts_account_groups accounts_account_groups_group_id_7c6a6bd1_fk_auth_group_id; Type: FK CONSTRAINT; Schema: public; Owner: thomas
--

ALTER TABLE ONLY public.accounts_account_groups
    ADD CONSTRAINT accounts_account_groups_group_id_7c6a6bd1_fk_auth_group_id FOREIGN KEY (group_id) REFERENCES public.auth_group(id) DEFERRABLE INITIALLY DEFERRED;


--
-- Name: accounts_account accounts_account_subscription_id_516a32de_fk_accounts_; Type: FK CONSTRAINT; Schema: public; Owner: thomas
--

ALTER TABLE ONLY public.accounts_account
    ADD CONSTRAINT accounts_account_subscription_id_516a32de_fk_accounts_ FOREIGN KEY (subscription_id) REFERENCES public.accounts_subscriptionpackage(id) DEFERRABLE INITIALLY DEFERRED;


--
-- Name: accounts_account_user_permissions accounts_account_use_account_id_816f9bde_fk_accounts_; Type: FK CONSTRAINT; Schema: public; Owner: thomas
--

ALTER TABLE ONLY public.accounts_account_user_permissions
    ADD CONSTRAINT accounts_account_use_account_id_816f9bde_fk_accounts_ FOREIGN KEY (account_id) REFERENCES public.accounts_account(id) DEFERRABLE INITIALLY DEFERRED;


--
-- Name: accounts_account_user_permissions accounts_account_use_permission_id_24620205_fk_auth_perm; Type: FK CONSTRAINT; Schema: public; Owner: thomas
--

ALTER TABLE ONLY public.accounts_account_user_permissions
    ADD CONSTRAINT accounts_account_use_permission_id_24620205_fk_auth_perm FOREIGN KEY (permission_id) REFERENCES public.auth_permission(id) DEFERRABLE INITIALLY DEFERRED;


--
-- Name: accounts_subscriptionorder accounts_subscriptio_package_id_1dfd3d33_fk_accounts_; Type: FK CONSTRAINT; Schema: public; Owner: thomas
--

ALTER TABLE ONLY public.accounts_subscriptionorder
    ADD CONSTRAINT accounts_subscriptio_package_id_1dfd3d33_fk_accounts_ FOREIGN KEY (package_id) REFERENCES public.accounts_subscriptionpackage(id) DEFERRABLE INITIALLY DEFERRED;


--
-- Name: accounts_subscriptionorder accounts_subscriptio_subscriber_id_1ffaffe5_fk_accounts_; Type: FK CONSTRAINT; Schema: public; Owner: thomas
--

ALTER TABLE ONLY public.accounts_subscriptionorder
    ADD CONSTRAINT accounts_subscriptio_subscriber_id_1ffaffe5_fk_accounts_ FOREIGN KEY (subscriber_id) REFERENCES public.accounts_account(id) DEFERRABLE INITIALLY DEFERRED;


--
-- Name: accounts_walletmodel accounts_walletmodel_owner_id_71d85e10_fk_accounts_account_id; Type: FK CONSTRAINT; Schema: public; Owner: thomas
--

ALTER TABLE ONLY public.accounts_walletmodel
    ADD CONSTRAINT accounts_walletmodel_owner_id_71d85e10_fk_accounts_account_id FOREIGN KEY (owner_id) REFERENCES public.accounts_account(id) DEFERRABLE INITIALLY DEFERRED;


--
-- Name: auth_group_permissions auth_group_permissio_permission_id_84c5c92e_fk_auth_perm; Type: FK CONSTRAINT; Schema: public; Owner: thomas
--

ALTER TABLE ONLY public.auth_group_permissions
    ADD CONSTRAINT auth_group_permissio_permission_id_84c5c92e_fk_auth_perm FOREIGN KEY (permission_id) REFERENCES public.auth_permission(id) DEFERRABLE INITIALLY DEFERRED;


--
-- Name: auth_group_permissions auth_group_permissions_group_id_b120cbf9_fk_auth_group_id; Type: FK CONSTRAINT; Schema: public; Owner: thomas
--

ALTER TABLE ONLY public.auth_group_permissions
    ADD CONSTRAINT auth_group_permissions_group_id_b120cbf9_fk_auth_group_id FOREIGN KEY (group_id) REFERENCES public.auth_group(id) DEFERRABLE INITIALLY DEFERRED;


--
-- Name: auth_permission auth_permission_content_type_id_2f476e4b_fk_django_co; Type: FK CONSTRAINT; Schema: public; Owner: thomas
--

ALTER TABLE ONLY public.auth_permission
    ADD CONSTRAINT auth_permission_content_type_id_2f476e4b_fk_django_co FOREIGN KEY (content_type_id) REFERENCES public.django_content_type(id) DEFERRABLE INITIALLY DEFERRED;


--
-- Name: bbgi_home_blog bbgi_home_blog_author_id_96b8a492_fk_accounts_account_id; Type: FK CONSTRAINT; Schema: public; Owner: thomas
--

ALTER TABLE ONLY public.bbgi_home_blog
    ADD CONSTRAINT bbgi_home_blog_author_id_96b8a492_fk_accounts_account_id FOREIGN KEY (author_id) REFERENCES public.accounts_account(id) DEFERRABLE INITIALLY DEFERRED;


--
-- Name: bbgi_home_blog bbgi_home_blog_category_id_980c1710_fk_bbgi_home; Type: FK CONSTRAINT; Schema: public; Owner: thomas
--

ALTER TABLE ONLY public.bbgi_home_blog
    ADD CONSTRAINT bbgi_home_blog_category_id_980c1710_fk_bbgi_home FOREIGN KEY (category_id) REFERENCES public.bbgi_home_blogcategory(id) DEFERRABLE INITIALLY DEFERRED;


--
-- Name: bbgi_home_comment bbgi_home_comment_commenter_id_f7341754_fk_accounts_account_id; Type: FK CONSTRAINT; Schema: public; Owner: thomas
--

ALTER TABLE ONLY public.bbgi_home_comment
    ADD CONSTRAINT bbgi_home_comment_commenter_id_f7341754_fk_accounts_account_id FOREIGN KEY (commenter_id) REFERENCES public.accounts_account(id) DEFERRABLE INITIALLY DEFERRED;


--
-- Name: bbgi_home_comment bbgi_home_comment_post_id_a8b5772f_fk_bbgi_home_blog_id; Type: FK CONSTRAINT; Schema: public; Owner: thomas
--

ALTER TABLE ONLY public.bbgi_home_comment
    ADD CONSTRAINT bbgi_home_comment_post_id_a8b5772f_fk_bbgi_home_blog_id FOREIGN KEY (post_id) REFERENCES public.bbgi_home_blog(id) DEFERRABLE INITIALLY DEFERRED;


--
-- Name: campaigns_campaigncontent campaigns_campaignco_campaign_id_adeaff1a_fk_campaigns; Type: FK CONSTRAINT; Schema: public; Owner: thomas
--

ALTER TABLE ONLY public.campaigns_campaigncontent
    ADD CONSTRAINT campaigns_campaignco_campaign_id_adeaff1a_fk_campaigns FOREIGN KEY (campaign_id) REFERENCES public.campaigns_campaignmodel(id) DEFERRABLE INITIALLY DEFERRED;


--
-- Name: campaigns_campaignmodel campaigns_campaignmo_category_id_baf23147_fk_bbgi_home; Type: FK CONSTRAINT; Schema: public; Owner: thomas
--

ALTER TABLE ONLY public.campaigns_campaignmodel
    ADD CONSTRAINT campaigns_campaignmo_category_id_baf23147_fk_bbgi_home FOREIGN KEY (category_id) REFERENCES public.bbgi_home_blogcategory(id) DEFERRABLE INITIALLY DEFERRED;


--
-- Name: campaigns_campaignmodel campaigns_campaignmo_organiser_id_d1de5185_fk_accounts_; Type: FK CONSTRAINT; Schema: public; Owner: thomas
--

ALTER TABLE ONLY public.campaigns_campaignmodel
    ADD CONSTRAINT campaigns_campaignmo_organiser_id_d1de5185_fk_accounts_ FOREIGN KEY (organiser_id) REFERENCES public.accounts_account(id) DEFERRABLE INITIALLY DEFERRED;


--
-- Name: campaigns_campaignreview campaigns_campaignre_campaign_id_c5fc2999_fk_campaigns; Type: FK CONSTRAINT; Schema: public; Owner: thomas
--

ALTER TABLE ONLY public.campaigns_campaignreview
    ADD CONSTRAINT campaigns_campaignre_campaign_id_c5fc2999_fk_campaigns FOREIGN KEY (campaign_id) REFERENCES public.campaigns_campaignmodel(id) DEFERRABLE INITIALLY DEFERRED;


--
-- Name: campaigns_campaignreview campaigns_campaignre_commenter_id_0dcc1dfc_fk_accounts_; Type: FK CONSTRAINT; Schema: public; Owner: thomas
--

ALTER TABLE ONLY public.campaigns_campaignreview
    ADD CONSTRAINT campaigns_campaignre_commenter_id_0dcc1dfc_fk_accounts_ FOREIGN KEY (commenter_id) REFERENCES public.accounts_account(id) DEFERRABLE INITIALLY DEFERRED;


--
-- Name: campaigns_campaignupdatemodel campaigns_campaignup_campaign_id_a8d2bbfa_fk_campaigns; Type: FK CONSTRAINT; Schema: public; Owner: thomas
--

ALTER TABLE ONLY public.campaigns_campaignupdatemodel
    ADD CONSTRAINT campaigns_campaignup_campaign_id_a8d2bbfa_fk_campaigns FOREIGN KEY (campaign_id) REFERENCES public.campaigns_campaignmodel(id) DEFERRABLE INITIALLY DEFERRED;


--
-- Name: campaigns_contributionmodel campaigns_contributi_campaign_id_6e31260e_fk_campaigns; Type: FK CONSTRAINT; Schema: public; Owner: thomas
--

ALTER TABLE ONLY public.campaigns_contributionmodel
    ADD CONSTRAINT campaigns_contributi_campaign_id_6e31260e_fk_campaigns FOREIGN KEY (campaign_id) REFERENCES public.campaigns_campaignmodel(id) DEFERRABLE INITIALLY DEFERRED;


--
-- Name: campaigns_contributionmodel campaigns_contributi_contributor_id_2a83fa96_fk_accounts_; Type: FK CONSTRAINT; Schema: public; Owner: thomas
--

ALTER TABLE ONLY public.campaigns_contributionmodel
    ADD CONSTRAINT campaigns_contributi_contributor_id_2a83fa96_fk_accounts_ FOREIGN KEY (contributor_id) REFERENCES public.accounts_account(id) DEFERRABLE INITIALLY DEFERRED;


--
-- Name: coupons_coupon coupons_coupon_campaign_id_5d074e29_fk_campaigns; Type: FK CONSTRAINT; Schema: public; Owner: thomas
--

ALTER TABLE ONLY public.coupons_coupon
    ADD CONSTRAINT coupons_coupon_campaign_id_5d074e29_fk_campaigns FOREIGN KEY (campaign_id) REFERENCES public.campaigns_campaignmodel(id) DEFERRABLE INITIALLY DEFERRED;


--
-- Name: coupons_coupon coupons_coupon_event_id_60c6416f_fk_events_eventmodel_id; Type: FK CONSTRAINT; Schema: public; Owner: thomas
--

ALTER TABLE ONLY public.coupons_coupon
    ADD CONSTRAINT coupons_coupon_event_id_60c6416f_fk_events_eventmodel_id FOREIGN KEY (event_id) REFERENCES public.events_eventmodel(id) DEFERRABLE INITIALLY DEFERRED;


--
-- Name: django_admin_log django_admin_log_content_type_id_c4bce8eb_fk_django_co; Type: FK CONSTRAINT; Schema: public; Owner: thomas
--

ALTER TABLE ONLY public.django_admin_log
    ADD CONSTRAINT django_admin_log_content_type_id_c4bce8eb_fk_django_co FOREIGN KEY (content_type_id) REFERENCES public.django_content_type(id) DEFERRABLE INITIALLY DEFERRED;


--
-- Name: django_admin_log django_admin_log_user_id_c564eba6_fk_accounts_account_id; Type: FK CONSTRAINT; Schema: public; Owner: thomas
--

ALTER TABLE ONLY public.django_admin_log
    ADD CONSTRAINT django_admin_log_user_id_c564eba6_fk_accounts_account_id FOREIGN KEY (user_id) REFERENCES public.accounts_account(id) DEFERRABLE INITIALLY DEFERRED;


--
-- Name: django_celery_beat_periodictask django_celery_beat_p_clocked_id_47a69f82_fk_django_ce; Type: FK CONSTRAINT; Schema: public; Owner: thomas
--

ALTER TABLE ONLY public.django_celery_beat_periodictask
    ADD CONSTRAINT django_celery_beat_p_clocked_id_47a69f82_fk_django_ce FOREIGN KEY (clocked_id) REFERENCES public.django_celery_beat_clockedschedule(id) DEFERRABLE INITIALLY DEFERRED;


--
-- Name: django_celery_beat_periodictask django_celery_beat_p_crontab_id_d3cba168_fk_django_ce; Type: FK CONSTRAINT; Schema: public; Owner: thomas
--

ALTER TABLE ONLY public.django_celery_beat_periodictask
    ADD CONSTRAINT django_celery_beat_p_crontab_id_d3cba168_fk_django_ce FOREIGN KEY (crontab_id) REFERENCES public.django_celery_beat_crontabschedule(id) DEFERRABLE INITIALLY DEFERRED;


--
-- Name: django_celery_beat_periodictask django_celery_beat_p_interval_id_a8ca27da_fk_django_ce; Type: FK CONSTRAINT; Schema: public; Owner: thomas
--

ALTER TABLE ONLY public.django_celery_beat_periodictask
    ADD CONSTRAINT django_celery_beat_p_interval_id_a8ca27da_fk_django_ce FOREIGN KEY (interval_id) REFERENCES public.django_celery_beat_intervalschedule(id) DEFERRABLE INITIALLY DEFERRED;


--
-- Name: django_celery_beat_periodictask django_celery_beat_p_solar_id_a87ce72c_fk_django_ce; Type: FK CONSTRAINT; Schema: public; Owner: thomas
--

ALTER TABLE ONLY public.django_celery_beat_periodictask
    ADD CONSTRAINT django_celery_beat_p_solar_id_a87ce72c_fk_django_ce FOREIGN KEY (solar_id) REFERENCES public.django_celery_beat_solarschedule(id) DEFERRABLE INITIALLY DEFERRED;


--
-- Name: events_eventcontent events_eventcontent_event_id_b537d55c_fk_events_eventmodel_id; Type: FK CONSTRAINT; Schema: public; Owner: thomas
--

ALTER TABLE ONLY public.events_eventcontent
    ADD CONSTRAINT events_eventcontent_event_id_b537d55c_fk_events_eventmodel_id FOREIGN KEY (event_id) REFERENCES public.events_eventmodel(id) DEFERRABLE INITIALLY DEFERRED;


--
-- Name: events_eventmodel events_eventmodel_category_id_8443e0a8_fk_bbgi_home; Type: FK CONSTRAINT; Schema: public; Owner: thomas
--

ALTER TABLE ONLY public.events_eventmodel
    ADD CONSTRAINT events_eventmodel_category_id_8443e0a8_fk_bbgi_home FOREIGN KEY (category_id) REFERENCES public.bbgi_home_blogcategory(id) DEFERRABLE INITIALLY DEFERRED;


--
-- Name: events_eventmodel events_eventmodel_organiser_id_6e3fa590_fk_accounts_account_id; Type: FK CONSTRAINT; Schema: public; Owner: thomas
--

ALTER TABLE ONLY public.events_eventmodel
    ADD CONSTRAINT events_eventmodel_organiser_id_6e3fa590_fk_accounts_account_id FOREIGN KEY (organiser_id) REFERENCES public.accounts_account(id) DEFERRABLE INITIALLY DEFERRED;


--
-- Name: events_eventorganisor events_eventorganisor_event_id_29ba6a12_fk_events_eventmodel_id; Type: FK CONSTRAINT; Schema: public; Owner: thomas
--

ALTER TABLE ONLY public.events_eventorganisor
    ADD CONSTRAINT events_eventorganisor_event_id_29ba6a12_fk_events_eventmodel_id FOREIGN KEY (event_id) REFERENCES public.events_eventmodel(id) DEFERRABLE INITIALLY DEFERRED;


--
-- Name: events_eventreview events_eventreview_commenter_id_e089ab6c_fk_accounts_account_id; Type: FK CONSTRAINT; Schema: public; Owner: thomas
--

ALTER TABLE ONLY public.events_eventreview
    ADD CONSTRAINT events_eventreview_commenter_id_e089ab6c_fk_accounts_account_id FOREIGN KEY (commenter_id) REFERENCES public.accounts_account(id) DEFERRABLE INITIALLY DEFERRED;


--
-- Name: events_eventreview events_eventreview_event_id_4fddf426_fk_events_eventmodel_id; Type: FK CONSTRAINT; Schema: public; Owner: thomas
--

ALTER TABLE ONLY public.events_eventreview
    ADD CONSTRAINT events_eventreview_event_id_4fddf426_fk_events_eventmodel_id FOREIGN KEY (event_id) REFERENCES public.events_eventmodel(id) DEFERRABLE INITIALLY DEFERRED;


--
-- Name: events_eventtickettypemodel events_eventticketty_event_id_7ff28bd7_fk_events_ev; Type: FK CONSTRAINT; Schema: public; Owner: thomas
--

ALTER TABLE ONLY public.events_eventtickettypemodel
    ADD CONSTRAINT events_eventticketty_event_id_7ff28bd7_fk_events_ev FOREIGN KEY (event_id) REFERENCES public.events_eventmodel(id) DEFERRABLE INITIALLY DEFERRED;


--
-- Name: events_ticketmodel events_ticketmodel_ticket_order_id_2b55109a_fk_events_ti; Type: FK CONSTRAINT; Schema: public; Owner: thomas
--

ALTER TABLE ONLY public.events_ticketmodel
    ADD CONSTRAINT events_ticketmodel_ticket_order_id_2b55109a_fk_events_ti FOREIGN KEY (ticket_order_id) REFERENCES public.events_ticketordermodel(id) DEFERRABLE INITIALLY DEFERRED;


--
-- Name: events_ticketmodel events_ticketmodel_ticket_type_id_a9fd9c33_fk_events_ev; Type: FK CONSTRAINT; Schema: public; Owner: thomas
--

ALTER TABLE ONLY public.events_ticketmodel
    ADD CONSTRAINT events_ticketmodel_ticket_type_id_a9fd9c33_fk_events_ev FOREIGN KEY (ticket_type_id) REFERENCES public.events_eventtickettypemodel(id) DEFERRABLE INITIALLY DEFERRED;


--
-- Name: events_ticketordermodel events_ticketordermo_buyer_id_6740a34f_fk_accounts_; Type: FK CONSTRAINT; Schema: public; Owner: thomas
--

ALTER TABLE ONLY public.events_ticketordermodel
    ADD CONSTRAINT events_ticketordermo_buyer_id_6740a34f_fk_accounts_ FOREIGN KEY (buyer_id) REFERENCES public.accounts_account(id) DEFERRABLE INITIALLY DEFERRED;


--
-- Name: events_ticketordermodel events_ticketordermo_event_id_3bf4a961_fk_events_ev; Type: FK CONSTRAINT; Schema: public; Owner: thomas
--

ALTER TABLE ONLY public.events_ticketordermodel
    ADD CONSTRAINT events_ticketordermo_event_id_3bf4a961_fk_events_ev FOREIGN KEY (event_id) REFERENCES public.events_eventmodel(id) DEFERRABLE INITIALLY DEFERRED;


--
-- Name: listings_business listings_business_category_id_7061f8bc_fk_listings_category_id; Type: FK CONSTRAINT; Schema: public; Owner: thomas
--

ALTER TABLE ONLY public.listings_business
    ADD CONSTRAINT listings_business_category_id_7061f8bc_fk_listings_category_id FOREIGN KEY (category_id) REFERENCES public.listings_category(id) DEFERRABLE INITIALLY DEFERRED;


--
-- Name: listings_business listings_business_owner_id_675f2bb7_fk_accounts_account_id; Type: FK CONSTRAINT; Schema: public; Owner: thomas
--

ALTER TABLE ONLY public.listings_business
    ADD CONSTRAINT listings_business_owner_id_675f2bb7_fk_accounts_account_id FOREIGN KEY (owner_id) REFERENCES public.accounts_account(id) DEFERRABLE INITIALLY DEFERRED;


--
-- Name: listings_businesscontent listings_businesscon_business_id_04753b36_fk_listings_; Type: FK CONSTRAINT; Schema: public; Owner: thomas
--

ALTER TABLE ONLY public.listings_businesscontent
    ADD CONSTRAINT listings_businesscon_business_id_04753b36_fk_listings_ FOREIGN KEY (business_id) REFERENCES public.listings_business(id) DEFERRABLE INITIALLY DEFERRED;


--
-- Name: listings_businesshour listings_businesshou_business_id_fb50aea1_fk_listings_; Type: FK CONSTRAINT; Schema: public; Owner: thomas
--

ALTER TABLE ONLY public.listings_businesshour
    ADD CONSTRAINT listings_businesshou_business_id_fb50aea1_fk_listings_ FOREIGN KEY (business_id) REFERENCES public.listings_business(id) DEFERRABLE INITIALLY DEFERRED;


--
-- Name: listings_businesslocation listings_businessloc_business_id_1d40cda3_fk_listings_; Type: FK CONSTRAINT; Schema: public; Owner: thomas
--

ALTER TABLE ONLY public.listings_businesslocation
    ADD CONSTRAINT listings_businessloc_business_id_1d40cda3_fk_listings_ FOREIGN KEY (business_id) REFERENCES public.listings_business(id) DEFERRABLE INITIALLY DEFERRED;


--
-- Name: listings_businessreview listings_businessrev_business_id_e93e6965_fk_listings_; Type: FK CONSTRAINT; Schema: public; Owner: thomas
--

ALTER TABLE ONLY public.listings_businessreview
    ADD CONSTRAINT listings_businessrev_business_id_e93e6965_fk_listings_ FOREIGN KEY (business_id) REFERENCES public.listings_business(id) DEFERRABLE INITIALLY DEFERRED;


--
-- Name: listings_businessreview listings_businessrev_commenter_id_142bb20d_fk_accounts_; Type: FK CONSTRAINT; Schema: public; Owner: thomas
--

ALTER TABLE ONLY public.listings_businessreview
    ADD CONSTRAINT listings_businessrev_commenter_id_142bb20d_fk_accounts_ FOREIGN KEY (commenter_id) REFERENCES public.accounts_account(id) DEFERRABLE INITIALLY DEFERRED;


--
-- Name: listings_listingorder listings_listingorde_listing_id_3db384e6_fk_listings_; Type: FK CONSTRAINT; Schema: public; Owner: thomas
--

ALTER TABLE ONLY public.listings_listingorder
    ADD CONSTRAINT listings_listingorde_listing_id_3db384e6_fk_listings_ FOREIGN KEY (listing_id) REFERENCES public.listings_business(id) DEFERRABLE INITIALLY DEFERRED;


--
-- Name: listings_listingorder listings_listingorde_subscriber_id_1ff276a3_fk_accounts_; Type: FK CONSTRAINT; Schema: public; Owner: thomas
--

ALTER TABLE ONLY public.listings_listingorder
    ADD CONSTRAINT listings_listingorde_subscriber_id_1ff276a3_fk_accounts_ FOREIGN KEY (subscriber_id) REFERENCES public.accounts_account(id) DEFERRABLE INITIALLY DEFERRED;


--
-- Name: markets_qoutation markets_qoutation_client_id_583f2bdc_fk_accounts_account_id; Type: FK CONSTRAINT; Schema: public; Owner: thomas
--

ALTER TABLE ONLY public.markets_qoutation
    ADD CONSTRAINT markets_qoutation_client_id_583f2bdc_fk_accounts_account_id FOREIGN KEY (client_id) REFERENCES public.accounts_account(id) DEFERRABLE INITIALLY DEFERRED;


--
-- Name: markets_qoutation markets_qoutation_service_id_3a6ecff7_fk_markets_service_id; Type: FK CONSTRAINT; Schema: public; Owner: thomas
--

ALTER TABLE ONLY public.markets_qoutation
    ADD CONSTRAINT markets_qoutation_service_id_3a6ecff7_fk_markets_service_id FOREIGN KEY (service_id) REFERENCES public.markets_service(id) DEFERRABLE INITIALLY DEFERRED;


--
-- Name: markets_service markets_service_business_id_f11d4ac2_fk_listings_business_id; Type: FK CONSTRAINT; Schema: public; Owner: thomas
--

ALTER TABLE ONLY public.markets_service
    ADD CONSTRAINT markets_service_business_id_f11d4ac2_fk_listings_business_id FOREIGN KEY (business_id) REFERENCES public.listings_business(id) DEFERRABLE INITIALLY DEFERRED;


--
-- PostgreSQL database dump complete
--

\unrestrict hEMMseieFzOXMCetVo7FaieIHHCTwQ5kIX8XJOggWYKc6GGhHZroRxeeH70eAyU

